hash,date,amount,bucket
09cd8df,2025-09-22,26.35,city
09cd8df,2025-09-26,52.4,city
09cd8df,2025-09-30,52.4,city
09cd8df,2025-10-15,26.35,city
09cd8df,2025-10-16,52.4,city
09cd8df,2025-10-22,26.35,city
09cd8df,2025-10-22,26.35,city
09cd8df,2025-10-28,26.35,city
09cd8df,2025-10-30,52.4,city
09cd8df,2025-11-01,26.35,city
09cd8df,2025-11-03,52.4,city
09cd8df,2025-11-10,52.4,city
09cd8df,2025-11-22,26.35,city
09cd8df,2025-11-29,52.4,city
09cd8df,2025-11-29,52.4,city
09cd8df,2025-12-05,10.73,city
09cd8df,2025-12-16,20.0,city
09cd8df,2025-12-16,26.35,city
09cd8df,2025-12-22,26.35,city
09cd8df,2025-12-29,52.4,city
09cd8df,2026-01-04,260.73,city
09cd8df,2026-02-28,52.4,city
09cd8df,2026-03-29,52.4,city
09cd8df,2026-04-05,10.73,city
09cd8df,2026-04-16,20.0,city
09cd8df,2026-04-22,26.35,city
09cd8df,2026-04-29,52.4,city
09cd8df,2026-05-05,10.73,city
09cd8df,2026-05-16,20.0,city
09cd8df,2026-05-22,26.35,city
09cd8df,2026-05-29,52.4,city
09cd8df,2026-06-05,10.73,city
09cd8df,2026-06-16,20.0,city
09cd8df,2026-06-22,26.35,city
09cd8df,2026-06-29,52.4,city
0aa0fac,2025-11-19,100.0,city
0ac40d5,2025-08-18,50.0,city
0ac40d5,2025-08-26,250.0,city
0ac40d5,2025-08-27,250.0,city
0ac40d5,2025-09-04,200.0,ucb
0ac40d5,2025-09-05,150.0,city
0ac40d5,2025-09-05,500.0,city
0ac40d5,2025-09-05,100.0,city
0ac40d5,2025-09-07,500.0,ucb
0ac40d5,2025-09-18,50.0,city
0ac40d5,2025-10-07,1750.0,city
0ac40d5,2025-10-18,50.0,city
0ac40d5,2025-10-22,2000.0,city
0ac40d5,2025-10-29,100.0,city
0ac40d5,2025-11-08,100.0,city
0ac40d5,2025-11-18,50.0,city
0ac40d5,2025-12-08,100.0,city
0ac40d5,2025-12-18,50.0,city
0ac40d5,2025-12-31,200.0,ucb
0ac40d5,2026-01-08,100.0,city
0ac40d5,2026-01-18,50.0,city
0ac40d5,2026-02-08,100.0,city
0ac40d5,2026-02-18,50.0,city
0ac40d5,2026-03-03,75.0,city
0ac40d5,2026-03-08,100.0,city
0ac40d5,2026-03-25,500.0,city
0ac40d5,2026-04-02,1000.0,city
0ac40d5,2026-04-04,99.99,city
0ac40d5,2026-04-08,100.0,city
0ac40d5,2026-04-15,250.0,city
0ac40d5,2026-04-19,500.0,city
0ac40d5,2026-05-04,20.0,city
0ac40d5,2026-05-05,100.0,city
0ac40d5,2026-05-08,100.0,city
0ac40d5,2026-05-10,500.0,ucb
0ac40d5,2026-06-04,20.0,city
0ac40d5,2026-06-08,100.0,city
0b5d4c4,2026-03-11,300.0,ucb
0b5d4c4,2026-03-13,100.0,city
0d034ae,2025-09-25,35.0,city
0d034ae,2025-12-31,800.0,city
104dae0,2025-12-31,250.0,city
187e813,2026-04-21,100.0,city
1a9eade,2026-01-12,50.0,city
1a9eade,2026-01-13,50.0,city
1a9eade,2026-01-16,50.0,city
1a9eade,2026-02-02,100.0,city
1a9eade,2026-02-16,100.0,city
1a9eade,2026-02-28,100.0,city
25a4a4b,2025-11-20,100.0,city
25a4a4b,2025-11-21,100.0,city
25a4a4b,2025-12-08,400.0,city
25a4a4b,2026-02-15,100.0,city
25a4a4b,2026-02-20,100.0,city
25a4a4b,2026-02-27,50.0,city
25a4a4b,2026-04-17,250.0,city
27e94dc,2026-05-20,52.4,city
291f56a,2026-01-20,500.0,ucb
291f56a,2026-01-21,250.0,city
291f56a,2026-01-21,100.0,ucb
291f56a,2026-01-21,100.0,ucb
291f56a,2026-01-30,100.0,ucb
291f56a,2026-02-08,100.0,city
291f56a,2026-03-05,100.0,city
291f56a,2026-03-05,101.0,city
2c467a8,2026-02-24,52.05,city
2c467a8,2026-03-24,52.05,city
2c467a8,2026-04-24,52.05,city
2c467a8,2026-05-24,52.05,city
2c467a8,2026-06-24,52.05,city
35dc28f,2025-08-10,50.0,both
35dc28f,2025-08-11,5.0,city
35dc28f,2025-08-11,10.0,city
35dc28f,2025-08-14,50.0,city
35dc28f,2025-08-17,50.0,city
35dc28f,2025-08-19,50.0,city
35dc28f,2025-08-21,10.0,city
35dc28f,2025-08-25,10.0,city
35dc28f,2025-08-26,5.0,city
35dc28f,2025-08-28,25.0,city
35dc28f,2025-09-02,50.0,city
35dc28f,2025-09-03,27.0,city
35dc28f,2025-09-06,15.0,city
35dc28f,2025-09-09,50.0,city
35dc28f,2025-09-09,2500.0,city
35dc28f,2025-09-10,50.0,both
35dc28f,2025-09-10,50.0,city
35dc28f,2025-09-10,1000.0,city
35dc28f,2025-09-11,5.0,city
35dc28f,2025-09-15,250.0,city
35dc28f,2025-09-18,50.0,city
35dc28f,2025-09-24,25.0,city
35dc28f,2025-09-25,10.0,city
35dc28f,2025-09-26,50.0,city
35dc28f,2025-09-26,5.0,city
35dc28f,2025-09-26,1000.0,city
35dc28f,2025-09-26,25.0,city
35dc28f,2025-09-27,10.0,city
35dc28f,2025-09-29,100.0,city
35dc28f,2025-09-30,50.0,city
35dc28f,2025-10-01,250.0,city
35dc28f,2025-10-01,25.0,city
35dc28f,2025-10-07,50.0,city
35dc28f,2025-10-09,12.5,ucb
35dc28f,2025-10-10,50.0,both
35dc28f,2025-10-11,5.0,city
35dc28f,2025-10-22,50.0,city
35dc28f,2025-10-22,100.0,city
35dc28f,2025-10-22,500.0,city
35dc28f,2025-10-24,5000.0,city
35dc28f,2025-10-24,5.0,city
35dc28f,2025-10-24,12.5,city
35dc28f,2025-10-24,250.0,city
35dc28f,2025-10-25,10.0,city
35dc28f,2025-10-25,25.0,city
35dc28f,2025-10-26,5.0,city
35dc28f,2025-10-28,10.0,city
35dc28f,2025-11-10,50.0,both
35dc28f,2025-11-10,50.0,city
35dc28f,2025-11-11,5.0,city
35dc28f,2025-11-24,5.0,city
35dc28f,2025-11-25,10.0,city
35dc28f,2025-11-26,5.0,city
35dc28f,2025-11-28,10.0,city
35dc28f,2025-11-29,25.0,ucb
35dc28f,2025-11-30,400.0,city
35dc28f,2025-12-03,2000.0,city
35dc28f,2025-12-10,50.0,city
35dc28f,2025-12-11,5.0,city
35dc28f,2025-12-12,50.0,city
35dc28f,2025-12-17,50.0,city
35dc28f,2025-12-18,50.0,city
35dc28f,2025-12-25,10.0,city
35dc28f,2025-12-26,5.0,city
35dc28f,2025-12-28,10.0,city
35dc28f,2025-12-30,50.0,city
35dc28f,2026-01-07,9800.0,city
35dc28f,2026-01-09,50.0,city
35dc28f,2026-01-09,100.0,city
35dc28f,2026-01-09,5.0,city
35dc28f,2026-01-10,50.0,both
35dc28f,2026-01-16,25.0,city
35dc28f,2026-01-20,50.0,city
35dc28f,2026-01-20,25.0,city
35dc28f,2026-01-20,100.0,city
35dc28f,2026-01-23,50.0,city
35dc28f,2026-01-31,25.0,city
35dc28f,2026-02-10,50.0,both
35dc28f,2026-02-16,25.0,city
35dc28f,2026-02-18,25.0,city
35dc28f,2026-02-26,50.0,city
35dc28f,2026-02-28,100.0,city
35dc28f,2026-03-04,50.0,city
35dc28f,2026-03-04,100.0,city
35dc28f,2026-03-05,25.0,city
35dc28f,2026-03-10,50.0,both
35dc28f,2026-03-10,50.0,city
35dc28f,2026-03-10,100.0,city
35dc28f,2026-03-11,50.0,city
35dc28f,2026-03-16,25.0,city
35dc28f,2026-03-20,50.0,city
35dc28f,2026-03-25,50.0,city
35dc28f,2026-03-27,25.0,city
35dc28f,2026-03-28,25.0,city
35dc28f,2026-03-30,50.0,city
35dc28f,2026-04-01,50.0,city
35dc28f,2026-04-01,10.0,city
35dc28f,2026-04-01,100.0,city
35dc28f,2026-04-01,50.0,city
35dc28f,2026-04-01,50.0,city
35dc28f,2026-04-10,50.0,both
35dc28f,2026-04-10,1500.0,city
35dc28f,2026-04-15,100.0,city
35dc28f,2026-04-16,25.0,city
35dc28f,2026-04-22,50.0,city
35dc28f,2026-04-22,25.0,city
35dc28f,2026-04-25,10.0,city
35dc28f,2026-04-27,5.0,city
35dc28f,2026-04-30,25.0,city
35dc28f,2026-05-04,25.0,city
35dc28f,2026-05-04,50.0,city
35dc28f,2026-05-04,25.0,city
35dc28f,2026-05-04,25.0,city
35dc28f,2026-05-10,50.0,both
35dc28f,2026-05-14,100.0,city
35dc28f,2026-05-14,500.0,city
35dc28f,2026-05-14,100.0,city
35dc28f,2026-05-16,25.0,city
35dc28f,2026-05-22,25.0,city
35dc28f,2026-05-25,10.0,city
35dc28f,2026-05-30,9800.0,city
35dc28f,2026-05-30,9800.0,city
35dc28f,2026-06-03,15.0,city
35dc28f,2026-06-10,50.0,both
35dc28f,2026-06-11,25.0,city
35dc28f,2026-06-13,100.0,city
35dc28f,2026-06-15,100.0,city
35dc28f,2026-06-16,50.0,city
35dc28f,2026-06-16,25.0,city
35dc28f,2026-06-25,10.0,city
35dc28f,2026-06-30,50.0,city
3ede5ce,2025-12-27,250.0,city
4205c08,2025-08-27,25.0,city
4205c08,2025-09-14,1000.0,city
4205c08,2025-09-22,1000.0,city
4205c08,2025-09-22,100.0,city
4205c08,2025-09-27,25.0,city
4205c08,2025-10-01,100.0,city
4205c08,2025-10-20,2500.0,city
4205c08,2025-10-27,25.0,city
4205c08,2025-11-05,500.0,city
4205c08,2025-11-06,1000.0,city
4205c08,2025-11-19,10.0,ucb
4205c08,2025-11-20,500.0,city
4205c08,2025-11-20,100.0,city
4205c08,2025-11-27,25.0,city
4205c08,2025-11-30,250.0,city
4205c08,2025-12-05,500.0,city
4205c08,2025-12-12,100.0,city
4205c08,2025-12-12,1000.0,city
4205c08,2025-12-17,500.0,city
4205c08,2025-12-17,250.0,ucb
4205c08,2025-12-18,250.0,city
4205c08,2025-12-22,108.0,city
4205c08,2025-12-22,100.0,city
4205c08,2025-12-22,1000.0,city
4205c08,2025-12-23,10.0,ucb
4205c08,2025-12-26,25.0,city
4205c08,2025-12-29,1000.0,city
4205c08,2025-12-30,100.0,city
4205c08,2025-12-31,100.0,city
4205c08,2026-01-19,10.0,ucb
4205c08,2026-01-27,500.0,city
4205c08,2026-01-27,25.0,city
4205c08,2026-02-05,250.0,city
4205c08,2026-02-13,500.0,city
4205c08,2026-02-19,10.0,ucb
4205c08,2026-02-25,100.0,city
4205c08,2026-02-27,25.0,city
4205c08,2026-03-06,100.0,city
4205c08,2026-03-06,100.0,city
4205c08,2026-03-12,500.0,city
4205c08,2026-03-19,10.0,ucb
4205c08,2026-03-24,2500.0,city
4205c08,2026-03-25,250.0,city
4205c08,2026-03-25,250.0,city
4205c08,2026-03-27,25.0,city
4205c08,2026-03-31,500.0,city
4205c08,2026-03-31,150.0,city
4205c08,2026-04-02,1000.0,city
4205c08,2026-04-06,250.0,ucb
4205c08,2026-04-07,250.0,city
4205c08,2026-04-09,500.0,city
4205c08,2026-04-11,500.0,city
4205c08,2026-04-12,150.0,city
4205c08,2026-04-13,100.0,city
4205c08,2026-04-13,500.0,city
4205c08,2026-04-19,10.0,ucb
4205c08,2026-04-20,100.0,city
4205c08,2026-04-21,5000.0,city
4205c08,2026-04-22,550.0,city
4205c08,2026-04-23,1000.0,city
4205c08,2026-04-27,25.0,city
4205c08,2026-04-30,100.0,city
4205c08,2026-05-02,250.0,city
4205c08,2026-05-08,1000.0,city
4205c08,2026-05-13,500.0,city
4205c08,2026-05-14,100.0,city
4205c08,2026-05-16,450.0,city
4205c08,2026-05-16,100.0,city
4205c08,2026-05-16,500.0,city
4205c08,2026-05-19,100.0,city
4205c08,2026-05-19,10.0,ucb
4205c08,2026-05-23,250.0,city
4205c08,2026-05-27,100.0,city
4205c08,2026-05-27,25.0,city
4205c08,2026-05-29,100.0,city
4205c08,2026-05-29,100.0,city
438a5f1,2025-12-01,50.0,city
438a5f1,2025-12-09,100.0,city
438a5f1,2025-12-20,52.23,ucb
438a5f1,2025-12-29,100.0,city
438a5f1,2026-02-18,100.0,city
492ddae,2026-05-18,100.0,city
4b733b4,2026-03-10,100.0,city
4c52345,2025-12-22,250.0,city
4c52345,2026-01-23,100.0,city
4c52345,2026-01-30,100.0,ucb
4c52345,2026-02-05,500.0,city
4c52345,2026-02-05,100.0,city
4c52345,2026-02-12,250.0,city
4c52345,2026-03-05,100.0,city
4c52345,2026-03-08,100.0,city
4c52345,2026-03-18,200.0,city
4c52345,2026-04-11,100.0,city
4c52345,2026-04-13,100.0,city
4c52345,2026-04-23,50.0,both
4c52345,2026-04-25,100.0,city
4c52345,2026-04-29,200.0,city
4c52345,2026-04-30,25.0,city
4c52345,2026-05-08,50.0,city
4c52345,2026-05-08,100.0,city
4c52345,2026-05-13,100.0,city
4c52345,2026-05-15,100.0,city
4c52345,2026-05-16,1000.0,city
4c52345,2026-05-17,35.0,city
4c52345,2026-05-23,100.0,city
4c52345,2026-05-23,100.0,ucb
4c52345,2026-05-28,25.0,city
4c52345,2026-05-28,200.0,city
4c52345,2026-05-28,100.0,city
4c52345,2026-05-29,100.0,city
4c52345,2026-05-29,1000.0,city
4c52345,2026-06-08,50.0,city
4c52345,2026-06-24,100.0,city
4c52345,2026-06-30,50.0,city
4df69a7,2025-10-31,200.0,city
4df69a7,2025-11-05,2500.0,city
4df69a7,2026-03-24,200.0,city
4df69a7,2026-03-24,150.0,city
4df69a7,2026-05-08,100.0,city
5251f65,2025-09-19,100.0,ucb
56c4a82,2026-04-15,500.0,city
5743aac,2025-11-25,100.0,city
5743aac,2025-12-15,100.0,city
5743aac,2026-03-09,100.0,city
5743aac,2026-05-18,50.0,city
57d835a,2025-11-20,1000.0,city
58d6000,2025-08-28,1000.0,city
58d6000,2025-10-07,180.0,city
58d6000,2025-10-30,100.0,city
58d6000,2026-01-09,1000.0,city
58d6000,2026-02-20,250.0,ucb
58d6000,2026-04-07,500.0,city
58d6000,2026-04-30,100.0,ucb
58d6000,2026-05-04,100.0,city
58d6000,2026-05-06,100.0,city
58d6000,2026-06-26,100.0,city
58d6000,2026-06-26,100.0,city
5a733a4,2025-08-23,1000.0,city
5a733a4,2026-03-09,100.0,city
5d109bf,2026-01-16,100.0,city
5d109bf,2026-05-10,100.0,city
5dcb915,2026-05-30,9800.0,city
5dcb915,2026-05-30,2000.0,city
5f44c38,2026-02-27,188.0,city
5f44c38,2026-02-28,200.0,city
5f44c38,2026-02-28,30.0,city
5f81059,2025-08-21,100.0,city
5f81059,2025-08-27,5.0,city
5f81059,2025-10-30,10.0,city
5f81059,2025-11-12,100.0,city
5f81059,2025-11-28,100.0,city
5f81059,2025-11-29,50.0,city
5f81059,2025-11-29,5.0,ucb
5f81059,2025-12-01,1000.0,city
5f81059,2025-12-12,100.0,city
5f81059,2025-12-17,150.0,city
5f81059,2025-12-19,250.0,ucb
5f81059,2025-12-23,250.0,ucb
5f81059,2025-12-28,3.0,ucb
5f81059,2025-12-28,25.0,ucb
5f81059,2025-12-29,100.0,city
5f81059,2025-12-29,100.0,city
5f81059,2025-12-29,100.0,city
5f81059,2025-12-30,2500.0,city
5f81059,2025-12-30,100.0,city
5f81059,2025-12-30,100.0,city
5f81059,2025-12-30,100.0,city
5f81059,2025-12-31,250.0,city
5f81059,2026-01-05,-250.0,ucb
5f81059,2026-01-29,50.0,city
5f81059,2026-02-08,100.0,city
5f81059,2026-02-25,100.0,city
5f81059,2026-02-27,250.0,city
5f81059,2026-02-27,250.0,ucb
5f81059,2026-02-28,50.0,city
5f81059,2026-03-03,100.0,city
5f81059,2026-03-17,250.0,ucb
5f81059,2026-03-20,250.0,city
5f81059,2026-03-29,50.0,city
5f81059,2026-04-11,100.0,city
5f81059,2026-04-13,1000.0,city
5f81059,2026-04-15,100.0,city
5f81059,2026-04-29,50.0,city
5f81059,2026-05-29,50.0,city
5fd43a3,2025-08-13,25.0,city
5fd43a3,2025-09-13,25.0,city
5fd43a3,2025-10-13,25.0,city
5fd43a3,2025-11-03,100.0,city
5fd43a3,2025-11-12,50.0,city
5fd43a3,2025-11-13,25.0,city
5fd43a3,2025-12-13,25.0,city
5fd43a3,2026-04-14,500.0,city
5fd43a3,2026-04-14,500.0,city
5fd43a3,2026-04-19,100.0,ucb
64f4085,2026-03-03,1000.0,city
64f4085,2026-04-22,1000.0,city
64f4085,2026-05-22,1000.0,city
6506745,2026-02-03,500.0,city
6506745,2026-02-06,500.0,city
68c3811,2025-08-14,125.0,city
68c3811,2025-08-14,250.0,city
6a57ed8,2026-04-20,100.0,city
6a57ed8,2026-05-04,100.0,city
6a57ed8,2026-05-18,100.0,city
6b00d4c,2025-11-15,200.0,city
6b00d4c,2025-11-17,100.0,city
6b00d4c,2025-11-19,200.0,city
6b00d4c,2025-11-23,500.0,city
6b00d4c,2025-11-24,500.0,city
6b00d4c,2025-11-30,100.0,city
6b00d4c,2026-03-18,50.0,city
6b00d4c,2026-04-08,125.0,city
6b00d4c,2026-04-08,125.0,city
6b00d4c,2026-04-18,1000.0,city
6b00d4c,2026-04-18,50.0,city
6b00d4c,2026-04-23,30.0,city
6b00d4c,2026-04-23,2500.0,city
6b00d4c,2026-04-30,125.0,city
6b00d4c,2026-05-05,500.0,city
6b00d4c,2026-05-05,35.0,city
6b00d4c,2026-05-06,250.0,city
6b00d4c,2026-05-07,125.0,city
6b00d4c,2026-05-07,125.0,city
6b00d4c,2026-05-07,125.0,ucb
6b00d4c,2026-05-08,125.0,city
6b00d4c,2026-05-18,50.0,city
6b00d4c,2026-05-23,100.0,city
6b00d4c,2026-05-29,10.0,city
6b00d4c,2026-05-30,10.0,city
6b00d4c,2026-06-12,5.0,city
6b00d4c,2026-06-18,50.0,city
6b00d4c,2026-06-29,10.0,city
6c94717,2025-08-19,250.0,city
6c94717,2025-09-11,85.0,city
71c19e8,2025-11-05,1000.0,city
72a91f4,2026-04-20,100.0,city
72a91f4,2026-04-30,2000.0,city
7370451,2025-11-21,100.0,city
7370451,2025-11-21,100.0,city
7370451,2025-11-22,500.0,city
7370451,2025-11-22,100.0,city
7370451,2025-11-22,100.0,city
7370451,2025-12-04,1000.0,city
7370451,2025-12-05,25.0,city
7370451,2025-12-06,5000.0,city
7370451,2025-12-12,5000.0,city
7370451,2025-12-24,100.0,city
7370451,2025-12-26,100.0,city
7370451,2025-12-29,100.0,city
7370451,2026-01-14,100.0,city
7370451,2026-01-21,20.0,city
7370451,2026-01-21,25.0,city
7370451,2026-01-29,50.0,both
7370451,2026-01-30,100.0,city
7370451,2026-01-31,60.0,city
7370451,2026-02-01,100.0,city
7370451,2026-02-12,20.0,city
7370451,2026-02-18,100.0,city
7370451,2026-02-21,25.0,city
7370451,2026-02-22,4000.0,city
7370451,2026-02-22,50.0,city
7370451,2026-02-22,50.0,city
7370451,2026-02-22,300.0,city
7370451,2026-02-26,50.0,both
7370451,2026-02-28,60.0,city
7370451,2026-02-28,100.0,city
7370451,2026-02-28,100.0,city
7370451,2026-03-04,100.0,city
7370451,2026-03-05,2500.0,city
7370451,2026-03-14,250.0,city
7370451,2026-03-14,250.0,city
7370451,2026-03-17,100.0,city
7370451,2026-03-18,100.0,city
7370451,2026-03-19,100.0,city
7370451,2026-03-21,25.0,city
7370451,2026-03-23,100.0,city
7370451,2026-03-25,100.0,city
7370451,2026-03-26,100.0,both
7370451,2026-03-26,1000.0,city
7370451,2026-03-29,50.0,city
7370451,2026-03-30,50.0,city
7370451,2026-03-31,100.0,city
7370451,2026-03-31,100.0,city
7370451,2026-03-31,70.0,city
7370451,2026-03-31,60.0,city
7370451,2026-04-01,100.0,city
7370451,2026-04-01,100.0,city
7370451,2026-04-02,100.0,city
7370451,2026-04-03,100.0,city
7370451,2026-04-03,100.0,city
7370451,2026-04-04,250.0,city
7370451,2026-04-04,25.0,city
7370451,2026-04-05,100.0,city
7370451,2026-04-07,100.0,city
7370451,2026-04-07,50.0,city
7370451,2026-04-08,200.0,city
7370451,2026-04-08,25.0,city
76a42ce,2025-08-22,10.0,city
76a42ce,2025-09-22,10.0,city
76a42ce,2025-10-22,10.0,city
76a42ce,2025-11-22,10.0,city
76a42ce,2025-12-22,10.0,city
76a42ce,2026-02-21,150.0,city
7752cea,2026-02-18,312.0,city
77af946,2025-08-24,1500.0,city
7e216ab,2025-09-11,1000.0,city
7e216ab,2025-09-30,250.0,city
7e216ab,2026-04-01,500.0,city
7e216ab,2026-04-06,9800.0,city
7e216ab,2026-04-29,500.0,city
7e216ab,2026-05-09,1000.0,city
7e216ab,2026-05-11,250.0,city
7e216ab,2026-05-14,250.0,city
857851b,2025-12-20,100.0,city
8934b2d,2026-05-10,1000.0,city
8a294cb,2026-02-14,10.0,both
8d6c6e3,2026-03-24,100.0,city
9085d58,2025-09-23,500.0,city
9085d58,2026-03-02,500.0,city
9085d58,2026-03-02,500.0,city
91b32b1,2026-02-25,100.0,ucb
947d070,2026-03-22,250.0,city
96765d2,2026-04-14,1000.0,city
96765d2,2026-04-14,1000.0,city
96765d2,2026-05-14,200.0,city
99b63ce,2025-08-10,25.0,city
99b63ce,2025-08-10,25.0,city
99b63ce,2025-08-10,404.0,city
99b63ce,2025-08-10,50.0,city
99b63ce,2025-08-10,50.0,city
99b63ce,2025-08-10,10.0,city
99b63ce,2025-08-10,50.0,city
99b63ce,2025-08-10,50.0,city
99b63ce,2025-08-10,25.0,ucb
99b63ce,2025-08-11,10.0,city
99b63ce,2025-08-11,10.0,city
99b63ce,2025-08-11,25.0,city
99b63ce,2025-08-11,10.0,city
99b63ce,2025-08-11,50.0,city
99b63ce,2025-08-11,10.0,city
99b63ce,2025-08-11,50.0,city
99b63ce,2025-08-11,10.0,city
99b63ce,2025-08-11,25.0,city
99b63ce,2025-08-11,10.0,city
99b63ce,2025-08-11,25.0,city
99b63ce,2025-08-11,25.0,ucb
99b63ce,2025-08-11,10.0,ucb
99b63ce,2025-08-12,35.0,city
99b63ce,2025-08-12,50.0,city
99b63ce,2025-08-12,50.0,city
99b63ce,2025-08-12,100.0,city
99b63ce,2025-08-12,250.0,city
99b63ce,2025-08-12,25.0,city
99b63ce,2025-08-12,100.0,city
99b63ce,2025-08-12,100.0,city
99b63ce,2025-08-13,50.0,city
99b63ce,2025-08-13,50.0,city
99b63ce,2025-08-13,10.0,city
99b63ce,2025-08-13,100.0,city
99b63ce,2025-08-13,50.0,city
99b63ce,2025-08-13,100.0,city
99b63ce,2025-08-13,35.0,city
99b63ce,2025-08-13,50.0,city
99b63ce,2025-08-13,50.0,city
99b63ce,2025-08-13,50.0,city
99b63ce,2025-08-13,50.0,city
99b63ce,2025-08-13,10.0,city
99b63ce,2025-08-13,50.0,city
99b63ce,2025-08-13,35.0,city
99b63ce,2025-08-13,10.0,city
99b63ce,2025-08-13,10.0,city
99b63ce,2025-08-14,100.0,city
99b63ce,2025-08-14,100.0,city
99b63ce,2025-08-14,100.0,city
99b63ce,2025-08-14,50.0,city
99b63ce,2025-08-14,35.0,city
99b63ce,2025-08-14,100.0,city
99b63ce,2025-08-14,200.0,city
99b63ce,2025-08-14,50.0,city
99b63ce,2025-08-14,25.0,city
99b63ce,2025-08-14,10.0,city
99b63ce,2025-08-14,100.0,city
99b63ce,2025-08-14,125.0,city
99b63ce,2025-08-14,100.0,city
99b63ce,2025-08-14,50.0,city
99b63ce,2025-08-14,50.0,city
99b63ce,2025-08-14,100.0,city
99b63ce,2025-08-14,50.0,city
99b63ce,2025-08-14,250.0,city
99b63ce,2025-08-14,10.0,city
99b63ce,2025-08-14,100.0,city
99b63ce,2025-08-14,50.0,city
99b63ce,2025-08-14,100.0,city
99b63ce,2025-08-14,50.0,city
99b63ce,2025-08-14,100.0,city
99b63ce,2025-08-14,100.0,city
99b63ce,2025-08-14,10.0,city
99b63ce,2025-08-14,100.0,city
99b63ce,2025-08-14,50.0,city
99b63ce,2025-08-14,50.0,city
99b63ce,2025-08-14,50.0,city
99b63ce,2025-08-14,100.0,city
99b63ce,2025-08-14,10.0,city
99b63ce,2025-08-14,100.0,city
99b63ce,2025-08-14,100.0,city
99b63ce,2025-08-14,50.0,city
99b63ce,2025-08-14,50.0,city
99b63ce,2025-08-14,100.0,city
99b63ce,2025-08-14,50.0,city
99b63ce,2025-08-14,50.0,city
99b63ce,2025-08-14,100.0,city
99b63ce,2025-08-14,100.0,city
99b63ce,2025-08-14,100.0,city
99b63ce,2025-08-14,500.0,city
99b63ce,2025-08-14,100.0,city
99b63ce,2025-08-14,50.0,city
99b63ce,2025-08-14,300.0,city
99b63ce,2025-08-14,100.0,city
99b63ce,2025-08-14,10.0,city
99b63ce,2025-08-14,100.0,city
99b63ce,2025-08-14,50.0,city
99b63ce,2025-08-14,25.0,city
99b63ce,2025-08-14,25.0,city
99b63ce,2025-08-14,20.0,city
99b63ce,2025-08-14,50.0,ucb
99b63ce,2025-08-14,35.0,ucb
99b63ce,2025-08-14,100.0,ucb
99b63ce,2025-08-15,35.0,both
99b63ce,2025-08-15,50.0,city
99b63ce,2025-08-15,100.0,city
99b63ce,2025-08-15,10.0,city
99b63ce,2025-08-15,100.0,city
99b63ce,2025-08-15,25.0,city
99b63ce,2025-08-15,25.0,city
99b63ce,2025-08-15,100.0,city
99b63ce,2025-08-15,50.0,city
99b63ce,2025-08-15,10.0,city
99b63ce,2025-08-15,25.0,city
99b63ce,2025-08-15,100.0,city
99b63ce,2025-08-15,50.0,city
99b63ce,2025-08-15,100.0,city
99b63ce,2025-08-15,100.0,city
99b63ce,2025-08-15,35.0,city
99b63ce,2025-08-15,10.0,city
99b63ce,2025-08-15,100.0,city
99b63ce,2025-08-15,35.0,city
99b63ce,2025-08-15,100.0,city
99b63ce,2025-08-15,100.0,city
99b63ce,2025-08-15,100.0,city
99b63ce,2025-08-15,35.0,city
99b63ce,2025-08-15,150.0,city
99b63ce,2025-08-15,100.0,city
99b63ce,2025-08-15,250.0,city
99b63ce,2025-08-15,50.0,city
99b63ce,2025-08-15,100.0,city
99b63ce,2025-08-15,35.0,city
99b63ce,2025-08-15,100.0,city
99b63ce,2025-08-15,50.0,city
99b63ce,2025-08-15,100.0,city
99b63ce,2025-08-15,50.0,city
99b63ce,2025-08-15,100.0,city
99b63ce,2025-08-15,10.0,city
99b63ce,2025-08-15,10.0,city
99b63ce,2025-08-15,100.0,city
99b63ce,2025-08-15,100.0,city
99b63ce,2025-08-15,100.0,city
99b63ce,2025-08-15,25.0,city
99b63ce,2025-08-15,100.0,city
99b63ce,2025-08-15,100.0,city
99b63ce,2025-08-15,35.0,city
99b63ce,2025-08-15,100.0,city
99b63ce,2025-08-15,250.0,city
99b63ce,2025-08-15,10.0,city
99b63ce,2025-08-15,50.0,city
99b63ce,2025-08-15,10.0,city
99b63ce,2025-08-15,10.0,city
99b63ce,2025-08-15,100.0,city
99b63ce,2025-08-15,100.0,city
99b63ce,2025-08-15,250.0,city
99b63ce,2025-08-15,100.0,city
99b63ce,2025-08-15,100.0,city
99b63ce,2025-08-15,100.0,city
99b63ce,2025-08-15,50.0,city
99b63ce,2025-08-15,100.0,ucb
99b63ce,2025-08-15,100.0,ucb
99b63ce,2025-08-15,100.0,ucb
99b63ce,2025-08-15,100.0,ucb
99b63ce,2025-08-16,25.0,city
99b63ce,2025-08-16,50.0,city
99b63ce,2025-08-16,50.0,city
99b63ce,2025-08-16,25.0,city
99b63ce,2025-08-16,10.0,city
99b63ce,2025-08-16,100.0,city
99b63ce,2025-08-16,100.0,city
99b63ce,2025-08-16,100.0,city
99b63ce,2025-08-16,25.0,city
99b63ce,2025-08-16,30.0,city
99b63ce,2025-08-16,50.0,city
99b63ce,2025-08-16,50.0,city
99b63ce,2025-08-16,25.0,city
99b63ce,2025-08-16,100.0,city
99b63ce,2025-08-16,50.0,city
99b63ce,2025-08-16,100.0,city
99b63ce,2025-08-16,100.0,city
99b63ce,2025-08-16,25.0,city
99b63ce,2025-08-16,200.0,city
99b63ce,2025-08-16,100.0,city
99b63ce,2025-08-16,100.0,city
99b63ce,2025-08-16,100.0,city
99b63ce,2025-08-16,150.0,city
99b63ce,2025-08-16,100.0,city
99b63ce,2025-08-16,100.0,city
99b63ce,2025-08-16,35.0,city
99b63ce,2025-08-16,100.0,city
99b63ce,2025-08-16,250.0,city
99b63ce,2025-08-16,25.0,ucb
99b63ce,2025-08-16,100.0,ucb
99b63ce,2025-08-17,100.0,both
99b63ce,2025-08-17,200.0,city
99b63ce,2025-08-17,1000.0,city
99b63ce,2025-08-17,25.0,city
99b63ce,2025-08-17,25.0,city
99b63ce,2025-08-17,100.0,city
99b63ce,2025-08-17,13.0,city
99b63ce,2025-08-17,20.0,city
99b63ce,2025-08-17,100.0,city
99b63ce,2025-08-17,100.0,city
99b63ce,2025-08-17,50.0,city
99b63ce,2025-08-17,25.0,city
99b63ce,2025-08-17,25.0,city
99b63ce,2025-08-17,100.0,city
99b63ce,2025-08-17,100.0,city
99b63ce,2025-08-17,100.0,city
99b63ce,2025-08-17,100.0,city
99b63ce,2025-08-17,500.0,city
99b63ce,2025-08-17,100.0,city
99b63ce,2025-08-17,100.0,city
99b63ce,2025-08-17,100.0,city
99b63ce,2025-08-17,10.0,city
99b63ce,2025-08-17,100.0,city
99b63ce,2025-08-17,50.0,city
99b63ce,2025-08-17,100.0,city
99b63ce,2025-08-17,3.0,ucb
99b63ce,2025-08-18,50.0,city
99b63ce,2025-08-18,500.0,city
99b63ce,2025-08-18,50.0,city
99b63ce,2025-08-18,250.0,city
99b63ce,2025-08-18,50.0,city
99b63ce,2025-08-18,100.0,city
99b63ce,2025-08-18,100.0,city
99b63ce,2025-08-18,100.0,city
99b63ce,2025-08-18,100.0,city
99b63ce,2025-08-18,50.0,city
99b63ce,2025-08-18,10.0,city
99b63ce,2025-08-18,50.0,city
99b63ce,2025-08-18,100.0,city
99b63ce,2025-08-18,250.0,city
99b63ce,2025-08-18,100.0,city
99b63ce,2025-08-18,50.0,city
99b63ce,2025-08-18,50.0,city
99b63ce,2025-08-18,100.0,city
99b63ce,2025-08-18,50.0,city
99b63ce,2025-08-18,50.0,city
99b63ce,2025-08-18,35.0,city
99b63ce,2025-08-18,100.0,city
99b63ce,2025-08-18,100.0,city
99b63ce,2025-08-18,100.0,city
99b63ce,2025-08-18,10.0,city
99b63ce,2025-08-18,25.0,city
99b63ce,2025-08-18,100.0,city
99b63ce,2025-08-18,10.0,city
99b63ce,2025-08-18,250.0,city
99b63ce,2025-08-18,100.0,city
99b63ce,2025-08-18,50.0,city
99b63ce,2025-08-18,50.0,city
99b63ce,2025-08-18,200.0,city
99b63ce,2025-08-18,35.0,ucb
99b63ce,2025-08-18,100.0,ucb
99b63ce,2025-08-19,35.0,city
99b63ce,2025-08-19,50.0,city
99b63ce,2025-08-19,100.0,city
99b63ce,2025-08-19,100.0,city
99b63ce,2025-08-19,100.0,city
99b63ce,2025-08-19,50.0,city
99b63ce,2025-08-19,50.0,city
99b63ce,2025-08-19,100.0,city
99b63ce,2025-08-19,18.0,city
99b63ce,2025-08-19,10.0,city
99b63ce,2025-08-19,500.0,city
99b63ce,2025-08-19,100.0,city
99b63ce,2025-08-19,250.0,city
99b63ce,2025-08-19,100.0,city
99b63ce,2025-08-19,50.0,city
99b63ce,2025-08-19,250.0,city
99b63ce,2025-08-19,250.0,city
99b63ce,2025-08-19,20.0,city
99b63ce,2025-08-19,50.0,city
99b63ce,2025-08-19,100.0,city
99b63ce,2025-08-19,100.0,city
99b63ce,2025-08-19,50.0,city
99b63ce,2025-08-19,100.0,city
99b63ce,2025-08-19,100.0,city
99b63ce,2025-08-19,100.0,city
99b63ce,2025-08-19,50.0,city
99b63ce,2025-08-19,50.0,city
99b63ce,2025-08-19,50.0,city
99b63ce,2025-08-19,100.0,city
99b63ce,2025-08-19,25.0,city
99b63ce,2025-08-19,100.0,city
99b63ce,2025-08-19,50.0,city
99b63ce,2025-08-19,175.0,ucb
99b63ce,2025-08-19,35.0,ucb
99b63ce,2025-08-20,50.0,city
99b63ce,2025-08-20,100.0,city
99b63ce,2025-08-20,100.0,city
99b63ce,2025-08-20,100.0,city
99b63ce,2025-08-20,100.0,city
99b63ce,2025-08-20,100.0,city
99b63ce,2025-08-20,25.0,city
99b63ce,2025-08-20,100.0,city
99b63ce,2025-08-20,50.0,city
99b63ce,2025-08-20,20.0,city
99b63ce,2025-08-20,50.0,city
99b63ce,2025-08-20,10.0,city
99b63ce,2025-08-20,35.0,city
99b63ce,2025-08-20,50.0,city
99b63ce,2025-08-20,10.0,city
99b63ce,2025-08-20,35.0,city
99b63ce,2025-08-20,100.0,city
99b63ce,2025-08-20,25.0,city
99b63ce,2025-08-20,50.0,city
99b63ce,2025-08-20,25.0,city
99b63ce,2025-08-20,25.0,city
99b63ce,2025-08-20,25.0,city
99b63ce,2025-08-20,25.0,city
99b63ce,2025-08-20,35.0,city
99b63ce,2025-08-20,200.0,city
99b63ce,2025-08-20,500.0,city
99b63ce,2025-08-20,100.0,city
99b63ce,2025-08-20,100.0,city
99b63ce,2025-08-20,50.0,city
99b63ce,2025-08-20,100.0,city
99b63ce,2025-08-20,100.0,city
99b63ce,2025-08-20,50.0,city
99b63ce,2025-08-20,35.0,ucb
99b63ce,2025-08-20,10.0,ucb
99b63ce,2025-08-21,10.0,both
99b63ce,2025-08-21,50.0,both
99b63ce,2025-08-21,25.0,both
99b63ce,2025-08-21,100.0,both
99b63ce,2025-08-21,50.0,city
99b63ce,2025-08-21,100000.0,city
99b63ce,2025-08-21,50.0,city
99b63ce,2025-08-21,100.0,city
99b63ce,2025-08-21,250.0,city
99b63ce,2025-08-21,35.0,city
99b63ce,2025-08-21,35.0,city
99b63ce,2025-08-21,50.0,city
99b63ce,2025-08-21,10.0,city
99b63ce,2025-08-21,10.0,city
99b63ce,2025-08-21,100.0,city
99b63ce,2025-08-21,100.0,city
99b63ce,2025-08-21,50.0,city
99b63ce,2025-08-21,25.0,city
99b63ce,2025-08-21,50.0,city
99b63ce,2025-08-21,100.0,city
99b63ce,2025-08-21,50.0,city
99b63ce,2025-08-21,500.0,city
99b63ce,2025-08-21,30.0,city
99b63ce,2025-08-21,18.0,city
99b63ce,2025-08-21,100.0,city
99b63ce,2025-08-21,25.0,city
99b63ce,2025-08-21,100.0,city
99b63ce,2025-08-21,250.0,city
99b63ce,2025-08-21,100.0,city
99b63ce,2025-08-21,10.0,city
99b63ce,2025-08-21,50.0,city
99b63ce,2025-08-21,250.0,city
99b63ce,2025-08-21,50.0,city
99b63ce,2025-08-21,100.0,city
99b63ce,2025-08-21,100.0,city
99b63ce,2025-08-21,100.0,city
99b63ce,2025-08-21,50.0,city
99b63ce,2025-08-21,50.0,city
99b63ce,2025-08-21,100.0,city
99b63ce,2025-08-21,12.5,city
99b63ce,2025-08-21,50.0,city
99b63ce,2025-08-21,100.0,city
99b63ce,2025-08-21,100.0,city
99b63ce,2025-08-21,50.0,city
99b63ce,2025-08-21,250.0,city
99b63ce,2025-08-21,100.0,city
99b63ce,2025-08-21,100.0,city
99b63ce,2025-08-21,50.0,city
99b63ce,2025-08-21,10.0,city
99b63ce,2025-08-21,25.0,city
99b63ce,2025-08-21,25.0,city
99b63ce,2025-08-21,50.0,city
99b63ce,2025-08-21,50.0,city
99b63ce,2025-08-21,35.0,city
99b63ce,2025-08-21,50.0,city
99b63ce,2025-08-21,5.0,city
99b63ce,2025-08-21,13.0,city
99b63ce,2025-08-21,100.0,city
99b63ce,2025-08-21,25.0,city
99b63ce,2025-08-21,50.0,city
99b63ce,2025-08-21,50.0,city
99b63ce,2025-08-21,50.0,city
99b63ce,2025-08-21,35.0,city
99b63ce,2025-08-21,100.0,city
99b63ce,2025-08-21,250.0,city
99b63ce,2025-08-21,100.0,city
99b63ce,2025-08-21,50.0,city
99b63ce,2025-08-21,35.0,city
99b63ce,2025-08-21,25.0,city
99b63ce,2025-08-21,250.0,city
99b63ce,2025-08-21,250.0,city
99b63ce,2025-08-21,40.0,city
99b63ce,2025-08-21,35.0,city
99b63ce,2025-08-21,100.0,ucb
99b63ce,2025-08-21,100.0,ucb
99b63ce,2025-08-21,100.0,ucb
99b63ce,2025-08-22,100.0,city
99b63ce,2025-08-22,12.5,city
99b63ce,2025-08-22,25.0,city
99b63ce,2025-08-22,100.0,city
99b63ce,2025-08-22,250.0,city
99b63ce,2025-08-22,50.0,city
99b63ce,2025-08-22,50.0,city
99b63ce,2025-08-22,10.0,city
99b63ce,2025-08-22,100.0,city
99b63ce,2025-08-22,50.0,city
99b63ce,2025-08-22,50.0,city
99b63ce,2025-08-22,100.0,city
99b63ce,2025-08-22,50.0,city
99b63ce,2025-08-22,200.0,city
99b63ce,2025-08-22,50.0,city
99b63ce,2025-08-22,35.0,city
99b63ce,2025-08-22,100.0,city
99b63ce,2025-08-22,200.0,city
99b63ce,2025-08-22,50.0,city
99b63ce,2025-08-22,125.0,city
99b63ce,2025-08-22,100.0,city
99b63ce,2025-08-22,50.0,city
99b63ce,2025-08-22,100.0,city
99b63ce,2025-08-22,100.0,city
99b63ce,2025-08-22,100.0,city
99b63ce,2025-08-22,100.0,city
99b63ce,2025-08-22,25.0,ucb
99b63ce,2025-08-22,35.0,ucb
99b63ce,2025-08-23,50.0,city
99b63ce,2025-08-23,100.0,city
99b63ce,2025-08-23,35.0,city
99b63ce,2025-08-23,100.0,city
99b63ce,2025-08-23,100.0,city
99b63ce,2025-08-23,100.0,city
99b63ce,2025-08-23,100.0,city
99b63ce,2025-08-23,250.0,city
99b63ce,2025-08-23,20.0,city
99b63ce,2025-08-23,100.0,city
99b63ce,2025-08-23,250.0,city
99b63ce,2025-08-23,100.0,city
99b63ce,2025-08-23,100.0,city
99b63ce,2025-08-23,10.0,city
99b63ce,2025-08-23,20.0,city
99b63ce,2025-08-23,50.0,city
99b63ce,2025-08-23,500.0,city
99b63ce,2025-08-23,100.0,city
99b63ce,2025-08-23,50.0,city
99b63ce,2025-08-23,10.0,city
99b63ce,2025-08-23,100.0,city
99b63ce,2025-08-23,100.0,ucb
99b63ce,2025-08-24,50.0,city
99b63ce,2025-08-24,250.0,city
99b63ce,2025-08-24,12.5,city
99b63ce,2025-08-24,50.0,city
99b63ce,2025-08-24,10.0,city
99b63ce,2025-08-24,100.0,city
99b63ce,2025-08-24,35.0,city
99b63ce,2025-08-24,100.0,city
99b63ce,2025-08-24,10.0,city
99b63ce,2025-08-24,10.0,city
99b63ce,2025-08-24,50.0,city
99b63ce,2025-08-24,100.0,city
99b63ce,2025-08-24,1000.0,city
99b63ce,2025-08-24,1000.0,city
99b63ce,2025-08-24,50.0,city
99b63ce,2025-08-24,50.0,city
99b63ce,2025-08-24,100.0,city
99b63ce,2025-08-24,35.0,city
99b63ce,2025-08-24,250.0,city
99b63ce,2025-08-24,30.0,city
99b63ce,2025-08-24,100.0,city
99b63ce,2025-08-24,500.0,city
99b63ce,2025-08-24,100.0,city
99b63ce,2025-08-24,35.0,city
99b63ce,2025-08-24,100.0,city
99b63ce,2025-08-24,100.0,city
99b63ce,2025-08-24,100.0,city
99b63ce,2025-08-24,100.0,city
99b63ce,2025-08-24,100.0,city
99b63ce,2025-08-24,100.0,city
99b63ce,2025-08-24,100.0,ucb
99b63ce,2025-08-25,25.0,city
99b63ce,2025-08-25,100.0,city
99b63ce,2025-08-25,100.0,city
99b63ce,2025-08-25,100.0,city
99b63ce,2025-08-25,100.0,city
99b63ce,2025-08-25,50.0,city
99b63ce,2025-08-25,20.0,city
99b63ce,2025-08-25,100.0,city
99b63ce,2025-08-25,50.0,city
99b63ce,2025-08-25,50.0,city
99b63ce,2025-08-25,500.0,city
99b63ce,2025-08-25,100.0,city
99b63ce,2025-08-25,100.0,city
99b63ce,2025-08-25,100.0,city
99b63ce,2025-08-25,200.0,city
99b63ce,2025-08-25,50.0,city
99b63ce,2025-08-25,50.0,city
99b63ce,2025-08-25,5.0,city
99b63ce,2025-08-25,25.0,city
99b63ce,2025-08-25,125.0,city
99b63ce,2025-08-25,10.0,ucb
99b63ce,2025-08-26,100.0,city
99b63ce,2025-08-26,5.0,city
99b63ce,2025-08-26,50.0,city
99b63ce,2025-08-26,50.0,city
99b63ce,2025-08-26,200.0,city
99b63ce,2025-08-26,100.0,city
99b63ce,2025-08-26,50.0,city
99b63ce,2025-08-26,100.0,city
99b63ce,2025-08-26,100.0,city
99b63ce,2025-08-26,50.0,city
99b63ce,2025-08-26,150.0,city
99b63ce,2025-08-26,100.0,city
99b63ce,2025-08-26,100.0,city
99b63ce,2025-08-26,100.0,city
99b63ce,2025-08-26,20.0,city
99b63ce,2025-08-26,100.0,city
99b63ce,2025-08-26,100.0,city
99b63ce,2025-08-26,25.0,city
99b63ce,2025-08-26,100.0,city
99b63ce,2025-08-26,100.0,city
99b63ce,2025-08-26,50.0,city
99b63ce,2025-08-26,50.0,city
99b63ce,2025-08-27,50.0,both
99b63ce,2025-08-27,35.0,both
99b63ce,2025-08-27,100.0,city
99b63ce,2025-08-27,20.0,city
99b63ce,2025-08-27,12.5,city
99b63ce,2025-08-27,25.0,city
99b63ce,2025-08-27,100.0,city
99b63ce,2025-08-27,35.0,city
99b63ce,2025-08-27,10.0,city
99b63ce,2025-08-27,10.0,city
99b63ce,2025-08-27,25.0,city
99b63ce,2025-08-27,10.0,city
99b63ce,2025-08-27,50.0,city
99b63ce,2025-08-27,25.0,city
99b63ce,2025-08-27,100.0,city
99b63ce,2025-08-27,100.0,city
99b63ce,2025-08-27,50.0,city
99b63ce,2025-08-27,50.0,city
99b63ce,2025-08-27,100.0,city
99b63ce,2025-08-27,35.0,city
99b63ce,2025-08-27,50.0,city
99b63ce,2025-08-27,50.0,city
99b63ce,2025-08-27,1000.0,city
99b63ce,2025-08-27,10.0,city
99b63ce,2025-08-27,50.0,city
99b63ce,2025-08-27,100.0,city
99b63ce,2025-08-27,10.0,city
99b63ce,2025-08-27,100.0,city
99b63ce,2025-08-27,250.0,city
99b63ce,2025-08-27,50.0,city
99b63ce,2025-08-27,50.0,city
99b63ce,2025-08-27,20.0,city
99b63ce,2025-08-27,100.0,city
99b63ce,2025-08-27,500.0,city
99b63ce,2025-08-27,100.0,city
99b63ce,2025-08-28,10.0,both
99b63ce,2025-08-28,50.0,city
99b63ce,2025-08-28,50.0,city
99b63ce,2025-08-28,50.0,city
99b63ce,2025-08-28,20.0,city
99b63ce,2025-08-28,100.0,city
99b63ce,2025-08-28,100.0,city
99b63ce,2025-08-28,150.0,city
99b63ce,2025-08-28,50.0,city
99b63ce,2025-08-28,50.0,city
99b63ce,2025-08-28,50.0,city
99b63ce,2025-08-28,50.0,city
99b63ce,2025-08-28,50.0,city
99b63ce,2025-08-28,35.0,city
99b63ce,2025-08-28,250.0,city
99b63ce,2025-08-28,10.0,city
99b63ce,2025-08-28,100.0,city
99b63ce,2025-08-28,100.0,city
99b63ce,2025-08-28,100.0,city
99b63ce,2025-08-28,50.0,city
99b63ce,2025-08-28,100.0,city
99b63ce,2025-08-28,100.0,city
99b63ce,2025-08-28,100.0,city
99b63ce,2025-08-28,5.0,city
99b63ce,2025-08-28,100.0,city
99b63ce,2025-08-28,25.0,city
99b63ce,2025-08-28,100.0,city
99b63ce,2025-08-28,200.0,ucb
99b63ce,2025-08-28,100.0,ucb
99b63ce,2025-08-29,35.0,city
99b63ce,2025-08-29,25.0,city
99b63ce,2025-08-29,100.0,city
99b63ce,2025-08-29,25.0,city
99b63ce,2025-08-29,10.0,city
99b63ce,2025-08-29,35.0,city
99b63ce,2025-08-29,300.0,city
99b63ce,2025-08-29,35.0,city
99b63ce,2025-08-29,50.0,city
99b63ce,2025-08-29,100.0,city
99b63ce,2025-08-29,150.0,city
99b63ce,2025-08-29,50.0,city
99b63ce,2025-08-29,50.0,city
99b63ce,2025-08-29,100.0,city
99b63ce,2025-08-29,50.0,city
99b63ce,2025-08-29,100.0,city
99b63ce,2025-08-29,500.0,city
99b63ce,2025-08-29,50.0,city
99b63ce,2025-08-29,100.0,city
99b63ce,2025-08-29,50.0,city
99b63ce,2025-08-29,100.0,city
99b63ce,2025-08-29,100.0,city
99b63ce,2025-08-29,100.0,city
99b63ce,2025-08-29,100.0,city
99b63ce,2025-08-29,250.0,city
99b63ce,2025-08-29,20.0,city
99b63ce,2025-08-29,50.0,ucb
99b63ce,2025-08-30,500.0,city
99b63ce,2025-08-30,50.0,city
99b63ce,2025-08-30,35.0,city
99b63ce,2025-08-30,10.0,city
99b63ce,2025-08-30,50.0,city
99b63ce,2025-08-30,25.0,city
99b63ce,2025-08-30,100.0,city
99b63ce,2025-08-30,50.0,city
99b63ce,2025-08-30,400.0,city
99b63ce,2025-08-30,20.0,city
99b63ce,2025-08-30,250.0,city
99b63ce,2025-08-31,25.0,city
99b63ce,2025-08-31,500.0,city
99b63ce,2025-08-31,250.0,city
99b63ce,2025-08-31,35.0,city
99b63ce,2025-08-31,100.0,city
99b63ce,2025-08-31,25.0,city
99b63ce,2025-08-31,100.0,city
99b63ce,2025-08-31,100.0,city
99b63ce,2025-08-31,100.0,city
99b63ce,2025-08-31,50.0,city
99b63ce,2025-08-31,50.0,city
99b63ce,2025-08-31,100.0,city
99b63ce,2025-08-31,10.0,city
99b63ce,2025-08-31,35.0,city
99b63ce,2025-08-31,50.0,city
99b63ce,2025-08-31,10.0,city
99b63ce,2025-08-31,33.0,city
99b63ce,2025-08-31,50.0,city
99b63ce,2025-08-31,100.0,city
99b63ce,2025-08-31,25.0,city
99b63ce,2025-08-31,100.0,ucb
99b63ce,2025-08-31,20.0,ucb
99b63ce,2025-08-31,100.0,ucb
99b63ce,2025-09-01,500.0,city
99b63ce,2025-09-01,50.0,city
99b63ce,2025-09-01,100.0,city
99b63ce,2025-09-01,15.0,city
99b63ce,2025-09-01,20.0,city
99b63ce,2025-09-01,100.0,city
99b63ce,2025-09-01,100.0,city
99b63ce,2025-09-01,500.0,ucb
99b63ce,2025-09-02,10.0,city
99b63ce,2025-09-02,15.0,city
99b63ce,2025-09-02,15.0,city
99b63ce,2025-09-02,250.0,city
99b63ce,2025-09-02,100.0,city
99b63ce,2025-09-02,25.0,city
99b63ce,2025-09-02,500.0,city
99b63ce,2025-09-02,20.0,city
99b63ce,2025-09-02,10.0,city
99b63ce,2025-09-02,50.0,city
99b63ce,2025-09-02,100.0,city
99b63ce,2025-09-03,100.0,both
99b63ce,2025-09-03,100.0,city
99b63ce,2025-09-03,10.0,city
99b63ce,2025-09-03,100.0,city
99b63ce,2025-09-03,20.0,city
99b63ce,2025-09-03,100.0,city
99b63ce,2025-09-03,35.0,city
99b63ce,2025-09-03,6.0,city
99b63ce,2025-09-03,100.0,city
99b63ce,2025-09-03,50.0,city
99b63ce,2025-09-03,20.0,city
99b63ce,2025-09-03,25.0,city
99b63ce,2025-09-03,100.0,city
99b63ce,2025-09-03,100.0,city
99b63ce,2025-09-03,200.0,city
99b63ce,2025-09-03,20.0,city
99b63ce,2025-09-03,10.0,city
99b63ce,2025-09-03,100.0,city
99b63ce,2025-09-03,500.0,city
99b63ce,2025-09-03,100.0,city
99b63ce,2025-09-03,10.0,city
99b63ce,2025-09-03,20.0,city
99b63ce,2025-09-03,100.0,city
99b63ce,2025-09-03,50.0,city
99b63ce,2025-09-03,50.0,city
99b63ce,2025-09-03,100.0,ucb
99b63ce,2025-09-04,10.0,both
99b63ce,2025-09-04,35.0,both
99b63ce,2025-09-04,100.0,city
99b63ce,2025-09-04,500.0,city
99b63ce,2025-09-04,50.0,city
99b63ce,2025-09-04,50.0,city
99b63ce,2025-09-04,50.0,city
99b63ce,2025-09-04,50.0,city
99b63ce,2025-09-04,15.0,city
99b63ce,2025-09-04,100.0,city
99b63ce,2025-09-04,100.0,city
99b63ce,2025-09-04,50.0,city
99b63ce,2025-09-04,35.0,city
99b63ce,2025-09-04,100.0,city
99b63ce,2025-09-04,100.0,city
99b63ce,2025-09-04,50.0,city
99b63ce,2025-09-04,100.0,city
99b63ce,2025-09-04,100.0,city
99b63ce,2025-09-04,35.0,city
99b63ce,2025-09-04,100.0,city
99b63ce,2025-09-04,100.0,city
99b63ce,2025-09-04,50.0,city
99b63ce,2025-09-04,100.0,city
99b63ce,2025-09-04,50.0,city
99b63ce,2025-09-04,100.0,city
99b63ce,2025-09-04,100.0,city
99b63ce,2025-09-04,50.0,city
99b63ce,2025-09-04,100.0,city
99b63ce,2025-09-04,100.0,city
99b63ce,2025-09-04,100.0,city
99b63ce,2025-09-04,10.0,city
99b63ce,2025-09-04,5.0,city
99b63ce,2025-09-04,100.0,city
99b63ce,2025-09-04,50.0,city
99b63ce,2025-09-04,50.0,city
99b63ce,2025-09-04,50.0,city
99b63ce,2025-09-04,50.0,city
99b63ce,2025-09-04,100.0,ucb
99b63ce,2025-09-04,35.0,ucb
99b63ce,2025-09-04,10.0,ucb
99b63ce,2025-09-05,50.0,both
99b63ce,2025-09-05,35.0,city
99b63ce,2025-09-05,25.0,city
99b63ce,2025-09-05,100.0,city
99b63ce,2025-09-05,5.0,city
99b63ce,2025-09-05,25.0,city
99b63ce,2025-09-05,100.0,city
99b63ce,2025-09-05,35.0,city
99b63ce,2025-09-05,50.0,city
99b63ce,2025-09-05,100.0,city
99b63ce,2025-09-05,100.0,city
99b63ce,2025-09-05,50.0,city
99b63ce,2025-09-05,50.0,city
99b63ce,2025-09-05,100.0,city
99b63ce,2025-09-05,100.0,city
99b63ce,2025-09-05,100.0,city
99b63ce,2025-09-05,50.0,city
99b63ce,2025-09-05,100.0,city
99b63ce,2025-09-05,100.0,city
99b63ce,2025-09-05,50.0,city
99b63ce,2025-09-05,100.0,city
99b63ce,2025-09-05,50.0,city
99b63ce,2025-09-05,50.0,city
99b63ce,2025-09-05,200.0,city
99b63ce,2025-09-05,100.0,city
99b63ce,2025-09-05,50.0,city
99b63ce,2025-09-05,100.0,city
99b63ce,2025-09-05,35.0,city
99b63ce,2025-09-05,200.0,ucb
99b63ce,2025-09-05,100.0,ucb
99b63ce,2025-09-06,100.0,both
99b63ce,2025-09-06,35.0,city
99b63ce,2025-09-06,100.0,city
99b63ce,2025-09-06,50.0,city
99b63ce,2025-09-06,250.0,city
99b63ce,2025-09-06,50.0,city
99b63ce,2025-09-06,50.0,city
99b63ce,2025-09-06,25.0,city
99b63ce,2025-09-06,50.0,city
99b63ce,2025-09-06,100.0,city
99b63ce,2025-09-06,100.0,city
99b63ce,2025-09-06,10.0,city
99b63ce,2025-09-06,100.0,city
99b63ce,2025-09-06,100.0,city
99b63ce,2025-09-06,100.0,city
99b63ce,2025-09-06,100.0,city
99b63ce,2025-09-06,20.0,city
99b63ce,2025-09-07,250.0,both
99b63ce,2025-09-07,25.0,city
99b63ce,2025-09-07,25.0,city
99b63ce,2025-09-07,100.0,city
99b63ce,2025-09-07,100.0,city
99b63ce,2025-09-07,100.0,city
99b63ce,2025-09-07,50.0,city
99b63ce,2025-09-07,100.0,city
99b63ce,2025-09-07,35.0,city
99b63ce,2025-09-07,50.0,city
99b63ce,2025-09-07,100.0,city
99b63ce,2025-09-07,100.0,city
99b63ce,2025-09-07,10.0,city
99b63ce,2025-09-07,35.0,city
99b63ce,2025-09-07,10.0,city
99b63ce,2025-09-07,50.0,city
99b63ce,2025-09-07,200.0,city
99b63ce,2025-09-07,50.0,city
99b63ce,2025-09-07,35.0,city
99b63ce,2025-09-07,20.0,city
99b63ce,2025-09-07,50.0,ucb
99b63ce,2025-09-07,100.0,ucb
99b63ce,2025-09-08,250.0,both
99b63ce,2025-09-08,50.0,city
99b63ce,2025-09-08,25.0,city
99b63ce,2025-09-08,50.0,city
99b63ce,2025-09-08,100.0,city
99b63ce,2025-09-08,50.0,city
99b63ce,2025-09-08,100.0,city
99b63ce,2025-09-08,25.0,city
99b63ce,2025-09-08,200.0,city
99b63ce,2025-09-08,20.0,city
99b63ce,2025-09-08,35.0,city
99b63ce,2025-09-08,100.0,city
99b63ce,2025-09-08,100.0,city
99b63ce,2025-09-08,100.0,city
99b63ce,2025-09-08,50.0,city
99b63ce,2025-09-08,50.0,city
99b63ce,2025-09-08,10.0,city
99b63ce,2025-09-08,100.0,city
99b63ce,2025-09-08,100.0,city
99b63ce,2025-09-08,50.0,city
99b63ce,2025-09-08,100.0,city
99b63ce,2025-09-08,25.0,city
99b63ce,2025-09-08,50.0,city
99b63ce,2025-09-08,100.0,city
99b63ce,2025-09-08,50.0,city
99b63ce,2025-09-08,500.0,city
99b63ce,2025-09-08,50.0,city
99b63ce,2025-09-08,100.0,city
99b63ce,2025-09-08,30.0,city
99b63ce,2025-09-08,100.0,city
99b63ce,2025-09-08,50.0,city
99b63ce,2025-09-08,100.0,city
99b63ce,2025-09-08,250.0,city
99b63ce,2025-09-08,250.0,city
99b63ce,2025-09-08,100.0,city
99b63ce,2025-09-08,100.0,city
99b63ce,2025-09-08,10.0,city
99b63ce,2025-09-08,100.0,city
99b63ce,2025-09-08,20.0,city
99b63ce,2025-09-08,100.0,city
99b63ce,2025-09-08,35.0,ucb
99b63ce,2025-09-08,125.0,ucb
99b63ce,2025-09-09,100.0,both
99b63ce,2025-09-09,100.0,city
99b63ce,2025-09-09,50.0,city
99b63ce,2025-09-09,20.0,city
99b63ce,2025-09-09,50.0,city
99b63ce,2025-09-09,100.0,city
99b63ce,2025-09-09,100.0,city
99b63ce,2025-09-09,100.0,city
99b63ce,2025-09-09,50.0,city
99b63ce,2025-09-09,25.0,city
99b63ce,2025-09-09,100.0,city
99b63ce,2025-09-09,100.0,city
99b63ce,2025-09-09,250.0,city
99b63ce,2025-09-09,500.0,city
99b63ce,2025-09-09,100.0,city
99b63ce,2025-09-09,25.0,city
99b63ce,2025-09-09,50.0,city
99b63ce,2025-09-09,100.0,city
99b63ce,2025-09-09,50.0,city
99b63ce,2025-09-09,35.0,city
99b63ce,2025-09-09,500.0,city
99b63ce,2025-09-09,250.0,city
99b63ce,2025-09-09,100.0,city
99b63ce,2025-09-09,100.0,city
99b63ce,2025-09-09,100.0,city
99b63ce,2025-09-09,50.0,city
99b63ce,2025-09-09,250.0,city
99b63ce,2025-09-09,100.0,city
99b63ce,2025-09-09,50.0,city
99b63ce,2025-09-09,100.0,city
99b63ce,2025-09-09,25.0,city
99b63ce,2025-09-09,100.0,city
99b63ce,2025-09-10,250.0,city
99b63ce,2025-09-10,100.0,city
99b63ce,2025-09-10,100.0,city
99b63ce,2025-09-10,50.0,city
99b63ce,2025-09-10,50.0,city
99b63ce,2025-09-10,50.0,city
99b63ce,2025-09-10,6.0,city
99b63ce,2025-09-10,50.0,city
99b63ce,2025-09-10,500.0,city
99b63ce,2025-09-10,200.0,city
99b63ce,2025-09-10,100.0,city
99b63ce,2025-09-10,50.0,city
99b63ce,2025-09-10,100.0,city
99b63ce,2025-09-10,100.0,city
99b63ce,2025-09-10,200.0,city
99b63ce,2025-09-10,35.0,city
99b63ce,2025-09-10,25.0,city
99b63ce,2025-09-10,100.0,city
99b63ce,2025-09-10,50.0,city
99b63ce,2025-09-10,100.0,city
99b63ce,2025-09-10,50.0,city
99b63ce,2025-09-10,100.0,city
99b63ce,2025-09-10,50.0,city
99b63ce,2025-09-10,100.0,city
99b63ce,2025-09-10,10.0,city
99b63ce,2025-09-10,100.0,city
99b63ce,2025-09-10,10.0,city
99b63ce,2025-09-10,100.0,city
99b63ce,2025-09-10,50.0,city
99b63ce,2025-09-10,50.0,city
99b63ce,2025-09-10,125.0,ucb
99b63ce,2025-09-11,250.0,both
99b63ce,2025-09-11,10.0,both
99b63ce,2025-09-11,100.0,city
99b63ce,2025-09-11,15.0,city
99b63ce,2025-09-11,100.0,city
99b63ce,2025-09-11,25.0,city
99b63ce,2025-09-11,100.0,city
99b63ce,2025-09-11,100.0,city
99b63ce,2025-09-11,35.0,city
99b63ce,2025-09-11,100.0,city
99b63ce,2025-09-11,50.0,city
99b63ce,2025-09-11,500.0,city
99b63ce,2025-09-11,50.0,city
99b63ce,2025-09-11,100.0,city
99b63ce,2025-09-11,100.0,city
99b63ce,2025-09-11,25.0,city
99b63ce,2025-09-11,100.0,city
99b63ce,2025-09-11,10.0,city
99b63ce,2025-09-11,50.0,city
99b63ce,2025-09-11,50.0,city
99b63ce,2025-09-11,100.0,city
99b63ce,2025-09-11,200.0,city
99b63ce,2025-09-11,250.0,ucb
99b63ce,2025-09-12,35.0,city
99b63ce,2025-09-12,20.0,city
99b63ce,2025-09-12,35.0,city
99b63ce,2025-09-12,10.0,city
99b63ce,2025-09-12,5.0,city
99b63ce,2025-09-12,100.0,city
99b63ce,2025-09-12,35.0,city
99b63ce,2025-09-12,50.0,city
99b63ce,2025-09-12,25.0,city
99b63ce,2025-09-12,100.0,city
99b63ce,2025-09-12,50.0,city
99b63ce,2025-09-12,100.0,city
99b63ce,2025-09-12,100.0,city
99b63ce,2025-09-12,250.0,city
99b63ce,2025-09-12,100.0,city
99b63ce,2025-09-12,100.0,city
99b63ce,2025-09-12,50.0,city
99b63ce,2025-09-12,125.0,city
99b63ce,2025-09-12,50.0,city
99b63ce,2025-09-12,250.0,city
99b63ce,2025-09-12,50.0,city
99b63ce,2025-09-12,50.0,city
99b63ce,2025-09-12,100.0,city
99b63ce,2025-09-12,33.0,city
99b63ce,2025-09-12,50.0,city
99b63ce,2025-09-12,50.0,city
99b63ce,2025-09-12,100.0,city
99b63ce,2025-09-12,100.0,city
99b63ce,2025-09-12,50.0,city
99b63ce,2025-09-12,20.0,city
99b63ce,2025-09-13,100.0,both
99b63ce,2025-09-13,2500.0,city
99b63ce,2025-09-13,20.0,city
99b63ce,2025-09-13,100.0,city
99b63ce,2025-09-13,100.0,city
99b63ce,2025-09-13,35.0,city
99b63ce,2025-09-13,100.0,city
99b63ce,2025-09-13,25.0,city
99b63ce,2025-09-13,50.0,city
99b63ce,2025-09-13,20.0,city
99b63ce,2025-09-13,50.0,city
99b63ce,2025-09-13,35.0,city
99b63ce,2025-09-13,50.0,city
99b63ce,2025-09-13,200.0,city
99b63ce,2025-09-13,100.0,city
99b63ce,2025-09-13,100.0,city
99b63ce,2025-09-13,100.0,city
99b63ce,2025-09-13,25.0,city
99b63ce,2025-09-13,100.0,city
99b63ce,2025-09-13,250.0,city
99b63ce,2025-09-13,25.0,city
99b63ce,2025-09-13,125.0,city
99b63ce,2025-09-13,100.0,city
99b63ce,2025-09-13,50.0,city
99b63ce,2025-09-13,25.0,city
99b63ce,2025-09-13,200.0,ucb
99b63ce,2025-09-13,100.0,ucb
99b63ce,2025-09-13,100.0,ucb
99b63ce,2025-09-14,50.0,both
99b63ce,2025-09-14,50.0,city
99b63ce,2025-09-14,100.0,city
99b63ce,2025-09-14,100.0,city
99b63ce,2025-09-14,250.0,city
99b63ce,2025-09-14,25.0,city
99b63ce,2025-09-14,50.0,city
99b63ce,2025-09-14,100.0,city
99b63ce,2025-09-14,100.0,city
99b63ce,2025-09-14,1000.0,city
99b63ce,2025-09-14,250.0,city
99b63ce,2025-09-14,50.0,city
99b63ce,2025-09-14,50.0,city
99b63ce,2025-09-14,100.0,city
99b63ce,2025-09-14,50.0,city
99b63ce,2025-09-14,250.0,city
99b63ce,2025-09-14,100.0,city
99b63ce,2025-09-14,100.0,city
99b63ce,2025-09-14,10.0,city
99b63ce,2025-09-14,35.0,city
99b63ce,2025-09-14,10.0,city
99b63ce,2025-09-14,13.0,city
99b63ce,2025-09-14,10.0,city
99b63ce,2025-09-14,100.0,city
99b63ce,2025-09-14,50.0,ucb
99b63ce,2025-09-14,50.0,ucb
99b63ce,2025-09-15,100.0,both
99b63ce,2025-09-15,50.0,city
99b63ce,2025-09-15,50.0,city
99b63ce,2025-09-15,1000.0,city
99b63ce,2025-09-15,100.0,city
99b63ce,2025-09-15,10.0,city
99b63ce,2025-09-15,100.0,city
99b63ce,2025-09-15,50.0,city
99b63ce,2025-09-15,15.0,city
99b63ce,2025-09-15,50.0,city
99b63ce,2025-09-15,10.0,city
99b63ce,2025-09-15,10.0,city
99b63ce,2025-09-15,25.0,city
99b63ce,2025-09-15,25.0,city
99b63ce,2025-09-15,100.0,city
99b63ce,2025-09-15,100.0,city
99b63ce,2025-09-15,35.0,city
99b63ce,2025-09-15,35.0,city
99b63ce,2025-09-15,100.0,city
99b63ce,2025-09-15,100.0,city
99b63ce,2025-09-15,35.0,city
99b63ce,2025-09-15,50.0,city
99b63ce,2025-09-15,100.0,city
99b63ce,2025-09-15,50.0,city
99b63ce,2025-09-15,25.0,city
99b63ce,2025-09-15,100.0,city
99b63ce,2025-09-15,50.0,city
99b63ce,2025-09-15,25.0,city
99b63ce,2025-09-15,35.0,city
99b63ce,2025-09-15,20.0,city
99b63ce,2025-09-16,100.0,both
99b63ce,2025-09-16,100.0,both
99b63ce,2025-09-16,35.0,city
99b63ce,2025-09-16,50.0,city
99b63ce,2025-09-16,12.0,city
99b63ce,2025-09-16,50.0,city
99b63ce,2025-09-16,50.0,city
99b63ce,2025-09-16,50.0,city
99b63ce,2025-09-16,20.0,city
99b63ce,2025-09-16,100.0,city
99b63ce,2025-09-16,250.0,city
99b63ce,2025-09-16,250.0,city
99b63ce,2025-09-16,10.0,city
99b63ce,2025-09-16,6.0,city
99b63ce,2025-09-16,25.0,city
99b63ce,2025-09-16,100.0,city
99b63ce,2025-09-16,100.0,city
99b63ce,2025-09-16,35.0,city
99b63ce,2025-09-16,100.0,city
99b63ce,2025-09-16,50.0,city
99b63ce,2025-09-16,50.0,city
99b63ce,2025-09-16,200.0,city
99b63ce,2025-09-16,100.0,city
99b63ce,2025-09-16,25.0,city
99b63ce,2025-09-16,50.0,city
99b63ce,2025-09-16,100.0,city
99b63ce,2025-09-16,50.0,city
99b63ce,2025-09-16,10.0,city
99b63ce,2025-09-16,1000.0,city
99b63ce,2025-09-16,50.0,city
99b63ce,2025-09-16,100.0,city
99b63ce,2025-09-16,100.0,city
99b63ce,2025-09-16,300.0,city
99b63ce,2025-09-16,50.0,city
99b63ce,2025-09-16,100.0,city
99b63ce,2025-09-16,50.0,city
99b63ce,2025-09-16,50.0,city
99b63ce,2025-09-16,50.0,city
99b63ce,2025-09-16,500.0,city
99b63ce,2025-09-16,50.0,city
99b63ce,2025-09-16,50.0,city
99b63ce,2025-09-16,35.0,city
99b63ce,2025-09-16,100.0,city
99b63ce,2025-09-16,100.0,city
99b63ce,2025-09-16,100.0,city
99b63ce,2025-09-16,50.0,city
99b63ce,2025-09-16,25.0,city
99b63ce,2025-09-16,50.0,city
99b63ce,2025-09-16,100.0,city
99b63ce,2025-09-16,100.0,ucb
99b63ce,2025-09-16,100.0,ucb
99b63ce,2025-09-17,100.0,city
99b63ce,2025-09-17,50.0,city
99b63ce,2025-09-17,100.0,city
99b63ce,2025-09-17,200.0,city
99b63ce,2025-09-17,100.0,city
99b63ce,2025-09-17,35.0,city
99b63ce,2025-09-17,6.0,city
99b63ce,2025-09-17,100.0,city
99b63ce,2025-09-17,500.0,city
99b63ce,2025-09-17,100.0,city
99b63ce,2025-09-17,250.0,city
99b63ce,2025-09-17,200.0,city
99b63ce,2025-09-17,50.0,city
99b63ce,2025-09-17,50.0,city
99b63ce,2025-09-17,10.0,city
99b63ce,2025-09-17,100.0,city
99b63ce,2025-09-17,100.0,ucb
99b63ce,2025-09-17,100.0,ucb
99b63ce,2025-09-17,30.0,ucb
99b63ce,2025-09-18,10.0,both
99b63ce,2025-09-18,35.0,both
99b63ce,2025-09-18,500.0,both
99b63ce,2025-09-18,100.0,city
99b63ce,2025-09-18,50.0,city
99b63ce,2025-09-18,250.0,city
99b63ce,2025-09-18,50.0,city
99b63ce,2025-09-18,250.0,city
99b63ce,2025-09-18,10.0,city
99b63ce,2025-09-18,100.0,city
99b63ce,2025-09-18,50.0,city
99b63ce,2025-09-18,100.0,city
99b63ce,2025-09-18,25.0,city
99b63ce,2025-09-18,15.0,city
99b63ce,2025-09-18,50.0,city
99b63ce,2025-09-18,50.0,city
99b63ce,2025-09-18,100.0,city
99b63ce,2025-09-18,175.0,city
99b63ce,2025-09-18,50.0,city
99b63ce,2025-09-18,100.0,city
99b63ce,2025-09-18,35.0,city
99b63ce,2025-09-18,250.0,city
99b63ce,2025-09-18,100.0,city
99b63ce,2025-09-18,25.0,city
99b63ce,2025-09-18,500.0,city
99b63ce,2025-09-18,50.0,city
99b63ce,2025-09-18,250.0,city
99b63ce,2025-09-18,100.0,city
99b63ce,2025-09-18,100.0,city
99b63ce,2025-09-18,50.0,city
99b63ce,2025-09-18,100.0,city
99b63ce,2025-09-18,100.0,city
99b63ce,2025-09-18,100.0,city
99b63ce,2025-09-18,50.0,city
99b63ce,2025-09-18,100.0,city
99b63ce,2025-09-18,100.0,city
99b63ce,2025-09-18,100.0,city
99b63ce,2025-09-18,50.0,city
99b63ce,2025-09-18,100.0,city
99b63ce,2025-09-18,250.0,city
99b63ce,2025-09-18,200.0,city
99b63ce,2025-09-18,100.0,city
99b63ce,2025-09-18,100.0,city
99b63ce,2025-09-18,100.0,city
99b63ce,2025-09-18,500.0,city
99b63ce,2025-09-18,100.0,city
99b63ce,2025-09-18,13.0,city
99b63ce,2025-09-18,5.0,city
99b63ce,2025-09-18,50.0,city
99b63ce,2025-09-18,100.0,city
99b63ce,2025-09-18,35.0,city
99b63ce,2025-09-18,35.0,city
99b63ce,2025-09-18,50.0,city
99b63ce,2025-09-18,10.0,city
99b63ce,2025-09-18,25.0,city
99b63ce,2025-09-18,100.0,city
99b63ce,2025-09-18,50.0,city
99b63ce,2025-09-18,200.0,city
99b63ce,2025-09-18,25.0,city
99b63ce,2025-09-18,50.0,city
99b63ce,2025-09-18,50.0,city
99b63ce,2025-09-18,500.0,ucb
99b63ce,2025-09-18,35.0,ucb
99b63ce,2025-09-19,100.0,city
99b63ce,2025-09-19,35.0,city
99b63ce,2025-09-19,50.0,city
99b63ce,2025-09-19,50.0,city
99b63ce,2025-09-19,100.0,city
99b63ce,2025-09-19,50.0,city
99b63ce,2025-09-19,50.0,city
99b63ce,2025-09-19,5.0,city
99b63ce,2025-09-19,35.0,city
99b63ce,2025-09-19,100.0,city
99b63ce,2025-09-19,100.0,city
99b63ce,2025-09-19,50.0,city
99b63ce,2025-09-19,250.0,city
99b63ce,2025-09-19,200.0,city
99b63ce,2025-09-19,100.0,city
99b63ce,2025-09-19,1000.0,city
99b63ce,2025-09-19,50.0,city
99b63ce,2025-09-19,50.0,city
99b63ce,2025-09-19,25.0,city
99b63ce,2025-09-19,100.0,city
99b63ce,2025-09-19,15.0,city
99b63ce,2025-09-19,18.0,city
99b63ce,2025-09-19,200.0,city
99b63ce,2025-09-19,50.0,city
99b63ce,2025-09-19,250.0,city
99b63ce,2025-09-19,125.0,city
99b63ce,2025-09-19,50.0,city
99b63ce,2025-09-19,100.0,city
99b63ce,2025-09-19,100.0,city
99b63ce,2025-09-19,25.0,city
99b63ce,2025-09-19,50.0,city
99b63ce,2025-09-19,50.0,city
99b63ce,2025-09-19,100.0,city
99b63ce,2025-09-19,50.0,city
99b63ce,2025-09-19,250.0,city
99b63ce,2025-09-19,10.0,city
99b63ce,2025-09-19,100.0,city
99b63ce,2025-09-19,100.0,city
99b63ce,2025-09-19,50.0,city
99b63ce,2025-09-19,50.0,city
99b63ce,2025-09-19,100.0,city
99b63ce,2025-09-19,100.0,city
99b63ce,2025-09-19,500.0,city
99b63ce,2025-09-19,125.0,city
99b63ce,2025-09-19,100.0,city
99b63ce,2025-09-20,100.0,both
99b63ce,2025-09-20,100.0,city
99b63ce,2025-09-20,100.0,city
99b63ce,2025-09-20,35.0,city
99b63ce,2025-09-20,100.0,city
99b63ce,2025-09-20,100.0,city
99b63ce,2025-09-20,35.0,city
99b63ce,2025-09-20,100.0,city
99b63ce,2025-09-20,100.0,city
99b63ce,2025-09-20,100.0,city
99b63ce,2025-09-20,25.0,city
99b63ce,2025-09-20,25.0,city
99b63ce,2025-09-20,10.0,city
99b63ce,2025-09-20,100.0,city
99b63ce,2025-09-20,100.0,city
99b63ce,2025-09-20,100.0,city
99b63ce,2025-09-20,100.0,city
99b63ce,2025-09-20,500.0,city
99b63ce,2025-09-20,35.0,city
99b63ce,2025-09-20,100.0,city
99b63ce,2025-09-20,100.0,city
99b63ce,2025-09-20,50.0,city
99b63ce,2025-09-20,200.0,city
99b63ce,2025-09-20,100.0,city
99b63ce,2025-09-20,50.0,city
99b63ce,2025-09-20,50.0,city
99b63ce,2025-09-20,100.0,city
99b63ce,2025-09-20,250.0,city
99b63ce,2025-09-20,100.0,city
99b63ce,2025-09-20,25.0,city
99b63ce,2025-09-20,25.0,city
99b63ce,2025-09-20,100.0,city
99b63ce,2025-09-20,50.0,city
99b63ce,2025-09-20,50.0,city
99b63ce,2025-09-20,20.0,city
99b63ce,2025-09-20,100.0,city
99b63ce,2025-09-20,50.0,city
99b63ce,2025-09-20,50.0,city
99b63ce,2025-09-20,100.0,city
99b63ce,2025-09-20,50.0,city
99b63ce,2025-09-20,4.0,ucb
99b63ce,2025-09-21,500.0,both
99b63ce,2025-09-21,50.0,city
99b63ce,2025-09-21,10.0,city
99b63ce,2025-09-21,10.0,city
99b63ce,2025-09-21,50.0,city
99b63ce,2025-09-21,35.0,city
99b63ce,2025-09-21,35.0,city
99b63ce,2025-09-21,10.0,city
99b63ce,2025-09-21,100.0,city
99b63ce,2025-09-21,25.0,city
99b63ce,2025-09-21,5.0,city
99b63ce,2025-09-21,100.0,city
99b63ce,2025-09-21,25.0,city
99b63ce,2025-09-21,35.0,city
99b63ce,2025-09-21,10.0,city
99b63ce,2025-09-21,10.0,city
99b63ce,2025-09-21,50.0,city
99b63ce,2025-09-21,10.0,city
99b63ce,2025-09-21,50.0,city
99b63ce,2025-09-21,5.0,city
99b63ce,2025-09-21,250.0,city
99b63ce,2025-09-21,100.0,city
99b63ce,2025-09-21,10.0,city
99b63ce,2025-09-21,250.0,city
99b63ce,2025-09-21,10.0,city
99b63ce,2025-09-21,35.0,city
99b63ce,2025-09-21,35.0,city
99b63ce,2025-09-21,100.0,city
99b63ce,2025-09-21,10.0,ucb
99b63ce,2025-09-21,100.0,ucb
99b63ce,2025-09-22,25.0,city
99b63ce,2025-09-22,250.0,city
99b63ce,2025-09-22,100.0,city
99b63ce,2025-09-22,100.0,city
99b63ce,2025-09-22,250.0,city
99b63ce,2025-09-22,35.0,city
99b63ce,2025-09-22,10.0,city
99b63ce,2025-09-22,25.0,city
99b63ce,2025-09-22,100.0,city
99b63ce,2025-09-22,50.0,city
99b63ce,2025-09-22,10.0,city
99b63ce,2025-09-22,100.0,city
99b63ce,2025-09-22,50.0,city
99b63ce,2025-09-22,35.0,city
99b63ce,2025-09-22,50.0,city
99b63ce,2025-09-22,25.0,city
99b63ce,2025-09-22,100.0,city
99b63ce,2025-09-22,100.0,city
99b63ce,2025-09-22,50.0,city
99b63ce,2025-09-22,10.0,city
99b63ce,2025-09-22,100.0,city
99b63ce,2025-09-22,50.0,city
99b63ce,2025-09-22,100.0,city
99b63ce,2025-09-22,25.0,city
99b63ce,2025-09-22,100.0,city
99b63ce,2025-09-22,50.0,city
99b63ce,2025-09-23,100.0,city
99b63ce,2025-09-23,35.0,city
99b63ce,2025-09-23,500.0,city
99b63ce,2025-09-23,50.0,city
99b63ce,2025-09-23,50.0,city
99b63ce,2025-09-23,50.0,city
99b63ce,2025-09-23,35.0,city
99b63ce,2025-09-23,10.0,city
99b63ce,2025-09-23,20.0,city
99b63ce,2025-09-23,25.0,city
99b63ce,2025-09-23,6.0,city
99b63ce,2025-09-23,50.0,city
99b63ce,2025-09-23,50.0,city
99b63ce,2025-09-23,100.0,city
99b63ce,2025-09-23,50.0,city
99b63ce,2025-09-23,50.0,city
99b63ce,2025-09-23,100.0,city
99b63ce,2025-09-23,50.0,city
99b63ce,2025-09-23,100.0,city
99b63ce,2025-09-23,50.0,city
99b63ce,2025-09-23,20.0,city
99b63ce,2025-09-23,50.0,city
99b63ce,2025-09-23,50.0,city
99b63ce,2025-09-23,100.0,city
99b63ce,2025-09-23,35.0,city
99b63ce,2025-09-23,25.0,city
99b63ce,2025-09-23,1000.0,city
99b63ce,2025-09-23,20.0,city
99b63ce,2025-09-23,100.0,city
99b63ce,2025-09-23,20.0,city
99b63ce,2025-09-23,20.0,city
99b63ce,2025-09-23,25.0,city
99b63ce,2025-09-23,50.0,city
99b63ce,2025-09-23,10.0,ucb
99b63ce,2025-09-24,35.0,both
99b63ce,2025-09-24,50.0,both
99b63ce,2025-09-24,35.0,city
99b63ce,2025-09-24,1000.0,city
99b63ce,2025-09-24,35.0,city
99b63ce,2025-09-24,20.0,city
99b63ce,2025-09-24,100.0,city
99b63ce,2025-09-24,50.0,city
99b63ce,2025-09-24,50.0,city
99b63ce,2025-09-24,100.0,city
99b63ce,2025-09-24,100.0,city
99b63ce,2025-09-24,100.0,city
99b63ce,2025-09-24,25.0,city
99b63ce,2025-09-24,25.0,city
99b63ce,2025-09-24,35.0,city
99b63ce,2025-09-24,100.0,city
99b63ce,2025-09-24,35.0,city
99b63ce,2025-09-24,6.0,city
99b63ce,2025-09-24,50.0,city
99b63ce,2025-09-24,500.0,city
99b63ce,2025-09-24,35.0,city
99b63ce,2025-09-24,500.0,city
99b63ce,2025-09-24,35.0,city
99b63ce,2025-09-24,50.0,city
99b63ce,2025-09-24,50.0,city
99b63ce,2025-09-24,250.0,city
99b63ce,2025-09-24,100.0,city
99b63ce,2025-09-24,50.0,city
99b63ce,2025-09-24,10.0,city
99b63ce,2025-09-24,50.0,city
99b63ce,2025-09-24,100.0,city
99b63ce,2025-09-24,100.0,city
99b63ce,2025-09-24,6.0,city
99b63ce,2025-09-24,50.0,city
99b63ce,2025-09-24,100.0,city
99b63ce,2025-09-24,50.0,city
99b63ce,2025-09-24,50.0,city
99b63ce,2025-09-24,25.0,city
99b63ce,2025-09-24,50.0,city
99b63ce,2025-09-24,10.0,city
99b63ce,2025-09-24,50.0,city
99b63ce,2025-09-24,50.0,city
99b63ce,2025-09-24,5.0,city
99b63ce,2025-09-24,50.0,city
99b63ce,2025-09-24,100.0,city
99b63ce,2025-09-24,100.0,city
99b63ce,2025-09-24,100.0,city
99b63ce,2025-09-24,100.0,city
99b63ce,2025-09-24,500.0,city
99b63ce,2025-09-24,50.0,city
99b63ce,2025-09-24,25.0,city
99b63ce,2025-09-24,100.0,ucb
99b63ce,2025-09-24,100.0,ucb
99b63ce,2025-09-24,50.0,ucb
99b63ce,2025-09-24,30.0,ucb
99b63ce,2025-09-25,50.0,both
99b63ce,2025-09-25,10.0,both
99b63ce,2025-09-25,100.0,city
99b63ce,2025-09-25,1000.0,city
99b63ce,2025-09-25,250.0,city
99b63ce,2025-09-25,10.0,city
99b63ce,2025-09-25,35.0,city
99b63ce,2025-09-25,35.0,city
99b63ce,2025-09-25,100.0,city
99b63ce,2025-09-25,35.0,city
99b63ce,2025-09-25,50.0,city
99b63ce,2025-09-25,7.0,city
99b63ce,2025-09-25,25.0,city
99b63ce,2025-09-25,50.0,city
99b63ce,2025-09-25,100.0,city
99b63ce,2025-09-25,50.0,city
99b63ce,2025-09-25,10.0,city
99b63ce,2025-09-25,200.0,city
99b63ce,2025-09-25,100.0,city
99b63ce,2025-09-25,100.0,city
99b63ce,2025-09-25,35.0,city
99b63ce,2025-09-25,35.0,city
99b63ce,2025-09-25,25.0,city
99b63ce,2025-09-25,100.0,city
99b63ce,2025-09-25,15.0,city
99b63ce,2025-09-25,50.0,city
99b63ce,2025-09-25,50.0,city
99b63ce,2025-09-25,50.0,city
99b63ce,2025-09-25,10.0,city
99b63ce,2025-09-25,30.0,city
99b63ce,2025-09-25,100.0,city
99b63ce,2025-09-25,1000.0,city
99b63ce,2025-09-25,50.0,city
99b63ce,2025-09-25,20.0,city
99b63ce,2025-09-25,100.0,city
99b63ce,2025-09-25,25.0,city
99b63ce,2025-09-25,50.0,city
99b63ce,2025-09-25,50.0,city
99b63ce,2025-09-25,100.0,city
99b63ce,2025-09-25,35.0,city
99b63ce,2025-09-25,100.0,city
99b63ce,2025-09-25,50.0,city
99b63ce,2025-09-25,50.0,city
99b63ce,2025-09-25,100.0,city
99b63ce,2025-09-25,100.0,city
99b63ce,2025-09-25,50.0,city
99b63ce,2025-09-25,50.0,city
99b63ce,2025-09-25,50.0,city
99b63ce,2025-09-25,10.0,city
99b63ce,2025-09-25,25.0,city
99b63ce,2025-09-25,150.0,city
99b63ce,2025-09-25,35.0,city
99b63ce,2025-09-25,100.0,city
99b63ce,2025-09-25,18.0,city
99b63ce,2025-09-25,50.0,city
99b63ce,2025-09-25,2000.0,ucb
99b63ce,2025-09-25,35.0,ucb
99b63ce,2025-09-26,100.0,both
99b63ce,2025-09-26,50.0,city
99b63ce,2025-09-26,50.0,city
99b63ce,2025-09-26,100.0,city
99b63ce,2025-09-26,50.0,city
99b63ce,2025-09-26,100.0,city
99b63ce,2025-09-26,50.0,city
99b63ce,2025-09-26,25.0,city
99b63ce,2025-09-26,100.0,city
99b63ce,2025-09-26,25.0,city
99b63ce,2025-09-26,20.0,city
99b63ce,2025-09-26,25.0,city
99b63ce,2025-09-26,100.0,city
99b63ce,2025-09-26,100.0,city
99b63ce,2025-09-26,50.0,city
99b63ce,2025-09-26,50.0,city
99b63ce,2025-09-26,100.0,city
99b63ce,2025-09-26,10.0,city
99b63ce,2025-09-26,100.0,city
99b63ce,2025-09-26,35.0,city
99b63ce,2025-09-26,10.0,city
99b63ce,2025-09-26,250.0,city
99b63ce,2025-09-26,25.0,city
99b63ce,2025-09-26,35.0,city
99b63ce,2025-09-26,100.0,city
99b63ce,2025-09-26,50.0,city
99b63ce,2025-09-26,35.0,city
99b63ce,2025-09-26,100.0,city
99b63ce,2025-09-26,10.0,city
99b63ce,2025-09-26,10.0,city
99b63ce,2025-09-26,5.0,city
99b63ce,2025-09-26,500.0,city
99b63ce,2025-09-26,35.0,city
99b63ce,2025-09-26,10.0,city
99b63ce,2025-09-26,50.0,city
99b63ce,2025-09-26,35.0,city
99b63ce,2025-09-26,20.0,city
99b63ce,2025-09-26,100.0,city
99b63ce,2025-09-26,100.0,city
99b63ce,2025-09-26,25.0,city
99b63ce,2025-09-26,125.0,city
99b63ce,2025-09-26,150.0,city
99b63ce,2025-09-26,50.0,city
99b63ce,2025-09-26,50.0,city
99b63ce,2025-09-26,200.0,city
99b63ce,2025-09-26,100.0,city
99b63ce,2025-09-26,50.0,city
99b63ce,2025-09-26,100.0,city
99b63ce,2025-09-26,100.0,ucb
99b63ce,2025-09-26,50.0,ucb
99b63ce,2025-09-27,25.0,both
99b63ce,2025-09-27,50.0,city
99b63ce,2025-09-27,35.0,city
99b63ce,2025-09-27,100.0,city
99b63ce,2025-09-27,50.0,city
99b63ce,2025-09-27,35.0,city
99b63ce,2025-09-27,10.0,city
99b63ce,2025-09-27,250.0,city
99b63ce,2025-09-27,10.0,city
99b63ce,2025-09-27,25.0,city
99b63ce,2025-09-27,10.0,city
99b63ce,2025-09-27,25.0,city
99b63ce,2025-09-27,100.0,city
99b63ce,2025-09-27,35.0,city
99b63ce,2025-09-27,100.0,city
99b63ce,2025-09-27,50.0,city
99b63ce,2025-09-27,50.0,city
99b63ce,2025-09-27,500.0,city
99b63ce,2025-09-27,50.0,city
99b63ce,2025-09-27,100.0,city
99b63ce,2025-09-27,10.0,city
99b63ce,2025-09-27,35.0,city
99b63ce,2025-09-27,100.0,city
99b63ce,2025-09-27,10.0,city
99b63ce,2025-09-27,100.0,city
99b63ce,2025-09-27,5.0,city
99b63ce,2025-09-27,50.0,city
99b63ce,2025-09-27,50.0,city
99b63ce,2025-09-27,35.0,city
99b63ce,2025-09-27,100.0,city
99b63ce,2025-09-27,50.0,city
99b63ce,2025-09-27,25.0,city
99b63ce,2025-09-27,100.0,city
99b63ce,2025-09-27,100.0,city
99b63ce,2025-09-27,50.0,city
99b63ce,2025-09-27,100.0,city
99b63ce,2025-09-27,25.0,city
99b63ce,2025-09-27,406.0,city
99b63ce,2025-09-27,25.0,city
99b63ce,2025-09-27,50.0,city
99b63ce,2025-09-27,500.0,city
99b63ce,2025-09-28,100.0,both
99b63ce,2025-09-28,250.0,city
99b63ce,2025-09-28,250.0,city
99b63ce,2025-09-28,10.0,city
99b63ce,2025-09-28,100.0,city
99b63ce,2025-09-28,500.0,city
99b63ce,2025-09-28,500.0,city
99b63ce,2025-09-28,20.0,city
99b63ce,2025-09-28,35.0,city
99b63ce,2025-09-28,100.0,city
99b63ce,2025-09-28,10.0,city
99b63ce,2025-09-28,50.0,city
99b63ce,2025-09-28,100.0,city
99b63ce,2025-09-28,50.0,city
99b63ce,2025-09-28,100.0,city
99b63ce,2025-09-28,50.0,city
99b63ce,2025-09-28,100.0,city
99b63ce,2025-09-28,100.0,city
99b63ce,2025-09-28,100.0,city
99b63ce,2025-09-28,50.0,city
99b63ce,2025-09-28,100.0,city
99b63ce,2025-09-28,10.0,city
99b63ce,2025-09-28,35.0,city
99b63ce,2025-09-28,100.0,city
99b63ce,2025-09-28,10.0,city
99b63ce,2025-09-28,25.0,city
99b63ce,2025-09-28,10.0,city
99b63ce,2025-09-28,100.0,city
99b63ce,2025-09-28,50.0,city
99b63ce,2025-09-28,25.0,city
99b63ce,2025-09-28,5.0,city
99b63ce,2025-09-28,35.0,city
99b63ce,2025-09-28,100.0,city
99b63ce,2025-09-28,10.0,ucb
99b63ce,2025-09-29,25.0,both
99b63ce,2025-09-29,35.0,city
99b63ce,2025-09-29,25.0,city
99b63ce,2025-09-29,10.0,city
99b63ce,2025-09-29,35.0,city
99b63ce,2025-09-29,15.0,city
99b63ce,2025-09-29,25.0,city
99b63ce,2025-09-29,35.0,city
99b63ce,2025-09-29,25.0,city
99b63ce,2025-09-29,25.0,city
99b63ce,2025-09-29,10.0,city
99b63ce,2025-09-29,10.0,city
99b63ce,2025-09-29,25.0,city
99b63ce,2025-09-29,25.0,city
99b63ce,2025-09-29,35.0,ucb
99b63ce,2025-09-30,50.0,both
99b63ce,2025-09-30,100.0,both
99b63ce,2025-09-30,100.0,both
99b63ce,2025-09-30,100.0,city
99b63ce,2025-09-30,50.0,city
99b63ce,2025-09-30,100.0,city
99b63ce,2025-09-30,101.0,city
99b63ce,2025-09-30,100.0,city
99b63ce,2025-09-30,50.0,city
99b63ce,2025-09-30,50.0,city
99b63ce,2025-09-30,50.0,city
99b63ce,2025-09-30,50.0,city
99b63ce,2025-09-30,100.0,city
99b63ce,2025-09-30,50.0,city
99b63ce,2025-09-30,15.0,city
99b63ce,2025-09-30,100.0,city
99b63ce,2025-09-30,35.0,city
99b63ce,2025-09-30,100.0,city
99b63ce,2025-09-30,50.0,city
99b63ce,2025-09-30,20.0,city
99b63ce,2025-09-30,100.0,city
99b63ce,2025-09-30,100.0,city
99b63ce,2025-09-30,100.0,city
99b63ce,2025-09-30,100.0,city
99b63ce,2025-09-30,100.0,city
99b63ce,2025-09-30,100.0,city
99b63ce,2025-09-30,35.0,city
99b63ce,2025-09-30,10.0,city
99b63ce,2025-09-30,50.0,city
99b63ce,2025-09-30,250.0,city
99b63ce,2025-09-30,25.0,city
99b63ce,2025-09-30,6.0,city
99b63ce,2025-09-30,100.0,city
99b63ce,2025-09-30,100.0,city
99b63ce,2025-09-30,50.0,city
99b63ce,2025-09-30,50.0,city
99b63ce,2025-09-30,50.0,city
99b63ce,2025-09-30,50.0,city
99b63ce,2025-09-30,50.0,city
99b63ce,2025-09-30,45.0,city
99b63ce,2025-09-30,250.0,city
99b63ce,2025-09-30,100.0,city
99b63ce,2025-09-30,100.0,city
99b63ce,2025-09-30,50.0,city
99b63ce,2025-09-30,100.0,city
99b63ce,2025-09-30,50.0,city
99b63ce,2025-09-30,50.0,city
99b63ce,2025-09-30,100.0,city
99b63ce,2025-09-30,100.0,city
99b63ce,2025-09-30,50.0,city
99b63ce,2025-09-30,50.0,city
99b63ce,2025-09-30,100.0,city
99b63ce,2025-09-30,100.0,city
99b63ce,2025-09-30,50.0,city
99b63ce,2025-09-30,35.0,city
99b63ce,2025-09-30,100.0,city
99b63ce,2025-09-30,100.0,city
99b63ce,2025-09-30,20.0,city
99b63ce,2025-09-30,100.0,city
99b63ce,2025-09-30,50.0,city
99b63ce,2025-09-30,250.0,city
99b63ce,2025-09-30,25.0,city
99b63ce,2025-09-30,20.0,city
99b63ce,2025-09-30,125.0,city
99b63ce,2025-09-30,100.0,city
99b63ce,2025-09-30,50.0,city
99b63ce,2025-09-30,100.0,city
99b63ce,2025-09-30,100.0,city
99b63ce,2025-09-30,200.0,city
99b63ce,2025-09-30,100.0,city
99b63ce,2025-09-30,100.0,city
99b63ce,2025-09-30,35.0,city
99b63ce,2025-09-30,100.0,city
99b63ce,2025-09-30,100.0,city
99b63ce,2025-09-30,100.0,city
99b63ce,2025-09-30,50.0,city
99b63ce,2025-09-30,50.0,city
99b63ce,2025-09-30,30.0,city
99b63ce,2025-09-30,100.0,city
99b63ce,2025-09-30,100.0,city
99b63ce,2025-09-30,10.0,city
99b63ce,2025-09-30,5.0,city
99b63ce,2025-09-30,500.0,city
99b63ce,2025-09-30,100.0,city
99b63ce,2025-09-30,50.0,city
99b63ce,2025-09-30,100.0,city
99b63ce,2025-09-30,250.0,city
99b63ce,2025-09-30,50.0,city
99b63ce,2025-09-30,25.0,city
99b63ce,2025-09-30,100.0,city
99b63ce,2025-09-30,500.0,city
99b63ce,2025-09-30,100.0,city
99b63ce,2025-09-30,25.0,city
99b63ce,2025-09-30,50.0,city
99b63ce,2025-09-30,75.0,city
99b63ce,2025-09-30,100.0,city
99b63ce,2025-09-30,250.0,city
99b63ce,2025-09-30,150.0,city
99b63ce,2025-09-30,50.0,city
99b63ce,2025-09-30,35.0,city
99b63ce,2025-09-30,100.0,ucb
99b63ce,2025-09-30,10.0,ucb
99b63ce,2025-09-30,35.0,ucb
99b63ce,2025-09-30,50.0,ucb
99b63ce,2025-09-30,50.0,ucb
99b63ce,2025-09-30,35.0,ucb
99b63ce,2025-10-01,100.0,city
99b63ce,2025-10-01,13.0,city
99b63ce,2025-10-01,25.0,city
99b63ce,2025-10-01,50.0,city
99b63ce,2025-10-01,35.0,city
99b63ce,2025-10-01,200.0,city
99b63ce,2025-10-01,6.0,city
99b63ce,2025-10-01,50.0,city
99b63ce,2025-10-01,100.0,city
99b63ce,2025-10-01,100.0,city
99b63ce,2025-10-01,50.0,city
99b63ce,2025-10-01,50.0,city
99b63ce,2025-10-01,35.0,city
99b63ce,2025-10-01,100.0,city
99b63ce,2025-10-01,10.0,city
99b63ce,2025-10-01,35.0,city
99b63ce,2025-10-01,100.0,city
99b63ce,2025-10-01,50.0,city
99b63ce,2025-10-01,17678.0,city
99b63ce,2025-10-01,7814.0,city
99b63ce,2025-10-01,10.0,city
99b63ce,2025-10-01,100.0,city
99b63ce,2025-10-01,100.0,ucb
99b63ce,2025-10-01,30.0,ucb
99b63ce,2025-10-02,10.0,both
99b63ce,2025-10-02,50.0,city
99b63ce,2025-10-02,10.0,city
99b63ce,2025-10-02,50.0,city
99b63ce,2025-10-02,50.0,city
99b63ce,2025-10-02,200.0,city
99b63ce,2025-10-02,25.0,city
99b63ce,2025-10-02,50.0,city
99b63ce,2025-10-02,100.0,city
99b63ce,2025-10-02,10.0,city
99b63ce,2025-10-02,50.0,city
99b63ce,2025-10-02,25.0,city
99b63ce,2025-10-02,50.0,city
99b63ce,2025-10-02,250.0,city
99b63ce,2025-10-02,100.0,city
99b63ce,2025-10-02,50.0,city
99b63ce,2025-10-02,15.0,city
99b63ce,2025-10-02,100.0,city
99b63ce,2025-10-02,25.0,city
99b63ce,2025-10-02,25.0,city
99b63ce,2025-10-02,100.0,city
99b63ce,2025-10-02,50.0,city
99b63ce,2025-10-02,10.0,city
99b63ce,2025-10-02,35.0,city
99b63ce,2025-10-02,250.0,city
99b63ce,2025-10-02,10.0,city
99b63ce,2025-10-02,50.0,city
99b63ce,2025-10-02,25.0,city
99b63ce,2025-10-02,50.0,city
99b63ce,2025-10-02,100.0,city
99b63ce,2025-10-02,50.0,city
99b63ce,2025-10-02,100.0,city
99b63ce,2025-10-03,25.0,city
99b63ce,2025-10-03,25.0,city
99b63ce,2025-10-03,1000.0,city
99b63ce,2025-10-03,25.0,city
99b63ce,2025-10-03,25.0,city
99b63ce,2025-10-04,25.0,both
99b63ce,2025-10-04,1000.0,city
99b63ce,2025-10-04,25.0,city
99b63ce,2025-10-04,25.0,city
99b63ce,2025-10-04,25.0,city
99b63ce,2025-10-04,25.0,city
99b63ce,2025-10-04,25.0,city
99b63ce,2025-10-04,25.0,city
99b63ce,2025-10-04,25.0,city
99b63ce,2025-10-04,25.0,city
99b63ce,2025-10-04,25.0,city
99b63ce,2025-10-05,100.0,both
99b63ce,2025-10-05,25.0,both
99b63ce,2025-10-05,100.0,city
99b63ce,2025-10-05,100.0,city
99b63ce,2025-10-05,10.0,city
99b63ce,2025-10-05,200.0,city
99b63ce,2025-10-05,50.0,city
99b63ce,2025-10-05,50.0,city
99b63ce,2025-10-05,50.0,city
99b63ce,2025-10-05,50.0,city
99b63ce,2025-10-05,125.0,city
99b63ce,2025-10-05,50.0,city
99b63ce,2025-10-05,50.0,city
99b63ce,2025-10-05,100.0,city
99b63ce,2025-10-05,10.0,city
99b63ce,2025-10-05,10.0,city
99b63ce,2025-10-05,35.0,city
99b63ce,2025-10-05,20.0,city
99b63ce,2025-10-05,250.0,city
99b63ce,2025-10-05,100.0,city
99b63ce,2025-10-05,35.0,city
99b63ce,2025-10-05,100.0,city
99b63ce,2025-10-05,50.0,city
99b63ce,2025-10-05,100.0,city
99b63ce,2025-10-05,35.0,city
99b63ce,2025-10-05,100.0,city
99b63ce,2025-10-05,100.0,city
99b63ce,2025-10-05,10.0,city
99b63ce,2025-10-05,100.0,city
99b63ce,2025-10-05,10.0,city
99b63ce,2025-10-05,25.0,city
99b63ce,2025-10-05,100.0,city
99b63ce,2025-10-05,100.0,city
99b63ce,2025-10-05,50.0,city
99b63ce,2025-10-05,100.0,city
99b63ce,2025-10-05,50.0,city
99b63ce,2025-10-05,100.0,city
99b63ce,2025-10-05,50.0,city
99b63ce,2025-10-05,250.0,city
99b63ce,2025-10-05,35.0,city
99b63ce,2025-10-05,250.0,city
99b63ce,2025-10-05,10.0,city
99b63ce,2025-10-05,50.0,city
99b63ce,2025-10-05,100.0,city
99b63ce,2025-10-05,100.0,city
99b63ce,2025-10-05,10.0,city
99b63ce,2025-10-05,100.0,city
99b63ce,2025-10-05,100.0,city
99b63ce,2025-10-05,10.0,city
99b63ce,2025-10-05,50.0,city
99b63ce,2025-10-05,50.0,city
99b63ce,2025-10-05,50.0,city
99b63ce,2025-10-05,10.0,city
99b63ce,2025-10-05,100.0,city
99b63ce,2025-10-05,100.0,city
99b63ce,2025-10-05,10.0,city
99b63ce,2025-10-05,10.0,city
99b63ce,2025-10-05,35.0,city
99b63ce,2025-10-05,35.0,city
99b63ce,2025-10-05,100.0,city
99b63ce,2025-10-05,50.0,city
99b63ce,2025-10-05,10.0,city
99b63ce,2025-10-05,25.0,city
99b63ce,2025-10-05,50.0,city
99b63ce,2025-10-05,10.0,city
99b63ce,2025-10-05,10.0,city
99b63ce,2025-10-05,10.0,city
99b63ce,2025-10-05,50.0,city
99b63ce,2025-10-05,25.0,city
99b63ce,2025-10-05,100.0,city
99b63ce,2025-10-05,5.0,city
99b63ce,2025-10-05,100.0,city
99b63ce,2025-10-05,10.0,city
99b63ce,2025-10-05,35.0,city
99b63ce,2025-10-05,500.0,city
99b63ce,2025-10-05,100.0,city
99b63ce,2025-10-05,100.0,city
99b63ce,2025-10-05,100.0,city
99b63ce,2025-10-05,10.0,city
99b63ce,2025-10-05,50.0,city
99b63ce,2025-10-05,35.0,city
99b63ce,2025-10-05,50.0,city
99b63ce,2025-10-05,20.0,city
99b63ce,2025-10-05,20.0,city
99b63ce,2025-10-05,35.0,city
99b63ce,2025-10-05,100.0,city
99b63ce,2025-10-05,100.0,city
99b63ce,2025-10-05,500.0,city
99b63ce,2025-10-05,5.0,city
99b63ce,2025-10-05,50.0,city
99b63ce,2025-10-05,100.0,city
99b63ce,2025-10-05,35.0,city
99b63ce,2025-10-05,100.0,city
99b63ce,2025-10-05,25.0,city
99b63ce,2025-10-05,100.0,city
99b63ce,2025-10-05,50.0,city
99b63ce,2025-10-05,35.0,city
99b63ce,2025-10-05,50.0,city
99b63ce,2025-10-05,75.0,city
99b63ce,2025-10-05,100.0,city
99b63ce,2025-10-05,10.0,ucb
99b63ce,2025-10-05,35.0,ucb
99b63ce,2025-10-05,50.0,ucb
99b63ce,2025-10-06,50.0,both
99b63ce,2025-10-06,100.0,city
99b63ce,2025-10-06,50.0,city
99b63ce,2025-10-06,10.0,city
99b63ce,2025-10-06,10.0,city
99b63ce,2025-10-06,50.0,city
99b63ce,2025-10-06,100.0,city
99b63ce,2025-10-06,250.0,city
99b63ce,2025-10-06,100.0,city
99b63ce,2025-10-06,10.0,city
99b63ce,2025-10-06,25.0,city
99b63ce,2025-10-06,100.0,city
99b63ce,2025-10-06,50.0,city
99b63ce,2025-10-06,250.0,city
99b63ce,2025-10-06,100.0,city
99b63ce,2025-10-06,100.0,city
99b63ce,2025-10-06,100.0,city
99b63ce,2025-10-06,35.0,city
99b63ce,2025-10-06,100.0,city
99b63ce,2025-10-06,50.0,city
99b63ce,2025-10-06,500.0,city
99b63ce,2025-10-06,25.0,city
99b63ce,2025-10-06,50.0,city
99b63ce,2025-10-06,500.0,city
99b63ce,2025-10-06,25.0,city
99b63ce,2025-10-06,100.0,city
99b63ce,2025-10-06,100.0,city
99b63ce,2025-10-06,100.0,city
99b63ce,2025-10-06,20.0,city
99b63ce,2025-10-06,100.0,city
99b63ce,2025-10-06,100.0,city
99b63ce,2025-10-06,75.0,city
99b63ce,2025-10-06,25.0,city
99b63ce,2025-10-06,75.0,city
99b63ce,2025-10-06,100.0,city
99b63ce,2025-10-06,50.0,city
99b63ce,2025-10-06,100.0,city
99b63ce,2025-10-06,10.0,city
99b63ce,2025-10-06,100.0,city
99b63ce,2025-10-06,10.0,city
99b63ce,2025-10-06,50.0,city
99b63ce,2025-10-06,150.0,city
99b63ce,2025-10-06,20.0,city
99b63ce,2025-10-06,100.0,city
99b63ce,2025-10-06,20.0,city
99b63ce,2025-10-06,25.0,city
99b63ce,2025-10-06,25.0,city
99b63ce,2025-10-06,25.0,city
99b63ce,2025-10-06,18.0,city
99b63ce,2025-10-07,50.0,city
99b63ce,2025-10-07,100.0,city
99b63ce,2025-10-07,100.0,city
99b63ce,2025-10-07,100.0,city
99b63ce,2025-10-07,100.0,city
99b63ce,2025-10-07,50.0,city
99b63ce,2025-10-07,100.0,city
99b63ce,2025-10-07,50.0,city
99b63ce,2025-10-07,10.0,city
99b63ce,2025-10-07,100.0,city
99b63ce,2025-10-07,100.0,city
99b63ce,2025-10-07,25.0,city
99b63ce,2025-10-07,100.0,city
99b63ce,2025-10-07,6.0,city
99b63ce,2025-10-07,100.0,city
99b63ce,2025-10-07,100.0,city
99b63ce,2025-10-07,20.0,city
99b63ce,2025-10-07,50.0,city
99b63ce,2025-10-07,100.0,city
99b63ce,2025-10-07,100.0,city
99b63ce,2025-10-07,150.0,city
99b63ce,2025-10-07,100.0,city
99b63ce,2025-10-07,100.0,city
99b63ce,2025-10-07,100.0,city
99b63ce,2025-10-07,20.0,city
99b63ce,2025-10-07,50.0,city
99b63ce,2025-10-07,500.0,city
99b63ce,2025-10-07,50.0,city
99b63ce,2025-10-07,35.0,city
99b63ce,2025-10-07,100.0,city
99b63ce,2025-10-07,7.0,city
99b63ce,2025-10-07,20.0,city
99b63ce,2025-10-07,100.0,city
99b63ce,2025-10-07,100.0,city
99b63ce,2025-10-07,50.0,city
99b63ce,2025-10-07,250.0,city
99b63ce,2025-10-07,25.0,city
99b63ce,2025-10-07,50.0,city
99b63ce,2025-10-07,100.0,city
99b63ce,2025-10-07,100.0,city
99b63ce,2025-10-07,10.0,ucb
99b63ce,2025-10-07,1000.0,ucb
99b63ce,2025-10-08,25.0,both
99b63ce,2025-10-08,100.0,city
99b63ce,2025-10-08,20.0,city
99b63ce,2025-10-08,35.0,city
99b63ce,2025-10-08,500.0,city
99b63ce,2025-10-08,250.0,city
99b63ce,2025-10-08,50.0,city
99b63ce,2025-10-08,100.0,city
99b63ce,2025-10-08,10.0,city
99b63ce,2025-10-08,18.0,city
99b63ce,2025-10-08,50.0,city
99b63ce,2025-10-08,25.0,city
99b63ce,2025-10-08,200.0,city
99b63ce,2025-10-08,200.0,city
99b63ce,2025-10-08,100.0,city
99b63ce,2025-10-08,100.0,city
99b63ce,2025-10-08,6.0,city
99b63ce,2025-10-08,25.0,city
99b63ce,2025-10-08,50.0,city
99b63ce,2025-10-08,50.0,city
99b63ce,2025-10-08,35.0,city
99b63ce,2025-10-08,100.0,city
99b63ce,2025-10-08,100.0,city
99b63ce,2025-10-08,500.0,city
99b63ce,2025-10-08,25.0,city
99b63ce,2025-10-08,20.0,city
99b63ce,2025-10-08,125.0,city
99b63ce,2025-10-08,100.0,city
99b63ce,2025-10-08,500.0,city
99b63ce,2025-10-08,100.0,city
99b63ce,2025-10-08,35.0,city
99b63ce,2025-10-08,10.0,city
99b63ce,2025-10-08,100.0,city
99b63ce,2025-10-08,50.0,city
99b63ce,2025-10-08,250.0,city
99b63ce,2025-10-08,250.0,city
99b63ce,2025-10-08,1000.0,city
99b63ce,2025-10-08,35.0,city
99b63ce,2025-10-08,10.0,city
99b63ce,2025-10-08,20.0,city
99b63ce,2025-10-08,50.0,city
99b63ce,2025-10-08,100.0,city
99b63ce,2025-10-08,100.0,city
99b63ce,2025-10-08,100.0,ucb
99b63ce,2025-10-08,30.0,ucb
99b63ce,2025-10-09,100.0,both
99b63ce,2025-10-09,10.0,both
99b63ce,2025-10-09,100.0,city
99b63ce,2025-10-09,10.0,city
99b63ce,2025-10-09,10.0,city
99b63ce,2025-10-09,125.0,city
99b63ce,2025-10-09,25.0,city
99b63ce,2025-10-09,50.0,city
99b63ce,2025-10-09,20.0,city
99b63ce,2025-10-09,100.0,city
99b63ce,2025-10-09,15.0,city
99b63ce,2025-10-09,100.0,city
99b63ce,2025-10-09,35.0,city
99b63ce,2025-10-09,100.0,city
99b63ce,2025-10-09,50.0,city
99b63ce,2025-10-09,100.0,city
99b63ce,2025-10-09,100.0,city
99b63ce,2025-10-09,35.0,city
99b63ce,2025-10-09,50.0,city
99b63ce,2025-10-09,100.0,city
99b63ce,2025-10-09,100.0,city
99b63ce,2025-10-09,10.0,city
99b63ce,2025-10-09,50.0,city
99b63ce,2025-10-09,100.0,city
99b63ce,2025-10-09,200.0,city
99b63ce,2025-10-09,25.0,city
99b63ce,2025-10-09,100.0,city
99b63ce,2025-10-09,125.0,city
99b63ce,2025-10-09,50.0,city
99b63ce,2025-10-09,50.0,city
99b63ce,2025-10-09,500.0,city
99b63ce,2025-10-09,50.0,city
99b63ce,2025-10-10,10.0,city
99b63ce,2025-10-10,35.0,city
99b63ce,2025-10-10,10.0,city
99b63ce,2025-10-10,30.0,city
99b63ce,2025-10-10,10.0,city
99b63ce,2025-10-10,35.0,city
99b63ce,2025-10-10,35.0,city
99b63ce,2025-10-10,10.0,city
99b63ce,2025-10-10,10.0,city
99b63ce,2025-10-10,35.0,city
99b63ce,2025-10-10,35.0,city
99b63ce,2025-10-11,10.0,city
99b63ce,2025-10-11,10.0,city
99b63ce,2025-10-11,10.0,city
99b63ce,2025-10-11,13.0,city
99b63ce,2025-10-11,35.0,city
99b63ce,2025-10-11,10.0,city
99b63ce,2025-10-11,35.0,city
99b63ce,2025-10-12,200.0,both
99b63ce,2025-10-12,25.0,both
99b63ce,2025-10-12,50.0,both
99b63ce,2025-10-12,100.0,both
99b63ce,2025-10-12,50.0,both
99b63ce,2025-10-12,100.0,city
99b63ce,2025-10-12,50.0,city
99b63ce,2025-10-12,400.0,city
99b63ce,2025-10-12,10.0,city
99b63ce,2025-10-12,50.0,city
99b63ce,2025-10-12,50.0,city
99b63ce,2025-10-12,150.0,city
99b63ce,2025-10-12,250.0,city
99b63ce,2025-10-12,100.0,city
99b63ce,2025-10-12,50.0,city
99b63ce,2025-10-12,100.0,city
99b63ce,2025-10-12,50.0,city
99b63ce,2025-10-12,500.0,city
99b63ce,2025-10-12,5.0,city
99b63ce,2025-10-12,1000.0,city
99b63ce,2025-10-12,10.0,city
99b63ce,2025-10-12,100.0,city
99b63ce,2025-10-12,25.0,city
99b63ce,2025-10-12,35.0,city
99b63ce,2025-10-12,35.0,city
99b63ce,2025-10-12,100.0,city
99b63ce,2025-10-12,25.0,city
99b63ce,2025-10-12,20.0,city
99b63ce,2025-10-12,50.0,city
99b63ce,2025-10-12,50.0,city
99b63ce,2025-10-12,25.0,city
99b63ce,2025-10-12,100.0,city
99b63ce,2025-10-12,100.0,city
99b63ce,2025-10-12,50.0,city
99b63ce,2025-10-12,200.0,city
99b63ce,2025-10-12,25.0,city
99b63ce,2025-10-12,50.0,city
99b63ce,2025-10-12,35.0,city
99b63ce,2025-10-12,50.0,city
99b63ce,2025-10-12,150.0,city
99b63ce,2025-10-12,100.0,city
99b63ce,2025-10-12,250.0,city
99b63ce,2025-10-12,50.0,city
99b63ce,2025-10-12,100.0,city
99b63ce,2025-10-12,500.0,city
99b63ce,2025-10-12,50.0,city
99b63ce,2025-10-12,50.0,city
99b63ce,2025-10-12,50.0,city
99b63ce,2025-10-12,100.0,city
99b63ce,2025-10-12,25.0,city
99b63ce,2025-10-12,50.0,city
99b63ce,2025-10-12,25.0,city
99b63ce,2025-10-12,50.0,city
99b63ce,2025-10-12,100.0,city
99b63ce,2025-10-12,10.0,city
99b63ce,2025-10-12,100.0,city
99b63ce,2025-10-12,100.0,city
99b63ce,2025-10-12,50.0,city
99b63ce,2025-10-12,10.0,city
99b63ce,2025-10-12,250.0,city
99b63ce,2025-10-12,20.0,city
99b63ce,2025-10-12,35.0,city
99b63ce,2025-10-12,100.0,city
99b63ce,2025-10-12,35.0,city
99b63ce,2025-10-12,5.0,city
99b63ce,2025-10-12,10.0,city
99b63ce,2025-10-12,10.0,city
99b63ce,2025-10-12,100.0,city
99b63ce,2025-10-12,10.0,city
99b63ce,2025-10-12,10.0,city
99b63ce,2025-10-12,10.0,city
99b63ce,2025-10-12,20.0,city
99b63ce,2025-10-12,7.0,city
99b63ce,2025-10-12,50.0,city
99b63ce,2025-10-12,100.0,city
99b63ce,2025-10-12,50.0,city
99b63ce,2025-10-12,5.0,city
99b63ce,2025-10-12,100.0,city
99b63ce,2025-10-12,25.0,city
99b63ce,2025-10-12,20.0,city
99b63ce,2025-10-12,25.0,city
99b63ce,2025-10-12,150.0,city
99b63ce,2025-10-12,50.0,city
99b63ce,2025-10-12,10.0,ucb
99b63ce,2025-10-12,100.0,ucb
99b63ce,2025-10-12,100.0,ucb
99b63ce,2025-10-13,100.0,both
99b63ce,2025-10-13,250.0,both
99b63ce,2025-10-13,100.0,city
99b63ce,2025-10-13,10.0,city
99b63ce,2025-10-13,200.0,city
99b63ce,2025-10-13,10.0,city
99b63ce,2025-10-13,100.0,city
99b63ce,2025-10-13,25.0,city
99b63ce,2025-10-13,10.0,city
99b63ce,2025-10-13,100.0,city
99b63ce,2025-10-13,25.0,city
99b63ce,2025-10-13,50.0,city
99b63ce,2025-10-13,100.0,city
99b63ce,2025-10-13,25.0,city
99b63ce,2025-10-13,500.0,city
99b63ce,2025-10-13,35.0,city
99b63ce,2025-10-13,25.0,city
99b63ce,2025-10-13,100.0,city
99b63ce,2025-10-13,50.0,city
99b63ce,2025-10-13,10.0,city
99b63ce,2025-10-13,10.0,city
99b63ce,2025-10-13,250.0,city
99b63ce,2025-10-13,10.0,city
99b63ce,2025-10-13,50.0,city
99b63ce,2025-10-13,1000.0,city
99b63ce,2025-10-13,100.0,city
99b63ce,2025-10-13,25.0,city
99b63ce,2025-10-13,50.0,city
99b63ce,2025-10-13,500.0,ucb
99b63ce,2025-10-14,25.0,both
99b63ce,2025-10-14,50.0,city
99b63ce,2025-10-14,50.0,city
99b63ce,2025-10-14,100.0,city
99b63ce,2025-10-14,50.0,city
99b63ce,2025-10-14,10.0,city
99b63ce,2025-10-14,125.0,city
99b63ce,2025-10-14,25.0,city
99b63ce,2025-10-14,10.0,city
99b63ce,2025-10-14,6.0,city
99b63ce,2025-10-14,100.0,city
99b63ce,2025-10-14,50.0,city
99b63ce,2025-10-14,100.0,city
99b63ce,2025-10-14,50.0,city
99b63ce,2025-10-14,25.0,city
99b63ce,2025-10-14,50.0,city
99b63ce,2025-10-14,35.0,city
99b63ce,2025-10-14,20.0,city
99b63ce,2025-10-14,100.0,city
99b63ce,2025-10-14,50.0,city
99b63ce,2025-10-14,250.0,city
99b63ce,2025-10-14,7.0,city
99b63ce,2025-10-14,250.0,city
99b63ce,2025-10-14,50.0,city
99b63ce,2025-10-14,50.0,city
99b63ce,2025-10-14,10.0,city
99b63ce,2025-10-14,25.0,city
99b63ce,2025-10-14,100.0,city
99b63ce,2025-10-14,10.0,city
99b63ce,2025-10-14,10.0,ucb
99b63ce,2025-10-14,35.0,ucb
99b63ce,2025-10-15,100.0,city
99b63ce,2025-10-15,50.0,city
99b63ce,2025-10-15,35.0,city
99b63ce,2025-10-15,25.0,city
99b63ce,2025-10-15,15.0,city
99b63ce,2025-10-15,50.0,city
99b63ce,2025-10-15,25.0,city
99b63ce,2025-10-15,1000.0,city
99b63ce,2025-10-15,6.0,city
99b63ce,2025-10-15,50.0,city
99b63ce,2025-10-15,45.0,city
99b63ce,2025-10-15,100.0,city
99b63ce,2025-10-15,35.0,city
99b63ce,2025-10-15,50.0,city
99b63ce,2025-10-15,10.0,city
99b63ce,2025-10-15,100.0,city
99b63ce,2025-10-15,50.0,city
99b63ce,2025-10-15,10.0,city
99b63ce,2025-10-15,10.0,city
99b63ce,2025-10-15,50.0,city
99b63ce,2025-10-15,250.0,city
99b63ce,2025-10-15,50.0,city
99b63ce,2025-10-15,50.0,city
99b63ce,2025-10-15,50.0,city
99b63ce,2025-10-15,30.0,ucb
99b63ce,2025-10-16,10.0,both
99b63ce,2025-10-16,100.0,city
99b63ce,2025-10-16,10.0,city
99b63ce,2025-10-16,100.0,city
99b63ce,2025-10-16,25.0,city
99b63ce,2025-10-16,50.0,city
99b63ce,2025-10-16,15.0,city
99b63ce,2025-10-16,100.0,city
99b63ce,2025-10-16,100.0,city
99b63ce,2025-10-16,35.0,city
99b63ce,2025-10-16,25.0,city
99b63ce,2025-10-16,10.0,city
99b63ce,2025-10-16,50.0,city
99b63ce,2025-10-16,25.0,city
99b63ce,2025-10-16,12.5,city
99b63ce,2025-10-16,35.0,city
99b63ce,2025-10-16,50.0,city
99b63ce,2025-10-16,100.0,ucb
99b63ce,2025-10-17,10.0,city
99b63ce,2025-10-17,35.0,city
99b63ce,2025-10-17,10.0,city
99b63ce,2025-10-17,10.0,city
99b63ce,2025-10-17,25.0,city
99b63ce,2025-10-17,35.0,city
99b63ce,2025-10-17,10.0,city
99b63ce,2025-10-17,10.0,city
99b63ce,2025-10-17,100.0,city
99b63ce,2025-10-17,200.0,city
99b63ce,2025-10-17,100.0,city
99b63ce,2025-10-17,10.0,city
99b63ce,2025-10-17,100.0,city
99b63ce,2025-10-17,25.0,city
99b63ce,2025-10-17,35.0,city
99b63ce,2025-10-17,35.0,city
99b63ce,2025-10-17,100.0,city
99b63ce,2025-10-17,50.0,city
99b63ce,2025-10-17,10.0,city
99b63ce,2025-10-17,10.0,city
99b63ce,2025-10-17,5.0,city
99b63ce,2025-10-17,35.0,city
99b63ce,2025-10-17,20.0,city
99b63ce,2025-10-17,20.0,city
99b63ce,2025-10-17,2.0,ucb
99b63ce,2025-10-18,25.0,city
99b63ce,2025-10-18,10.0,city
99b63ce,2025-10-18,10.0,city
99b63ce,2025-10-18,10.0,city
99b63ce,2025-10-18,25.0,city
99b63ce,2025-10-18,10.0,city
99b63ce,2025-10-18,35.0,city
99b63ce,2025-10-18,5.0,city
99b63ce,2025-10-18,50.0,city
99b63ce,2025-10-18,50.0,city
99b63ce,2025-10-18,10.0,city
99b63ce,2025-10-18,10.0,city
99b63ce,2025-10-18,35.0,city
99b63ce,2025-10-18,100.0,city
99b63ce,2025-10-18,50.0,city
99b63ce,2025-10-18,10.0,city
99b63ce,2025-10-18,25.0,city
99b63ce,2025-10-18,25.0,city
99b63ce,2025-10-19,7.0,city
99b63ce,2025-10-19,100.0,city
99b63ce,2025-10-19,35.0,city
99b63ce,2025-10-19,100.0,city
99b63ce,2025-10-19,10.0,city
99b63ce,2025-10-19,100.0,city
99b63ce,2025-10-19,5.0,city
99b63ce,2025-10-19,10.0,city
99b63ce,2025-10-19,100.0,city
99b63ce,2025-10-19,35.0,ucb
99b63ce,2025-10-19,10.0,ucb
99b63ce,2025-10-20,48.0,city
99b63ce,2025-10-20,35.0,city
99b63ce,2025-10-20,25.0,city
99b63ce,2025-10-20,50.0,city
99b63ce,2025-10-20,20.0,city
99b63ce,2025-10-20,50.0,city
99b63ce,2025-10-20,10.0,city
99b63ce,2025-10-20,100.0,city
99b63ce,2025-10-20,50.0,city
99b63ce,2025-10-20,27.0,city
99b63ce,2025-10-20,25.0,city
99b63ce,2025-10-20,35.0,city
99b63ce,2025-10-20,100.0,city
99b63ce,2025-10-20,35.0,city
99b63ce,2025-10-20,10.0,city
99b63ce,2025-10-20,100.0,city
99b63ce,2025-10-20,25.0,city
99b63ce,2025-10-20,100.0,city
99b63ce,2025-10-20,100.0,city
99b63ce,2025-10-20,500.0,city
99b63ce,2025-10-20,250.0,city
99b63ce,2025-10-20,10.0,city
99b63ce,2025-10-20,7.0,city
99b63ce,2025-10-20,50.0,city
99b63ce,2025-10-20,200.0,city
99b63ce,2025-10-20,25.0,city
99b63ce,2025-10-20,500.0,city
99b63ce,2025-10-20,100.0,city
99b63ce,2025-10-20,100.0,city
99b63ce,2025-10-20,4.0,ucb
99b63ce,2025-10-21,10.0,city
99b63ce,2025-10-21,20.0,city
99b63ce,2025-10-21,35.0,city
99b63ce,2025-10-21,50.0,city
99b63ce,2025-10-21,20.0,city
99b63ce,2025-10-21,10.0,city
99b63ce,2025-10-21,25.0,city
99b63ce,2025-10-21,100.0,city
99b63ce,2025-10-21,25.0,city
99b63ce,2025-10-21,5.0,city
99b63ce,2025-10-21,6.0,city
99b63ce,2025-10-21,1000.0,city
99b63ce,2025-10-21,25.0,city
99b63ce,2025-10-21,10.0,city
99b63ce,2025-10-21,35.0,city
99b63ce,2025-10-21,10.0,city
99b63ce,2025-10-21,25.0,city
99b63ce,2025-10-21,50.0,city
99b63ce,2025-10-21,100.0,city
99b63ce,2025-10-21,25.0,city
99b63ce,2025-10-21,50.0,city
99b63ce,2025-10-21,5.0,city
99b63ce,2025-10-21,20.0,city
99b63ce,2025-10-21,50.0,city
99b63ce,2025-10-21,7.0,city
99b63ce,2025-10-21,10.0,ucb
99b63ce,2025-10-22,100.0,city
99b63ce,2025-10-22,250.0,city
99b63ce,2025-10-22,25.0,city
99b63ce,2025-10-22,6.0,city
99b63ce,2025-10-22,100.0,city
99b63ce,2025-10-22,10.0,city
99b63ce,2025-10-22,10.0,city
99b63ce,2025-10-22,35.0,city
99b63ce,2025-10-22,100.0,city
99b63ce,2025-10-22,50.0,city
99b63ce,2025-10-22,30.0,ucb
99b63ce,2025-10-23,10.0,both
99b63ce,2025-10-23,100.0,city
99b63ce,2025-10-23,100.0,city
99b63ce,2025-10-23,25.0,city
99b63ce,2025-10-23,6.0,city
99b63ce,2025-10-23,20.0,city
99b63ce,2025-10-23,100.0,city
99b63ce,2025-10-23,50.0,city
99b63ce,2025-10-23,10.0,city
99b63ce,2025-10-23,50.0,city
99b63ce,2025-10-23,15.0,city
99b63ce,2025-10-23,500.0,city
99b63ce,2025-10-23,500.0,city
99b63ce,2025-10-23,100.0,city
99b63ce,2025-10-23,250.0,city
99b63ce,2025-10-23,25.0,city
99b63ce,2025-10-23,25.0,city
99b63ce,2025-10-23,10.0,city
99b63ce,2025-10-23,10.0,city
99b63ce,2025-10-23,50.0,city
99b63ce,2025-10-23,50.0,city
99b63ce,2025-10-23,10.0,city
99b63ce,2025-10-23,20.0,city
99b63ce,2025-10-23,250.0,city
99b63ce,2025-10-23,35.0,city
99b63ce,2025-10-23,25.0,city
99b63ce,2025-10-24,10.0,city
99b63ce,2025-10-24,6.0,city
99b63ce,2025-10-24,10.0,city
99b63ce,2025-10-24,25.0,city
99b63ce,2025-10-24,10.0,city
99b63ce,2025-10-24,5.0,city
99b63ce,2025-10-24,35.0,city
99b63ce,2025-10-24,100.0,city
99b63ce,2025-10-24,20.0,city
99b63ce,2025-10-24,10.0,city
99b63ce,2025-10-24,100.0,city
99b63ce,2025-10-24,6.0,city
99b63ce,2025-10-24,25.0,city
99b63ce,2025-10-24,10.0,city
99b63ce,2025-10-24,100.0,city
99b63ce,2025-10-24,35.0,city
99b63ce,2025-10-24,50.0,city
99b63ce,2025-10-24,100.0,ucb
99b63ce,2025-10-25,10.0,city
99b63ce,2025-10-25,50.0,city
99b63ce,2025-10-25,10.0,city
99b63ce,2025-10-25,7.0,city
99b63ce,2025-10-25,10.0,city
99b63ce,2025-10-25,25.0,city
99b63ce,2025-10-25,35.0,city
99b63ce,2025-10-25,10.0,city
99b63ce,2025-10-25,25.0,city
99b63ce,2025-10-25,10.0,city
99b63ce,2025-10-25,10.0,city
99b63ce,2025-10-25,25.0,city
99b63ce,2025-10-25,35.0,city
99b63ce,2025-10-26,1000.0,city
99b63ce,2025-10-26,7.0,city
99b63ce,2025-10-26,100.0,city
99b63ce,2025-10-26,35.0,city
99b63ce,2025-10-26,10.0,city
99b63ce,2025-10-26,10.0,city
99b63ce,2025-10-26,5.0,city
99b63ce,2025-10-26,10.0,city
99b63ce,2025-10-26,10.0,ucb
99b63ce,2025-10-27,25.0,city
99b63ce,2025-10-27,10.0,city
99b63ce,2025-10-27,25.0,city
99b63ce,2025-10-27,10.0,city
99b63ce,2025-10-27,25.0,city
99b63ce,2025-10-27,10.0,city
99b63ce,2025-10-27,7.0,city
99b63ce,2025-10-27,25.0,city
99b63ce,2025-10-27,10.0,city
99b63ce,2025-10-28,20.0,city
99b63ce,2025-10-28,50.0,city
99b63ce,2025-10-28,20.0,city
99b63ce,2025-10-28,10.0,city
99b63ce,2025-10-28,25.0,city
99b63ce,2025-10-28,6.0,city
99b63ce,2025-10-28,25.0,city
99b63ce,2025-10-28,10.0,city
99b63ce,2025-10-28,25.0,city
99b63ce,2025-10-28,50.0,city
99b63ce,2025-10-28,20.0,city
99b63ce,2025-10-28,7.0,city
99b63ce,2025-10-28,10.0,ucb
99b63ce,2025-10-29,25.0,city
99b63ce,2025-10-29,6.0,city
99b63ce,2025-10-29,10.0,city
99b63ce,2025-10-29,35.0,city
99b63ce,2025-10-29,100.0,city
99b63ce,2025-10-29,50.0,city
99b63ce,2025-10-29,30.0,ucb
99b63ce,2025-10-30,10.0,both
99b63ce,2025-10-30,100.0,city
99b63ce,2025-10-30,6.0,city
99b63ce,2025-10-30,50.0,city
99b63ce,2025-10-30,10.0,city
99b63ce,2025-10-30,50.0,city
99b63ce,2025-10-30,15.0,city
99b63ce,2025-10-30,25.0,city
99b63ce,2025-10-30,25.0,city
99b63ce,2025-10-30,10.0,city
99b63ce,2025-10-30,50.0,city
99b63ce,2025-10-30,10.0,city
99b63ce,2025-10-30,20.0,city
99b63ce,2025-10-30,35.0,city
99b63ce,2025-10-30,25.0,city
99b63ce,2025-10-31,10.0,city
99b63ce,2025-10-31,10.0,city
99b63ce,2025-10-31,25.0,city
99b63ce,2025-10-31,6.0,city
99b63ce,2025-10-31,10.0,city
99b63ce,2025-10-31,25.0,city
99b63ce,2025-10-31,10.0,city
99b63ce,2025-10-31,5.0,city
99b63ce,2025-10-31,10.0,city
99b63ce,2025-10-31,35.0,city
99b63ce,2025-10-31,20.0,city
99b63ce,2025-10-31,10.0,city
99b63ce,2025-10-31,50.0,city
99b63ce,2025-10-31,100.0,city
99b63ce,2025-10-31,35.0,city
99b63ce,2025-11-01,10.0,city
99b63ce,2025-11-01,50.0,city
99b63ce,2025-11-01,10.0,city
99b63ce,2025-11-01,10.0,city
99b63ce,2025-11-01,25.0,city
99b63ce,2025-11-01,10.0,city
99b63ce,2025-11-01,25.0,city
99b63ce,2025-11-01,10.0,city
99b63ce,2025-11-01,10.0,city
99b63ce,2025-11-01,25.0,city
99b63ce,2025-11-01,35.0,city
99b63ce,2025-11-02,7.0,city
99b63ce,2025-11-02,100.0,city
99b63ce,2025-11-02,35.0,city
99b63ce,2025-11-02,10.0,city
99b63ce,2025-11-02,10.0,city
99b63ce,2025-11-02,10.0,city
99b63ce,2025-11-02,5.0,city
99b63ce,2025-11-02,10.0,city
99b63ce,2025-11-02,5.0,city
99b63ce,2025-11-02,10.0,ucb
99b63ce,2025-11-03,25.0,city
99b63ce,2025-11-03,25.0,city
99b63ce,2025-11-03,10.0,city
99b63ce,2025-11-03,25.0,city
99b63ce,2025-11-03,10.0,city
99b63ce,2025-11-03,7.0,city
99b63ce,2025-11-03,25.0,city
99b63ce,2025-11-04,20.0,city
99b63ce,2025-11-04,50.0,city
99b63ce,2025-11-04,20.0,city
99b63ce,2025-11-04,10.0,city
99b63ce,2025-11-04,6.0,city
99b63ce,2025-11-04,25.0,city
99b63ce,2025-11-04,10.0,city
99b63ce,2025-11-04,25.0,city
99b63ce,2025-11-04,50.0,city
99b63ce,2025-11-04,10.0,ucb
99b63ce,2025-11-13,10.0,city
99b63ce,2025-11-15,25.0,city
99b63ce,2025-11-15,10.0,city
99b63ce,2025-11-16,20.0,city
99b63ce,2025-11-17,35.0,city
99b63ce,2025-11-20,4.0,ucb
99b63ce,2025-11-21,10.0,city
99b63ce,2025-11-21,25.0,city
99b63ce,2025-11-21,5.0,city
99b63ce,2025-11-21,35.0,city
99b63ce,2025-11-21,5.0,city
99b63ce,2025-11-23,25.0,city
99b63ce,2025-11-23,50.0,city
99b63ce,2025-11-24,6.0,city
99b63ce,2025-11-25,7.0,city
99b63ce,2025-12-02,10.0,city
99b63ce,2025-12-15,25.0,city
99b63ce,2025-12-15,10.0,city
99b63ce,2025-12-16,20.0,city
99b63ce,2025-12-17,35.0,city
99b63ce,2025-12-18,5.0,city
99b63ce,2025-12-21,10.0,city
99b63ce,2025-12-21,25.0,city
99b63ce,2025-12-21,5.0,city
99b63ce,2025-12-21,5.0,city
99b63ce,2025-12-23,25.0,city
99b63ce,2025-12-23,50.0,city
99b63ce,2025-12-24,6.0,city
99b63ce,2025-12-25,7.0,city
99b63ce,2026-01-17,35.0,city
99b63ce,2026-01-21,25.0,city
99b63ce,2026-01-23,50.0,city
99b63ce,2026-02-17,35.0,city
99b63ce,2026-02-21,25.0,city
99b63ce,2026-02-23,50.0,city
99b63ce,2026-03-17,35.0,city
99b63ce,2026-03-21,25.0,city
99b63ce,2026-04-17,35.0,city
99b63ce,2026-04-21,25.0,city
99b63ce,2026-04-23,50.0,city
99b63ce,2026-05-17,35.0,city
99b63ce,2026-05-21,25.0,city
99b63ce,2026-05-23,50.0,city
99b63ce,2026-06-17,35.0,city
99b63ce,2026-06-23,50.0,city
9b337cb,2026-06-29,500.0,city
9c421dc,2026-05-13,312.0,city
9f5ab81,2026-02-18,312.0,city
9f5ab81,2026-05-10,250.0,city
a01e861,2025-09-29,100.0,city
a01e861,2026-04-27,200.0,city
a17d5b7,2025-12-11,100.0,both
a17d5b7,2026-04-20,100.0,city
a1d36e8,2026-06-17,150.0,city
a1d36e8,2026-06-29,500.0,city
a4c9d99,2026-05-16,500.0,city
a6c3637,2025-09-20,107.49,city
a6c3637,2026-01-23,27.27,city
a80c839,2025-12-30,2000.0,ucb
a9aca30,2026-06-19,500.0,city
ac907ac,2025-09-22,600.0,both
b02a582,2025-12-17,39200.0,city
b02a582,2026-04-29,100.0,city
b02a582,2026-05-20,500.0,city
b165c77,2025-08-23,3000.0,city
b165c77,2025-09-19,100.0,ucb
b165c77,2025-10-30,100.0,both
b165c77,2026-05-30,9800.0,city
b165c77,2026-05-30,2000.0,city
b62c20f,2026-03-02,105.72,both
b62c20f,2026-03-05,99.0,city
b62c20f,2026-03-27,79.42,city
b839435,2026-01-29,100.0,city
b839435,2026-01-29,500.0,city
b839435,2026-01-29,100.0,ucb
b839435,2026-02-02,100.0,city
b839435,2026-02-05,39200.0,city
b839435,2026-02-05,39200.0,city
b839435,2026-02-05,39200.0,city
b839435,2026-02-05,39200.0,city
b839435,2026-02-06,100.0,city
b839435,2026-02-17,1000.0,city
b839435,2026-04-07,207.5,city
b839435,2026-04-11,103.75,city
b839435,2026-04-14,100.0,city
b839435,2026-04-16,1000.0,city
b839435,2026-04-19,5000.0,city
b839435,2026-04-20,100.0,city
b839435,2026-04-23,200.0,city
b839435,2026-04-30,500.0,city
b839435,2026-05-06,250.0,city
b839435,2026-05-06,250.0,city
b839435,2026-05-07,100.0,city
b839435,2026-05-09,1000.0,city
b839435,2026-05-13,500.0,city
b839435,2026-05-14,250.0,city
b839435,2026-05-14,1000.0,city
b839435,2026-05-14,100.0,city
b839435,2026-05-14,100.0,ucb
b839435,2026-05-15,100.0,ucb
bb0e6ef,2025-08-21,250.0,city
bb0e6ef,2025-09-30,250.0,city
bb0e6ef,2025-09-30,100.0,ucb
bb0e6ef,2025-10-01,1000.0,city
bb0e6ef,2026-02-18,312.0,city
bbc7bca,2026-02-18,500.0,city
bc67243,2025-09-18,50.0,city
bc67243,2025-11-20,50.0,city
c1a5042,2025-08-20,107.49,city
c3d3d5b,2025-10-21,200.0,city
c436dfa,2026-05-31,5900.0,city
c436dfa,2026-05-31,5900.0,city
c45226b,2025-09-28,100.0,city
c45226b,2025-10-22,250.0,city
c45226b,2025-11-16,100.0,city
c45226b,2026-03-12,100.0,city
c45226b,2026-03-12,100.0,city
c45226b,2026-03-16,100.0,city
c45226b,2026-04-01,100.0,city
c45226b,2026-04-22,100.0,city
c45226b,2026-04-30,100.0,city
c45226b,2026-05-03,100.0,city
c45226b,2026-05-05,250.0,city
c45226b,2026-05-14,100.0,city
c8b0275,2025-11-02,100.0,ucb
d757584,2025-08-28,100.0,city
d757584,2025-10-16,100.0,city
d757584,2025-10-20,100.0,city
d757584,2025-10-21,100.0,city
d757584,2025-10-23,100.0,city
d757584,2025-10-25,250.0,city
d757584,2025-10-27,250.0,city
d9870ed,2026-04-21,100.0,city
d9870ed,2026-05-21,500.0,city
da0b755,2025-08-19,100.0,city
da0b755,2025-09-13,250.0,city
da0b755,2025-09-19,100.0,city
db72707,2025-09-15,500.0,city
db72707,2025-09-30,50.0,city
db72707,2025-10-16,100.0,city
db72707,2025-10-22,100.0,city
db72707,2026-02-11,100.0,city
db72707,2026-02-14,250.0,city
db72707,2026-02-14,250.0,city
db72707,2026-02-24,500.0,city
db72707,2026-03-25,50.0,city
db72707,2026-03-25,100.0,city
db72707,2026-03-31,25.0,city
db72707,2026-03-31,100.0,city
db72707,2026-03-31,50.0,city
db72707,2026-03-31,500.0,city
db72707,2026-03-31,100.0,city
db72707,2026-04-08,100.0,city
db72707,2026-04-15,100.0,both
db72707,2026-04-15,250.0,both
db72707,2026-04-15,100.0,city
db72707,2026-04-15,100.0,city
db72707,2026-04-15,100.0,city
db72707,2026-04-15,100.0,city
db72707,2026-04-15,50.0,city
db72707,2026-04-15,1000.0,city
db72707,2026-04-15,25.0,city
db72707,2026-04-15,100.0,city
db72707,2026-04-15,200.0,city
db72707,2026-04-15,100.0,city
db72707,2026-04-15,50.0,city
db72707,2026-04-15,250.0,city
db72707,2026-04-15,100.0,city
db72707,2026-04-15,50.0,city
db72707,2026-04-15,100.0,city
db72707,2026-04-15,25.0,city
db72707,2026-04-15,100.0,city
db72707,2026-04-15,100.0,city
db72707,2026-04-15,100.0,city
db72707,2026-04-15,1000.0,city
db72707,2026-04-15,250.0,city
db72707,2026-04-15,100.0,city
db72707,2026-04-15,100.0,city
db72707,2026-04-15,100.0,ucb
db72707,2026-04-17,50.0,city
db72707,2026-04-17,25.0,city
db72707,2026-04-17,100.0,city
db72707,2026-04-17,100.0,city
db72707,2026-04-17,100.0,city
db72707,2026-04-17,100.0,city
db72707,2026-04-17,100.0,city
db72707,2026-04-17,50.0,city
db72707,2026-04-17,100.0,city
db72707,2026-04-17,1000.0,city
db72707,2026-04-17,100.0,city
db72707,2026-04-17,100.0,ucb
db72707,2026-04-20,100.0,both
db72707,2026-04-20,100.0,city
db72707,2026-04-20,100.0,city
db72707,2026-04-20,50.0,city
db72707,2026-04-20,100.0,city
db72707,2026-04-20,100.0,city
db72707,2026-04-20,100.0,city
db72707,2026-04-20,250.0,city
db72707,2026-04-20,100.0,city
db72707,2026-04-20,100.0,city
db72707,2026-04-20,50.0,city
db72707,2026-04-20,25.0,city
db72707,2026-04-20,100.0,city
db72707,2026-04-20,100.0,city
db72707,2026-04-20,200.0,city
db72707,2026-04-20,50.0,city
db72707,2026-04-20,100.0,city
db72707,2026-04-20,100.0,city
db72707,2026-04-20,250.0,city
db72707,2026-04-20,50.0,city
db72707,2026-04-20,100.0,ucb
db72707,2026-04-20,100.0,ucb
db72707,2026-04-20,100.0,ucb
db72707,2026-04-20,200.0,ucb
db72707,2026-04-21,100.0,city
db72707,2026-04-21,100.0,city
db72707,2026-04-21,100.0,city
db72707,2026-04-21,50.0,city
db72707,2026-04-21,100.0,city
db72707,2026-04-21,100.0,city
db72707,2026-04-21,100.0,city
db72707,2026-04-21,50.0,city
db72707,2026-04-21,25.0,city
db72707,2026-04-22,100.0,city
db72707,2026-04-22,25.0,city
db72707,2026-04-22,50.0,city
db72707,2026-04-22,50.0,city
db72707,2026-04-22,100.0,city
db72707,2026-04-22,50.0,city
db72707,2026-04-22,100.0,city
db72707,2026-04-22,100.0,city
db72707,2026-04-22,50.0,city
db72707,2026-04-22,50.0,city
db72707,2026-04-22,50.0,city
db72707,2026-04-23,250.0,city
db72707,2026-04-23,100.0,city
db72707,2026-04-23,50.0,city
db72707,2026-04-23,15.0,city
db72707,2026-04-23,50.0,city
db72707,2026-04-23,100.0,city
db72707,2026-04-23,100.0,city
db72707,2026-04-23,50.0,city
db72707,2026-04-23,100.0,city
db72707,2026-04-23,250.0,city
db72707,2026-04-23,50.0,city
db72707,2026-04-23,250.0,city
db72707,2026-04-23,50.0,city
db72707,2026-04-23,100.0,city
db72707,2026-04-23,100.0,city
db72707,2026-04-23,100.0,ucb
db72707,2026-04-24,100.0,city
db72707,2026-04-24,100.0,city
db72707,2026-04-24,25.0,city
db72707,2026-04-24,100.0,city
db72707,2026-04-24,50.0,city
db72707,2026-04-24,250.0,city
db72707,2026-04-24,100.0,city
db72707,2026-04-24,500.0,city
db72707,2026-04-24,25.0,city
db72707,2026-04-24,100.0,city
db72707,2026-04-24,100.0,city
db72707,2026-04-24,100.0,city
db72707,2026-04-24,50.0,city
db72707,2026-04-24,80.0,city
db72707,2026-04-24,50.0,ucb
db72707,2026-04-27,100.0,city
db72707,2026-04-27,100.0,city
db72707,2026-04-27,250.0,city
db72707,2026-04-27,100.0,city
db72707,2026-04-27,100.0,city
db72707,2026-04-27,25.0,city
db72707,2026-04-27,50.0,city
db72707,2026-04-27,100.0,city
db72707,2026-04-27,100.0,city
db72707,2026-04-27,250.0,city
db72707,2026-04-27,25.0,city
db72707,2026-04-27,50.0,city
db72707,2026-04-27,50.0,city
db72707,2026-04-27,10.0,city
db72707,2026-04-27,1000.0,city
db72707,2026-04-28,100.0,city
db72707,2026-04-28,250.0,city
db72707,2026-04-28,100.0,city
db72707,2026-04-28,100.0,city
db72707,2026-04-28,25.0,city
db72707,2026-04-29,100.0,city
db72707,2026-04-29,25.0,city
db72707,2026-04-29,50.0,city
db72707,2026-04-29,100.0,city
db72707,2026-04-29,25.0,city
db72707,2026-04-29,25.0,city
db72707,2026-04-29,1000.0,city
db72707,2026-04-29,50.0,city
db72707,2026-04-29,100.0,city
db72707,2026-04-30,100.0,city
db72707,2026-04-30,250.0,city
db72707,2026-04-30,100.0,city
db72707,2026-04-30,21.06,city
db72707,2026-04-30,100.0,city
db72707,2026-04-30,500.0,city
db72707,2026-04-30,50.0,city
db72707,2026-04-30,100.0,city
db72707,2026-04-30,100.0,city
db72707,2026-05-01,100.0,city
db72707,2026-05-01,50.0,city
db72707,2026-05-01,50.0,city
db72707,2026-05-01,20.0,city
db72707,2026-05-01,100.0,city
db72707,2026-05-01,50.0,city
db72707,2026-05-01,100.0,city
db72707,2026-05-01,50.0,city
db72707,2026-05-01,100.0,city
db72707,2026-05-01,100.0,city
db72707,2026-05-01,100.0,city
db72707,2026-05-01,50.0,city
db72707,2026-05-01,100.0,city
db72707,2026-05-01,100.0,city
db72707,2026-05-01,50.0,city
db72707,2026-05-01,50.0,city
db72707,2026-05-01,100.0,city
db72707,2026-05-01,100.0,city
db72707,2026-05-01,100.0,city
db72707,2026-05-01,50.0,city
db72707,2026-05-01,100.0,city
db72707,2026-05-01,35.0,city
db72707,2026-05-01,100.0,city
db72707,2026-05-01,100.0,city
db72707,2026-05-01,25.0,city
db72707,2026-05-04,100.0,city
db72707,2026-05-04,150.0,city
db72707,2026-05-04,100.0,city
db72707,2026-05-04,250.0,city
db72707,2026-05-04,100.0,city
db72707,2026-05-04,2500.0,city
db72707,2026-05-04,100.0,city
db72707,2026-05-04,50.0,city
db72707,2026-05-04,50.0,city
db72707,2026-05-04,10.0,city
db72707,2026-05-04,25.0,city
db72707,2026-05-04,100.0,city
db72707,2026-05-04,25.0,city
db72707,2026-05-05,50.0,city
db72707,2026-05-05,35.55,city
db72707,2026-05-05,100.0,city
db72707,2026-05-05,100.0,city
db72707,2026-05-05,25.0,city
db72707,2026-05-06,500.0,city
db72707,2026-05-06,100.0,city
db72707,2026-05-06,100.0,city
db72707,2026-05-06,50.0,city
db72707,2026-05-06,100.0,city
db72707,2026-05-06,100.0,city
db72707,2026-05-06,50.0,city
db72707,2026-05-06,100.0,city
db72707,2026-05-06,10.0,city
db72707,2026-05-06,25.0,city
db72707,2026-05-06,50.0,city
db72707,2026-05-06,100.0,city
db72707,2026-05-06,100.0,city
db72707,2026-05-06,250.0,city
db72707,2026-05-06,25.0,city
db72707,2026-05-06,50.0,city
db72707,2026-05-06,50.0,city
db72707,2026-05-06,25.0,ucb
db72707,2026-05-07,50.0,city
db72707,2026-05-07,100.0,city
db72707,2026-05-07,2500.0,city
db72707,2026-05-07,100.0,city
db72707,2026-05-07,50.0,city
db72707,2026-05-07,50.0,city
db72707,2026-05-07,500.0,city
db72707,2026-05-07,250.0,city
db72707,2026-05-08,20.0,city
db72707,2026-05-08,1500.0,city
db72707,2026-05-08,10.0,city
db72707,2026-05-08,25.0,city
db72707,2026-05-11,50.0,city
db72707,2026-05-11,106.42,city
db72707,2026-05-11,100.0,city
db72707,2026-05-11,10.0,city
db72707,2026-05-11,50.0,city
db72707,2026-05-11,500.0,city
db72707,2026-05-11,100.0,ucb
db72707,2026-05-12,25.0,city
db72707,2026-05-13,50.0,city
db72707,2026-05-14,100.0,city
db72707,2026-05-14,25.0,city
db72707,2026-05-14,250.0,city
db72707,2026-05-14,100.0,city
db72707,2026-05-14,25.0,city
db72707,2026-05-15,100.0,city
db72707,2026-05-15,20.0,city
db72707,2026-05-15,50.0,city
db72707,2026-05-15,10.0,city
db72707,2026-05-15,25.0,city
db72707,2026-05-15,25.0,city
db72707,2026-05-15,25.0,city
db72707,2026-05-18,125.0,city
db72707,2026-05-18,50.0,city
db72707,2026-05-18,50.0,city
db72707,2026-05-18,25.0,city
db72707,2026-05-18,100.0,city
db72707,2026-05-18,100.0,city
db72707,2026-05-18,50.0,city
db72707,2026-05-18,50.0,city
db72707,2026-05-18,50.0,city
db72707,2026-05-18,50.0,city
db72707,2026-05-18,5.0,city
db72707,2026-05-18,50.0,city
db72707,2026-05-18,50.0,city
db72707,2026-05-18,20.0,city
db72707,2026-05-18,100.0,city
db72707,2026-05-18,100.0,city
db72707,2026-05-18,5.0,city
db72707,2026-05-18,50.0,city
db72707,2026-05-18,50.0,city
db72707,2026-05-18,10.0,city
db72707,2026-05-18,39200.0,city
db72707,2026-05-18,25.0,city
db72707,2026-05-18,250.0,city
db72707,2026-05-19,50.0,city
db72707,2026-05-19,100.0,city
db72707,2026-05-19,50.0,city
db72707,2026-05-19,100.0,city
db72707,2026-05-19,25.0,city
db72707,2026-05-19,20.26,city
db72707,2026-05-19,50.0,city
db72707,2026-05-19,250.0,city
db72707,2026-05-20,50.0,city
db72707,2026-05-20,50.0,city
db72707,2026-05-21,100.0,city
db72707,2026-05-21,100.0,city
db72707,2026-05-21,100.0,city
db72707,2026-05-21,9200.0,city
db72707,2026-05-21,30000.0,city
db72707,2026-05-21,100.0,city
db72707,2026-05-22,50.0,city
db72707,2026-05-22,10.0,city
db72707,2026-05-22,22500.0,city
db72707,2026-05-22,12000.0,city
db72707,2026-05-22,4700.0,city
db72707,2026-05-22,20.0,city
db72707,2026-05-22,14200.0,city
db72707,2026-05-22,25000.0,city
db72707,2026-05-26,50.0,city
db72707,2026-05-26,50.0,city
db72707,2026-05-26,50.0,city
db72707,2026-05-26,50.0,city
db72707,2026-05-26,50.0,city
db72707,2026-05-26,25.0,city
db72707,2026-05-26,50.0,city
db72707,2026-05-26,50.0,city
db72707,2026-05-26,100.0,city
db72707,2026-05-26,50.0,city
db72707,2026-05-26,50.0,city
db72707,2026-05-26,100.0,city
db72707,2026-05-26,50.0,city
db72707,2026-05-26,25.0,city
db72707,2026-05-26,100.0,city
db72707,2026-05-26,100.0,city
db72707,2026-05-26,50.0,city
db72707,2026-05-26,10.0,city
db72707,2026-05-26,20.26,city
db72707,2026-05-26,50.0,city
db72707,2026-05-26,25.0,city
db72707,2026-05-26,20.0,city
db72707,2026-05-27,25.0,city
db72707,2026-05-27,50.0,city
db72707,2026-05-27,500.0,city
db72707,2026-05-27,50.0,city
db72707,2026-05-27,25.0,city
db72707,2026-05-28,50.0,city
db72707,2026-05-28,10.0,city
db72707,2026-05-28,50.0,city
db72707,2026-05-28,25000.0,city
db72707,2026-05-28,25.0,city
db72707,2026-05-28,100.0,city
db72707,2026-05-28,25000.0,city
db72707,2026-05-28,14200.0,city
db72707,2026-05-28,100.0,city
db72707,2026-05-28,50.0,ucb
db72707,2026-05-29,1000.0,city
db72707,2026-05-29,10.0,city
db72707,2026-05-29,5.0,city
db72707,2026-05-29,1000.0,city
db72707,2026-05-29,100.0,city
db72707,2026-05-29,14200.0,city
db72707,2026-05-29,19200.0,city
db72707,2026-05-29,14000.0,city
db72707,2026-05-29,12500.0,city
db72707,2026-05-29,8500.0,city
db72707,2026-05-29,4200.0,city
db72707,2026-05-29,25.0,city
db72707,2026-06-01,20.26,city
db72707,2026-06-01,39200.0,city
db72707,2026-06-01,5100.0,city
db72707,2026-06-01,50.0,city
db72707,2026-06-01,39200.0,city
db72707,2026-06-01,25.0,city
db72707,2026-06-01,20000.0,city
db72707,2026-06-01,10.0,city
db72707,2026-06-01,25.0,city
db72707,2026-06-02,50.0,city
db72707,2026-06-02,50.0,city
db72707,2026-06-02,20.26,city
db72707,2026-06-05,25.0,city
db72707,2026-06-05,25.0,city
db72707,2026-06-11,2500.0,city
db72707,2026-06-15,250.0,both
db72707,2026-06-15,100.0,city
db72707,2026-06-15,50.0,city
db72707,2026-06-15,100.0,city
db72707,2026-06-15,25.0,city
db72707,2026-06-15,25.0,city
db72707,2026-06-15,100.0,city
db72707,2026-06-15,100.0,city
db72707,2026-06-15,100.0,city
db72707,2026-06-15,100.0,city
db72707,2026-06-15,27.2,city
db72707,2026-06-15,100.0,city
db72707,2026-06-15,25.0,city
db72707,2026-06-15,100.0,city
db72707,2026-06-15,25.0,city
db72707,2026-06-15,50.0,city
db72707,2026-06-15,10.0,city
db72707,2026-06-15,25.0,city
db72707,2026-06-15,50.0,city
db72707,2026-06-15,25.0,city
db72707,2026-06-15,100.0,city
db72707,2026-06-15,500.0,city
db72707,2026-06-22,25.0,city
db72707,2026-06-22,50.0,city
db72707,2026-06-22,30.0,city
db72707,2026-06-22,100.0,city
db72707,2026-06-22,100.0,city
db72707,2026-06-22,25.0,city
db72707,2026-06-22,25.0,city
db72707,2026-06-22,50.0,city
db72707,2026-06-22,25.0,city
db72707,2026-06-22,50.0,ucb
db72707,2026-06-28,2500.0,city
db72707,2026-06-29,100.0,city
db72707,2026-06-29,50.0,city
db72707,2026-06-29,25.0,city
db72707,2026-06-29,5.0,city
db72707,2026-06-29,25.0,city
db72707,2026-06-29,10.0,city
db72707,2026-06-29,100.0,city
db72707,2026-06-29,250.0,city
db72707,2026-06-30,100.0,both
db72707,2026-06-30,100.0,both
db72707,2026-06-30,50.0,city
db72707,2026-07-06,39200.0,city
db72707,2026-07-13,39200.0,city
dbb5df4,2026-05-30,5900.0,city
dbb5df4,2026-05-30,5900.0,city
e07633f,2025-10-24,100.0,city
e07633f,2025-11-09,165.0,city
e07633f,2026-01-26,100.0,city
e07633f,2026-02-19,50.0,city
e07633f,2026-04-06,100.0,city
e07633f,2026-04-24,100.0,city
e08ee23,2025-08-23,100.0,city
e08ee23,2025-10-12,100.0,city
e08ee23,2025-10-13,100.0,city
e08ee23,2025-10-20,1000.0,city
e08ee23,2025-12-24,100.0,city
e08ee23,2026-01-22,200.0,city
e08ee23,2026-02-10,100.0,city
e08ee23,2026-02-23,100.0,city
e08ee23,2026-03-17,100.0,city
e08ee23,2026-03-25,500.0,city
e08ee23,2026-03-31,100.0,city
e08ee23,2026-04-16,200.0,ucb
e08ee23,2026-04-29,2000.0,city
e08ee23,2026-05-01,100.0,city
e08ee23,2026-05-01,100.0,city
e08ee23,2026-05-05,25.0,city
e08ee23,2026-05-11,50.0,city
e08ee23,2026-05-12,500.0,city
e08ee23,2026-05-16,104.1,city
e08ee23,2026-05-18,104.1,city
e08ee23,2026-05-20,40.0,city
e08ee23,2026-06-01,260.25,city
e08ee23,2026-06-02,100.0,city
e08ee23,2026-06-05,20.26,city
e08ee23,2026-06-08,25.0,city
e08ee23,2026-06-11,50.0,city
e08ee23,2026-06-12,25.0,city
e08ee23,2026-06-15,100.0,city
e08ee23,2026-06-15,25.0,city
e19b655,2025-08-13,500.0,city
e19b655,2025-08-13,125.0,city
e19b655,2025-08-15,25.0,ucb
e19b655,2025-08-17,50.0,city
e19b655,2025-08-17,250.0,ucb
e19b655,2025-08-18,125.0,city
e19b655,2025-08-19,250.0,city
e19b655,2025-08-20,500.0,city
e19b655,2025-08-24,50.0,city
e19b655,2025-08-27,50.0,city
e19b655,2025-09-05,50.0,city
e19b655,2025-09-07,50.0,city
e19b655,2025-09-07,20.0,city
e19b655,2025-09-07,250.0,city
e19b655,2025-09-16,35.0,ucb
e19b655,2025-09-17,50.0,city
e19b655,2025-09-24,50.0,city
e19b655,2025-09-27,50.0,city
e19b655,2025-09-30,250.0,city
e19b655,2025-10-05,50.0,city
e19b655,2025-10-07,50.0,city
e19b655,2025-10-17,50.0,city
e19b655,2025-10-24,50.0,city
e19b655,2025-10-27,50.0,city
e19b655,2025-11-05,50.0,city
e19b655,2025-11-07,50.0,city
e19b655,2025-11-17,50.0,city
e19b655,2025-11-19,100.0,city
e19b655,2025-11-20,35.0,ucb
e19b655,2025-11-22,35.0,city
e19b655,2025-11-24,50.0,city
e19b655,2025-11-27,50.0,city
e19b655,2025-12-03,2500.0,city
e19b655,2025-12-05,50.0,city
e19b655,2025-12-06,50.0,city
e19b655,2025-12-07,50.0,city
e19b655,2025-12-17,50.0,city
e19b655,2025-12-23,35.0,ucb
e19b655,2025-12-24,50.0,city
e19b655,2025-12-27,50.0,city
e19b655,2025-12-29,250.0,city
e19b655,2025-12-31,250.0,city
e19b655,2025-12-31,50.0,city
e19b655,2026-01-05,50.0,city
e19b655,2026-01-07,50.0,city
e19b655,2026-01-17,50.0,city
e19b655,2026-01-22,250.0,city
e19b655,2026-01-24,50.0,city
e19b655,2026-01-27,50.0,city
e19b655,2026-02-05,50.0,city
e19b655,2026-02-07,50.0,city
e19b655,2026-02-17,50.0,city
e19b655,2026-02-24,50.0,city
e19b655,2026-02-27,50.0,city
e19b655,2026-03-07,50.0,city
e19b655,2026-03-17,50.0,city
e19b655,2026-03-24,50.0,city
e19b655,2026-03-24,250.0,city
e19b655,2026-03-27,50.0,city
e19b655,2026-04-07,50.0,city
e19b655,2026-04-17,50.0,city
e19b655,2026-04-24,50.0,city
e19b655,2026-04-27,50.0,city
e19b655,2026-04-29,200.0,city
e19b655,2026-04-29,250.0,city
e19b655,2026-05-07,50.0,city
e19b655,2026-05-07,200.0,city
e19b655,2026-05-08,250.0,city
e19b655,2026-05-08,1000.0,city
e19b655,2026-05-08,200.0,city
e19b655,2026-05-17,50.0,city
e19b655,2026-05-24,50.0,city
e19b655,2026-05-26,250.0,city
e19b655,2026-05-27,50.0,city
e19b655,2026-06-03,250.0,city
e53577c,2025-08-10,250.0,city
e53577c,2025-09-10,250.0,city
e601184,2025-08-11,10.0,city
e601184,2025-08-11,10.0,city
e601184,2025-08-11,5.0,city
e601184,2025-08-11,3.0,city
e601184,2025-08-11,25.0,city
e601184,2025-08-11,12.0,city
e601184,2025-08-11,25.0,city
e601184,2025-08-11,15.0,city
e601184,2025-08-12,5.0,city
e601184,2025-08-12,10.0,city
e601184,2025-08-13,10.0,city
e601184,2025-08-13,5.0,city
e601184,2025-08-14,50.0,city
e601184,2025-08-14,10.0,city
e601184,2025-08-15,27.0,city
e601184,2025-08-15,100.0,city
e601184,2025-08-15,20.0,ucb
e601184,2025-08-16,50.0,city
e601184,2025-08-16,5.0,city
e601184,2025-08-16,250.0,city
e601184,2025-08-16,25.0,ucb
e601184,2025-08-17,25.0,city
e601184,2025-08-19,5.0,city
e601184,2025-08-19,35.0,city
e601184,2025-08-20,50.0,city
e601184,2025-08-22,100.0,city
e601184,2025-08-22,150.0,city
e601184,2025-08-24,25.0,city
e601184,2025-08-24,50.0,city
e601184,2025-08-24,25.0,city
e601184,2025-08-25,50.0,city
e601184,2025-08-26,10.0,city
e601184,2025-08-26,100.0,city
e601184,2025-08-27,4.0,city
e601184,2025-08-28,10.0,city
e601184,2025-08-28,4.0,city
e601184,2025-08-28,10.0,city
e601184,2025-08-28,100.0,city
e601184,2025-08-29,20.0,city
e601184,2025-08-29,3.0,city
e601184,2025-08-30,10.0,city
e601184,2025-08-30,50.0,city
e601184,2025-08-30,50.0,city
e601184,2025-08-31,15.0,city
e601184,2025-08-31,15.0,city
e601184,2025-08-31,100.0,city
e601184,2025-08-31,6.0,ucb
e601184,2025-09-01,10.0,city
e601184,2025-09-03,3.0,city
e601184,2025-09-06,5.0,city
e601184,2025-09-06,100.0,city
e601184,2025-09-06,25.0,city
e601184,2025-09-06,25.0,city
e601184,2025-09-08,40.0,city
e601184,2025-09-09,100.0,city
e601184,2025-09-11,10.0,city
e601184,2025-09-11,5.0,city
e601184,2025-09-11,25.0,city
e601184,2025-09-11,25.0,city
e601184,2025-09-12,10.0,city
e601184,2025-09-12,25.0,city
e601184,2025-09-12,15.0,city
e601184,2025-09-12,20.0,city
e601184,2025-09-13,10.0,city
e601184,2025-09-13,5.0,city
e601184,2025-09-13,20.0,city
e601184,2025-09-14,61.0,city
e601184,2025-09-14,25.0,city
e601184,2025-09-14,10.0,city
e601184,2025-09-15,20.0,city
e601184,2025-09-15,50.0,city
e601184,2025-09-15,15.0,city
e601184,2025-09-15,20.0,ucb
e601184,2025-09-16,50.0,city
e601184,2025-09-16,100.0,city
e601184,2025-09-17,25.0,city
e601184,2025-09-18,250.0,city
e601184,2025-09-20,20.0,city
e601184,2025-09-20,50.0,city
e601184,2025-09-22,1000.0,city
e601184,2025-09-22,25.0,city
e601184,2025-09-23,25.0,city
e601184,2025-09-23,250.0,city
e601184,2025-09-24,25.0,city
e601184,2025-09-24,259.0,city
e601184,2025-09-24,1000.0,city
e601184,2025-09-25,50.0,city
e601184,2025-09-26,50.0,city
e601184,2025-09-26,50.0,city
e601184,2025-09-27,5.0,city
e601184,2025-09-27,100.0,city
e601184,2025-09-27,100.0,city
e601184,2025-09-28,10.0,city
e601184,2025-09-29,30.0,city
e601184,2025-09-29,15.0,city
e601184,2025-09-29,10.0,city
e601184,2025-09-29,50.0,city
e601184,2025-09-29,3.0,city
e601184,2025-09-30,50.0,city
e601184,2025-09-30,25.0,city
e601184,2025-09-30,15.0,city
e601184,2025-09-30,15.0,city
e601184,2025-09-30,50.0,city
e601184,2025-09-30,50.0,city
e601184,2025-09-30,180.0,city
e601184,2025-09-30,15.0,city
e601184,2025-09-30,10.0,city
e601184,2025-09-30,6.0,ucb
e601184,2025-10-01,10.0,city
e601184,2025-10-01,50.0,city
e601184,2025-10-01,50.0,city
e601184,2025-10-06,10.0,city
e601184,2025-10-11,10.0,city
e601184,2025-10-11,25.0,city
e601184,2025-10-11,25.0,city
e601184,2025-10-12,10.0,city
e601184,2025-10-12,15.0,city
e601184,2025-10-13,10.0,city
e601184,2025-10-13,5.0,city
e601184,2025-10-14,10.0,city
e601184,2025-10-15,20.0,ucb
e601184,2025-10-16,50.0,city
e601184,2025-10-17,25.0,city
e601184,2025-10-20,100.0,city
e601184,2025-10-20,100.0,city
e601184,2025-10-22,25.0,city
e601184,2025-10-23,30.0,city
e601184,2025-10-23,5.0,city
e601184,2025-10-24,25.0,city
e601184,2025-10-25,50.0,city
e601184,2025-10-26,100.0,city
e601184,2025-10-27,15.0,city
e601184,2025-10-27,100.0,city
e601184,2025-10-28,10.0,city
e601184,2025-10-29,3.0,city
e601184,2025-10-30,50.0,city
e601184,2025-10-30,50.0,city
e601184,2025-10-30,50.0,city
e601184,2025-10-31,15.0,city
e601184,2025-10-31,15.0,city
e601184,2025-10-31,6.0,ucb
e601184,2025-11-01,10.0,city
e601184,2025-11-05,50.0,city
e601184,2025-11-08,15.0,city
e601184,2025-11-10,15.0,city
e601184,2025-11-11,10.0,city
e601184,2025-11-11,25.0,city
e601184,2025-11-11,25.0,city
e601184,2025-11-12,30.0,city
e601184,2025-11-12,10.0,city
e601184,2025-11-12,15.0,city
e601184,2025-11-13,10.0,city
e601184,2025-11-13,5.0,city
e601184,2025-11-14,10.0,city
e601184,2025-11-15,20.0,ucb
e601184,2025-11-16,50.0,city
e601184,2025-11-16,25.0,city
e601184,2025-11-16,25.0,city
e601184,2025-11-17,100.0,city
e601184,2025-11-17,25.0,city
e601184,2025-11-19,20.0,city
e601184,2025-11-20,50.0,city
e601184,2025-11-22,25.0,city
e601184,2025-11-24,25.0,city
e601184,2025-11-29,5.0,city
e601184,2025-11-29,3.0,city
e601184,2025-11-30,50.0,city
e601184,2025-11-30,50.0,city
e601184,2025-11-30,15.0,city
e601184,2025-11-30,15.0,city
e601184,2025-11-30,50.0,city
e601184,2025-11-30,100.0,city
e601184,2025-11-30,25.0,city
e601184,2025-11-30,6.0,ucb
e601184,2025-12-01,10.0,city
e601184,2025-12-01,50.0,city
e601184,2025-12-05,10.0,city
e601184,2025-12-05,50.0,city
e601184,2025-12-06,-3.0,city
e601184,2025-12-08,20.0,city
e601184,2025-12-11,10.0,city
e601184,2025-12-11,25.0,city
e601184,2025-12-11,25.0,city
e601184,2025-12-12,10.0,city
e601184,2025-12-12,15.0,city
e601184,2025-12-12,100.0,city
e601184,2025-12-13,10.0,city
e601184,2025-12-13,5.0,city
e601184,2025-12-14,10.0,city
e601184,2025-12-15,20.0,ucb
e601184,2025-12-16,50.0,city
e601184,2025-12-16,25.0,city
e601184,2025-12-16,25.0,city
e601184,2025-12-16,50.0,city
e601184,2025-12-17,25.0,city
e601184,2025-12-17,25.0,city
e601184,2025-12-22,100.0,city
e601184,2025-12-22,25.0,city
e601184,2025-12-22,25.0,city
e601184,2025-12-24,20.0,city
e601184,2025-12-29,100.0,city
e601184,2025-12-30,50.0,city
e601184,2025-12-30,50.0,city
e601184,2025-12-30,250.0,city
e601184,2025-12-30,75.0,city
e601184,2025-12-30,25.0,city
e601184,2025-12-31,15.0,city
e601184,2025-12-31,15.0,city
e601184,2025-12-31,50.0,city
e601184,2025-12-31,50.0,city
e601184,2025-12-31,6.0,ucb
e601184,2026-01-04,5.0,city
e601184,2026-01-05,10.0,city
e601184,2026-01-07,3.0,city
e601184,2026-01-11,25.0,city
e601184,2026-01-11,25.0,city
e601184,2026-01-12,3.0,city
e601184,2026-01-13,10.0,both
e601184,2026-01-14,100.0,city
e601184,2026-01-16,50.0,city
e601184,2026-01-16,25.0,city
e601184,2026-01-16,25.0,city
e601184,2026-01-17,25.0,city
e601184,2026-01-17,3.0,city
e601184,2026-01-17,25.0,city
e601184,2026-01-20,50.0,city
e601184,2026-01-23,5.0,both
e601184,2026-01-23,5.0,city
e601184,2026-01-23,500.0,city
e601184,2026-01-24,20.0,city
e601184,2026-01-26,5.0,city
e601184,2026-01-27,100.0,city
e601184,2026-01-28,5.0,both
e601184,2026-01-28,100.0,city
e601184,2026-01-28,100.0,city
e601184,2026-01-29,50.0,city
e601184,2026-01-29,50.0,city
e601184,2026-01-29,50.0,city
e601184,2026-01-30,3.0,city
e601184,2026-01-30,50.0,city
e601184,2026-01-30,75.0,city
e601184,2026-01-30,100.0,city
e601184,2026-01-30,50.0,city
e601184,2026-01-30,100.0,city
e601184,2026-01-30,25.0,city
e601184,2026-01-31,15.0,city
e601184,2026-01-31,15.0,city
e601184,2026-02-03,3.0,city
e601184,2026-02-05,10.0,city
e601184,2026-02-06,5.0,city
e601184,2026-02-07,50.0,both
e601184,2026-02-07,25.0,city
e601184,2026-02-10,40.0,city
e601184,2026-02-11,25.0,city
e601184,2026-02-11,25.0,city
e601184,2026-02-13,10.0,both
e601184,2026-02-14,5.0,city
e601184,2026-02-16,20.0,city
e601184,2026-02-16,50.0,city
e601184,2026-02-16,25.0,city
e601184,2026-02-16,25.0,city
e601184,2026-02-16,25.0,city
e601184,2026-02-17,25.0,city
e601184,2026-02-17,10.0,city
e601184,2026-02-19,50.0,city
e601184,2026-02-19,100.0,city
e601184,2026-02-21,50.0,both
e601184,2026-02-22,300.0,city
e601184,2026-02-23,5.0,both
e601184,2026-02-24,3.0,city
e601184,2026-02-24,20.0,city
e601184,2026-02-27,3.0,city
e601184,2026-02-27,180.0,city
e601184,2026-02-28,5.0,both
e601184,2026-02-28,100.0,city
e601184,2026-02-28,50.0,city
e601184,2026-02-28,50.0,city
e601184,2026-02-28,15.0,city
e601184,2026-02-28,15.0,city
e601184,2026-02-28,25.0,city
e601184,2026-03-02,5.0,city
e601184,2026-03-03,25.0,city
e601184,2026-03-03,100.0,city
e601184,2026-03-05,10.0,city
e601184,2026-03-06,5.0,city
e601184,2026-03-10,100.0,city
e601184,2026-03-11,5.0,city
e601184,2026-03-11,25.0,city
e601184,2026-03-11,100.0,city
e601184,2026-03-11,60.0,city
e601184,2026-03-11,25.0,city
e601184,2026-03-11,40.0,city
e601184,2026-03-13,10.0,both
e601184,2026-03-15,3.0,city
e601184,2026-03-15,100.0,city
e601184,2026-03-15,100.0,city
e601184,2026-03-16,50.0,city
e601184,2026-03-16,25.0,city
e601184,2026-03-16,25.0,city
e601184,2026-03-16,25.0,city
e601184,2026-03-17,25.0,city
e601184,2026-03-18,50.0,city
e601184,2026-03-19,3.0,city
e601184,2026-03-20,500.0,city
e601184,2026-03-21,10.0,both
e601184,2026-03-21,5000.0,city
e601184,2026-03-21,500.0,city
e601184,2026-03-22,100.0,city
e601184,2026-03-23,5.0,both
e601184,2026-03-23,3.0,city
e601184,2026-03-23,250.0,ucb
e601184,2026-03-24,20.0,city
e601184,2026-03-25,50.0,city
e601184,2026-03-26,25.0,city
e601184,2026-03-26,25.0,city
e601184,2026-03-28,5.0,both
e601184,2026-03-28,25.0,city
e601184,2026-03-29,100.0,city
e601184,2026-03-30,50.0,city
e601184,2026-03-30,10.0,city
e601184,2026-03-30,50.0,city
e601184,2026-03-30,25.0,city
e601184,2026-03-30,12.0,ucb
e601184,2026-03-31,3.0,city
e601184,2026-03-31,100.0,city
e601184,2026-03-31,50.0,city
e601184,2026-03-31,100.0,city
e601184,2026-03-31,100.0,city
e601184,2026-03-31,15.0,city
e601184,2026-03-31,15.0,city
e601184,2026-04-01,100.0,city
e601184,2026-04-03,5.0,city
e601184,2026-04-04,25.0,city
e601184,2026-04-05,100.0,city
e601184,2026-04-05,10.0,city
e601184,2026-04-05,100.0,city
e601184,2026-04-06,5.0,city
e601184,2026-04-06,50.0,city
e601184,2026-04-06,10.0,city
e601184,2026-04-07,5.0,city
e601184,2026-04-07,12.0,ucb
e601184,2026-04-08,50.0,both
e601184,2026-04-08,100.0,city
e601184,2026-04-10,5.0,city
e601184,2026-04-10,100.0,city
e601184,2026-04-10,150.0,ucb
e601184,2026-04-11,100.0,city
e601184,2026-04-11,25.0,city
e601184,2026-04-11,25.0,city
e601184,2026-04-11,25.0,city
e601184,2026-04-11,25.0,city
e601184,2026-04-11,100.0,city
e601184,2026-04-11,25.0,city
e601184,2026-04-11,40.0,city
e601184,2026-04-12,250.0,city
e601184,2026-04-12,100.0,city
e601184,2026-04-12,100.0,city
e601184,2026-04-12,180.0,city
e601184,2026-04-13,10.0,both
e601184,2026-04-13,100.0,city
e601184,2026-04-13,150.0,city
e601184,2026-04-13,5.0,city
e601184,2026-04-13,100.0,city
e601184,2026-04-13,250.0,city
e601184,2026-04-13,50.0,city
e601184,2026-04-13,100.0,city
e601184,2026-04-13,50.0,city
e601184,2026-04-13,10.0,city
e601184,2026-04-13,500.0,city
e601184,2026-04-14,1000.0,city
e601184,2026-04-14,50.0,city
e601184,2026-04-14,25.0,city
e601184,2026-04-14,12.0,ucb
e601184,2026-04-15,50.0,city
e601184,2026-04-16,500.0,city
e601184,2026-04-16,100.0,city
e601184,2026-04-16,50.0,city
e601184,2026-04-16,25.0,city
e601184,2026-04-16,25.0,city
e601184,2026-04-16,25.0,city
e601184,2026-04-17,25.0,city
e601184,2026-04-17,25.0,city
e601184,2026-04-17,100.0,city
e601184,2026-04-17,100.0,city
e601184,2026-04-17,100.0,city
e601184,2026-04-17,76.16,city
e601184,2026-04-17,100.0,ucb
e601184,2026-04-18,100.0,city
e601184,2026-04-18,50.0,city
e601184,2026-04-18,5.0,city
e601184,2026-04-18,25.0,city
e601184,2026-04-18,50.0,city
e601184,2026-04-20,10.0,city
e601184,2026-04-20,100.0,city
e601184,2026-04-20,100.0,city
e601184,2026-04-20,100.0,city
e601184,2026-04-21,10.0,both
e601184,2026-04-21,250.0,city
e601184,2026-04-21,100.0,city
e601184,2026-04-22,100.0,city
e601184,2026-04-22,1000.0,city
e601184,2026-04-22,250.0,city
e601184,2026-04-22,50.0,city
e601184,2026-04-22,50.0,city
e601184,2026-04-23,100.0,city
e601184,2026-04-23,100.0,city
e601184,2026-04-23,75.0,city
e601184,2026-04-23,50.0,city
e601184,2026-04-24,25.0,city
e601184,2026-04-24,20.0,city
e601184,2026-04-25,200.0,city
e601184,2026-04-25,110.0,city
e601184,2026-04-25,25.0,city
e601184,2026-04-25,25.0,city
e601184,2026-04-26,100.0,city
e601184,2026-04-26,1000.0,city
e601184,2026-04-26,100.0,city
e601184,2026-04-27,10.0,city
e601184,2026-04-27,100.0,city
e601184,2026-04-28,25.0,city
e601184,2026-04-28,100.0,city
e601184,2026-04-28,100.0,city
e601184,2026-04-28,100.0,city
e601184,2026-04-29,100.0,city
e601184,2026-04-29,50.0,city
e601184,2026-04-30,450.0,city
e601184,2026-04-30,75.0,city
e601184,2026-04-30,25.0,city
e601184,2026-04-30,15.0,city
e601184,2026-04-30,15.0,city
e601184,2026-04-30,50.0,city
e601184,2026-04-30,50.0,city
e601184,2026-05-01,25.0,city
e601184,2026-05-01,3.0,city
e601184,2026-05-02,150.0,city
e601184,2026-05-02,100.0,city
e601184,2026-05-02,25.0,city
e601184,2026-05-03,50.0,city
e601184,2026-05-03,50.0,city
e601184,2026-05-04,10.0,city
e601184,2026-05-04,100.0,city
e601184,2026-05-04,50.0,city
e601184,2026-05-05,10.0,city
e601184,2026-05-05,10.0,city
e601184,2026-05-05,500.0,city
e601184,2026-05-05,500.0,city
e601184,2026-05-05,50.0,city
e601184,2026-05-05,100.0,city
e601184,2026-05-06,5.0,city
e601184,2026-05-06,40.03,city
e601184,2026-05-07,1000.0,city
e601184,2026-05-08,25.0,city
e601184,2026-05-08,3.0,city
e601184,2026-05-09,25.0,city
e601184,2026-05-10,250.0,city
e601184,2026-05-10,100.0,city
e601184,2026-05-11,25.0,city
e601184,2026-05-11,10.0,city
e601184,2026-05-11,40.0,city
e601184,2026-05-11,75.0,city
e601184,2026-05-11,100.0,city
e601184,2026-05-11,100.0,city
e601184,2026-05-12,10.0,city
e601184,2026-05-12,19700.0,city
e601184,2026-05-12,12500.0,city
e601184,2026-05-12,7000.0,city
e601184,2026-05-12,25.0,city
e601184,2026-05-13,500.0,city
e601184,2026-05-13,25.0,city
e601184,2026-05-14,100.0,city
e601184,2026-05-15,15.0,city
e601184,2026-05-15,25.0,city
e601184,2026-05-15,100.0,city
e601184,2026-05-15,5000.0,city
e601184,2026-05-15,50.0,city
e601184,2026-05-16,25.0,city
e601184,2026-05-16,25.0,city
e601184,2026-05-16,25.0,city
e601184,2026-05-16,100.0,city
e601184,2026-05-16,50.0,city
e601184,2026-05-16,50.0,city
e601184,2026-05-16,3.0,city
e601184,2026-05-16,25.0,city
e601184,2026-05-16,50.0,city
e601184,2026-05-17,25.0,city
e601184,2026-05-17,100.0,city
e601184,2026-05-17,20.26,city
e601184,2026-05-17,100.0,city
e601184,2026-05-17,5200.0,city
e601184,2026-05-17,34000.0,city
e601184,2026-05-17,100.0,city
e601184,2026-05-17,100.0,ucb
e601184,2026-05-18,100.0,city
e601184,2026-05-18,10.0,city
e601184,2026-05-19,3.0,city
e601184,2026-05-19,200.0,city
e601184,2026-05-19,100.0,city
e601184,2026-05-19,50.0,city
e601184,2026-05-19,10.0,city
e601184,2026-05-19,12.0,ucb
e601184,2026-05-20,19800.0,city
e601184,2026-05-20,50.0,city
e601184,2026-05-21,10.0,both
e601184,2026-05-21,3.0,city
e601184,2026-05-21,100.0,city
e601184,2026-05-21,50.0,city
e601184,2026-05-21,19400.0,city
e601184,2026-05-22,25.0,city
e601184,2026-05-22,25.0,city
e601184,2026-05-22,15.0,city
e601184,2026-05-23,5.0,both
e601184,2026-05-23,25.0,city
e601184,2026-05-24,20.0,city
e601184,2026-05-24,15000.0,city
e601184,2026-05-24,20.26,city
e601184,2026-05-24,10.0,city
e601184,2026-05-25,10.0,city
e601184,2026-05-26,30.0,city
e601184,2026-05-26,10.0,city
e601184,2026-05-26,12.0,ucb
e601184,2026-05-27,100.0,city
e601184,2026-05-28,5.0,both
e601184,2026-05-28,100.0,city
e601184,2026-05-28,25.0,city
e601184,2026-05-29,100.0,city
e601184,2026-05-29,25.0,city
e601184,2026-05-29,15.0,city
e601184,2026-05-30,100.0,city
e601184,2026-05-30,25.0,city
e601184,2026-05-30,50.0,city
e601184,2026-05-30,25.0,city
e601184,2026-05-30,20.26,city
e601184,2026-05-30,50.0,city
e601184,2026-05-31,15.0,city
e601184,2026-05-31,15.0,city
e601184,2026-05-31,10.0,city
e601184,2026-06-01,10.0,city
e601184,2026-06-02,10.0,city
e601184,2026-06-02,12.0,ucb
ef1d6ac,2025-12-19,250.0,city
ef1d6ac,2025-12-31,250.0,city
ef1d6ac,2026-01-09,250.0,city
ef1d6ac,2026-01-09,250.0,city
ef1d6ac,2026-01-13,250.0,city
ef1d6ac,2026-02-25,500.0,city
ef1d6ac,2026-03-27,500.0,city
ef1d6ac,2026-05-06,100.0,city
f26ca2f,2025-09-15,100.0,city
f26ca2f,2025-10-08,500.0,city
f26ca2f,2025-10-17,504.0,city
f26ca2f,2026-02-11,150.0,city
f26ca2f,2026-03-01,564.0,city
f26ca2f,2026-03-19,250.0,city
f26ca2f,2026-03-24,150.0,city
f26ca2f,2026-03-30,100.0,city
f26ca2f,2026-04-27,140.0,city
f26ca2f,2026-05-30,250.0,city
f5ae024,2025-08-22,50.0,city
f5ae024,2025-09-23,200.0,city
f5ae024,2025-10-08,100.0,city
f5ae024,2025-11-02,32.0,city
f5ae024,2025-11-06,25.0,city
f5ae024,2025-11-15,200.0,city
f5ae024,2025-12-02,90.0,city
f5ae024,2025-12-08,200.0,city
f5ae024,2025-12-15,200.0,city
f5ae024,2026-01-31,124.52,city
f5ae024,2026-02-02,200.0,both
f5ae024,2026-02-02,113.0,city
f5ae024,2026-02-02,90.0,city
f5ae024,2026-02-02,124.52,city
f5ae024,2026-02-05,226.0,both
f5ae024,2026-02-05,113.0,city
f5ae024,2026-02-07,111.0,city
f5ae024,2026-02-08,100.0,city
f5ae024,2026-03-02,90.0,city
f5ae024,2026-03-20,111.0,city
f5ae024,2026-04-01,111.0,city
f5ae024,2026-04-02,90.0,city
f5ae024,2026-04-25,111.0,city
f5ae024,2026-05-05,111.0,city
f71791f,2025-08-19,5.0,city
f71791f,2025-09-19,5.0,city
f71791f,2025-09-26,5553.0,city
f71791f,2025-11-13,-5553.0,city
f796894,2026-05-11,100.0,city
fd9adda,2025-10-20,1500.0,city
fd9adda,2025-11-26,250.0,city
fd9adda,2025-11-26,100.0,city
fd9adda,2025-12-01,100.0,city
fd9adda,2025-12-03,100.0,city
fd9adda,2025-12-04,100.0,city
fd9adda,2025-12-13,100.0,city
fd9adda,2025-12-15,250.0,city
fd9adda,2025-12-15,150.0,city
fd9adda,2025-12-22,3000.0,city
fd9adda,2026-02-10,250.0,city
