hash,date,amount,bucket,initials
001f179,2026-01-27,500.0,city,JB
001f179,2026-03-10,500.0,city,JB
001f179,2026-03-17,250.0,city,MH
0050738,2025-09-28,12.5,city,TS
0050738,2025-11-22,25.0,city,SP
0050738,2026-01-30,3500.0,city,DA
0050738,2026-03-16,25.0,city,HW
0050738,2026-05-26,25.0,city,SP
0050738,2026-06-14,25.0,city,SP
01656d6,2026-03-10,500.0,city,JB
01b4a9a,2026-05-12,3500.0,city,SV
01b4a9a,2026-05-12,3500.0,city,SV
01b4a9a,2026-05-13,3500.0,city,TL
01b4a9a,2026-05-13,3500.0,city,TL
033d483,2026-02-17,1000.0,ucb,SS
0343622,2025-09-16,500.0,city,PK
036baf0,2025-09-29,250.0,city,MC
036baf0,2025-12-19,250.0,city,MC
042d21f,2025-11-19,100.0,city,PW
042d21f,2026-03-06,500.0,city,JB
042d21f,2026-04-07,500.0,city,PW
042d21f,2026-05-13,250.0,city,JB
042d21f,2026-06-09,15.0,city,DW
04ccca8,2026-01-28,357.14,city,DS
04ccca8,2026-01-28,357.14,city,MD
04ccca8,2026-01-29,714.29,city,JG
04ccca8,2026-01-29,285.71,city,PB
04ccca8,2026-01-29,142.86,city,PS
04ccca8,2026-01-29,285.71,city,TS
04ccca8,2026-01-30,285.71,city,MH
04ccca8,2026-02-07,3500.0,city,SS
04ccca8,2026-02-07,3500.0,city,SS
04ccca8,2026-02-20,714.29,city,SM
04ccca8,2026-03-23,416.66,city,CC
04ccca8,2026-03-23,166.66,city,PS
04ccca8,2026-03-23,3500.0,city,SG
04ccca8,2026-03-24,1666.66,city,JG
04ccca8,2026-03-24,166.66,city,PB
04ccca8,2026-03-25,166.66,city,MH
04ccca8,2026-04-12,250.0,ucb,GL
04ccca8,2026-04-23,100.0,city,AB
04ccca8,2026-05-03,100.0,city,AB
04ccca8,2026-05-13,250.0,city,AB
04ccca8,2026-05-21,100.0,city,AB
04ccca8,2026-06-24,500.0,city,BC
0632894,2026-04-19,250.0,city,HG
0641872,2025-08-22,250.0,city,MF
0641872,2025-11-10,500.0,city,KH
06792df,2025-08-12,3500.0,city,JS
06792df,2025-08-26,250.0,city,JB
06792df,2025-08-31,250.0,city,CB
06792df,2025-09-01,250.0,city,SD
06792df,2025-09-24,1000.0,city,RS
06792df,2025-09-25,250.0,city,AB
06792df,2025-09-27,333.34,city,KS
06792df,2025-11-10,100.0,city,MN
06792df,2025-11-11,250.0,city,JB
06792df,2025-11-13,2000.0,city,DR
06792df,2025-11-20,1666.67,city,AL
06792df,2025-11-20,3500.0,city,JS
06792df,2025-11-20,666.67,city,PL
06792df,2025-11-20,1000.0,city,SG
06792df,2025-11-26,166.67,city,TM
06792df,2025-12-03,100.0,city,AB
06792df,2025-12-04,83.34,city,TM
06792df,2025-12-13,250.0,city,AB
06792df,2026-01-03,333.33,city,TM
06792df,2026-01-10,166.67,city,TM
06792df,2026-01-13,3500.0,city,DH
06792df,2026-01-16,166.67,city,TM
06792df,2026-01-27,500.0,city,JB
06792df,2026-03-06,250.0,city,JB
06792df,2026-03-10,111.12,city,PB
06792df,2026-03-18,500.0,city,MN
06792df,2026-04-30,500.0,city,HP
06792df,2026-05-02,200.0,city,AB
06792df,2026-05-08,100.0,city,AJ
06792df,2026-05-13,100.0,city,AB
06792df,2026-05-21,300.0,city,AL
06792df,2026-05-22,100.0,city,JW
06792df,2026-05-30,1500.0,city,RS
06792df,2026-06-10,50.0,city,AB
06792df,2026-06-12,100.0,city,AB
06792df,2026-06-15,100.0,city,MN
06792df,2026-06-18,100.0,city,JB
06792df,2026-06-30,250.0,city,SD
06f3499,2025-08-10,100.0,city,GW
06f3499,2025-08-15,10.0,city,CE
06f3499,2025-08-15,228.0,city,DK
06f3499,2025-08-15,272.0,city,DK
06f3499,2025-08-15,250.0,city,TM
06f3499,2025-08-17,1000.0,city,RM
06f3499,2025-08-18,25.0,city,SM
06f3499,2025-08-21,25.0,city,DK
06f3499,2025-08-21,250.0,city,RB
06f3499,2025-08-21,250.0,city,SB
06f3499,2025-08-22,1000.0,city,MR
06f3499,2025-08-29,23.65,city,OF
06f3499,2025-08-29,20.0,city,RB
06f3499,2025-08-30,25.0,city,DK
06f3499,2025-09-01,150.0,city,SD
06f3499,2025-09-02,100.0,city,MS
06f3499,2025-09-03,100.0,city,FS
06f3499,2025-09-04,20.0,city,SM
06f3499,2025-09-07,25.0,city,LH
06f3499,2025-09-09,25.0,city,CE
06f3499,2025-09-10,100.0,city,GW
06f3499,2025-09-15,1000.0,city,GP
06f3499,2025-09-16,1000.0,city,EW
06f3499,2025-09-18,500.0,city,RA
06f3499,2025-09-20,1000.0,city,CM
06f3499,2025-09-20,200.0,city,GO
06f3499,2025-09-20,1000.0,city,MA
06f3499,2025-09-21,25.0,city,DK
06f3499,2025-09-23,50.0,city,MA
06f3499,2025-09-24,250.0,city,BB
06f3499,2025-09-24,100.0,city,LW
06f3499,2025-09-29,3500.0,city,AK
06f3499,2025-09-29,500.0,city,LC
06f3499,2025-09-29,23.65,city,OF
06f3499,2025-09-29,20.0,city,RB
06f3499,2025-09-30,200.0,both,JT
06f3499,2025-09-30,25.0,city,DK
06f3499,2025-09-30,200.0,city,ET
06f3499,2025-09-30,500.0,city,JM
06f3499,2025-09-30,1500.0,city,TB
06f3499,2025-09-30,2500.0,ucb,MR
06f3499,2025-09-30,2500.0,ucb,MR
06f3499,2025-10-02,1000.0,city,AW
06f3499,2025-10-02,100.0,city,MS
06f3499,2025-10-03,100.0,city,FS
06f3499,2025-10-04,20.0,city,SM
06f3499,2025-10-07,25.0,city,LH
06f3499,2025-10-08,750.0,city,JD
06f3499,2025-10-10,500.0,city,SW
06f3499,2025-10-17,25.0,city,CE
06f3499,2025-10-17,500.0,city,PA
06f3499,2025-10-20,500.0,city,JG
06f3499,2025-10-21,25.0,city,DK
06f3499,2025-10-22,250.0,city,LK
06f3499,2025-10-24,100.0,city,AG
06f3499,2025-10-26,10.0,city,MS
06f3499,2025-10-26,500.0,city,RS
06f3499,2025-10-27,50.0,city,DK
06f3499,2025-10-28,250.0,city,MS
06f3499,2025-10-29,23.65,city,OF
06f3499,2025-10-29,20.0,city,RB
06f3499,2025-10-30,25.0,city,DK
06f3499,2025-10-30,1000.0,ucb,EM
06f3499,2025-10-31,1000.0,city,ML
06f3499,2025-11-02,100.0,city,MS
06f3499,2025-11-03,1042.0,city,DK
06f3499,2025-11-03,100.0,city,FS
06f3499,2025-11-04,20.0,city,SM
06f3499,2025-11-05,100.0,city,GO
06f3499,2025-11-07,25.0,city,LH
06f3499,2025-11-13,50.0,city,AC
06f3499,2025-11-14,250.0,city,AK
06f3499,2025-11-21,25.0,city,DK
06f3499,2025-11-29,23.65,city,OF
06f3499,2025-11-29,20.0,city,RB
06f3499,2025-11-30,25.0,city,DK
06f3499,2025-11-30,250.0,city,PC
06f3499,2025-11-30,250.0,city,PC
06f3499,2025-12-07,25.0,city,CE
06f3499,2025-12-07,100.0,city,FS
06f3499,2025-12-07,25.0,city,LH
06f3499,2025-12-07,100.0,city,MS
06f3499,2025-12-07,20.0,city,SM
06f3499,2025-12-21,25.0,city,DK
06f3499,2025-12-22,1000.0,city,HK
06f3499,2025-12-29,23.65,city,OF
06f3499,2025-12-29,20.0,city,RB
06f3499,2025-12-30,25.0,city,DK
06f3499,2025-12-30,250.0,city,PC
06f3499,2025-12-30,250.0,city,PC
06f3499,2025-12-31,500.0,city,EW
06f3499,2025-12-31,100.0,city,JZ
06f3499,2025-12-31,500.0,city,PH
06f3499,2026-01-02,100.0,city,MS
06f3499,2026-01-03,100.0,city,FS
06f3499,2026-01-04,20.0,city,SM
06f3499,2026-01-07,25.0,city,LH
06f3499,2026-01-13,1500.0,city,AB
06f3499,2026-01-13,2000.0,city,AB
06f3499,2026-01-20,100.0,city,CF
06f3499,2026-01-21,25.0,city,DK
06f3499,2026-01-22,10.0,city,CE
06f3499,2026-01-22,100.0,city,JR
06f3499,2026-01-22,25.0,city,MS
06f3499,2026-01-24,500.0,city,RA
06f3499,2026-01-27,1000.0,city,JB
06f3499,2026-01-28,20.0,city,WW
06f3499,2026-01-29,23.65,city,OF
06f3499,2026-01-29,20.0,city,RB
06f3499,2026-01-30,25.0,city,DK
06f3499,2026-01-30,250.0,city,PC
06f3499,2026-01-30,250.0,city,PC
06f3499,2026-01-31,500.0,city,MD
06f3499,2026-02-01,250.0,city,PH
06f3499,2026-02-03,100.0,city,FS
06f3499,2026-02-04,20.0,city,SM
06f3499,2026-02-07,25.0,city,LH
06f3499,2026-02-12,500.0,city,JG
06f3499,2026-02-21,25.0,city,DK
06f3499,2026-02-21,400.0,city,GP
06f3499,2026-02-21,600.0,city,GP
06f3499,2026-02-25,600.0,city,LC
06f3499,2026-02-25,10.0,city,MS
06f3499,2026-02-28,25.0,city,DK
06f3499,2026-02-28,23.65,city,OF
06f3499,2026-02-28,250.0,city,PC
06f3499,2026-02-28,250.0,city,PC
06f3499,2026-02-28,20.0,city,RB
06f3499,2026-02-28,20.0,city,WW
06f3499,2026-03-01,250.0,city,JZ
06f3499,2026-03-03,100.0,city,FS
06f3499,2026-03-05,500.0,city,JB
06f3499,2026-03-06,20.0,city,SM
06f3499,2026-03-07,25.0,city,LH
06f3499,2026-03-11,5.0,city,MS
06f3499,2026-03-18,100.0,city,JG
06f3499,2026-03-23,10.0,city,CE
06f3499,2026-03-23,500.0,city,PB
06f3499,2026-03-27,500.0,city,PW
06f3499,2026-03-28,100.0,city,CF
06f3499,2026-03-28,100.0,city,CW
06f3499,2026-03-28,250.0,city,GW
06f3499,2026-03-28,20.0,city,WW
06f3499,2026-03-29,23.65,city,OF
06f3499,2026-03-29,20.0,city,RB
06f3499,2026-03-29,1000.0,city,RE
06f3499,2026-03-30,25.0,city,DK
06f3499,2026-03-30,250.0,city,PC
06f3499,2026-03-30,250.0,city,PC
06f3499,2026-03-31,500.0,city,CM
06f3499,2026-03-31,1000.0,city,DW
06f3499,2026-03-31,250.0,city,ET
06f3499,2026-03-31,100.0,city,MA
06f3499,2026-03-31,500.0,city,MA
06f3499,2026-03-31,250.0,city,SB
06f3499,2026-04-01,500.0,city,MR
06f3499,2026-04-03,100.0,city,FS
06f3499,2026-04-04,20.0,city,SM
06f3499,2026-04-07,25.0,city,LH
06f3499,2026-04-11,5.0,city,MS
06f3499,2026-04-19,1000.0,city,MC
06f3499,2026-04-21,25.0,city,DK
06f3499,2026-04-28,100.0,city,JB
06f3499,2026-04-28,20.0,city,WW
06f3499,2026-04-29,23.65,city,OF
06f3499,2026-04-29,350.0,city,PA
06f3499,2026-04-29,20.0,city,RB
06f3499,2026-04-30,25.0,city,DK
06f3499,2026-04-30,250.0,city,PC
06f3499,2026-04-30,250.0,city,PC
06f3499,2026-05-03,100.0,city,FS
06f3499,2026-05-04,20.0,city,SM
06f3499,2026-05-06,1000.0,city,KS
06f3499,2026-05-11,5.0,city,MS
06f3499,2026-05-13,500.0,city,JB
06f3499,2026-05-21,25.0,city,DK
06f3499,2026-05-22,100.0,city,MA
06f3499,2026-05-23,100.0,city,EG
06f3499,2026-05-24,250.0,city,MR
06f3499,2026-05-27,500.0,city,BF
06f3499,2026-05-27,250.0,city,RS
06f3499,2026-05-28,100.0,city,CF
06f3499,2026-05-28,20.0,city,WW
06f3499,2026-05-29,23.65,city,OF
06f3499,2026-05-29,20.0,city,RB
06f3499,2026-05-30,25.0,city,DK
06f3499,2026-05-30,250.0,city,PC
06f3499,2026-05-30,250.0,city,PC
06f3499,2026-05-31,250.0,city,JZ
06f3499,2026-06-01,500.0,city,HK
06f3499,2026-06-01,250.0,city,LW
06f3499,2026-06-01,1000.0,city,RS
06f3499,2026-06-02,200.0,city,CH
06f3499,2026-06-03,100.0,city,FS
06f3499,2026-06-04,20.0,city,SM
06f3499,2026-06-09,500.0,city,BV
06f3499,2026-06-10,250.0,city,MK
06f3499,2026-06-11,5.0,city,MS
06f3499,2026-06-13,100.0,city,PA
06f3499,2026-06-17,250.0,city,DR
06f3499,2026-06-21,25.0,city,DK
06f3499,2026-06-21,100.0,city,EG
06f3499,2026-06-22,250.0,city,GW
06f3499,2026-06-23,500.0,city,PB
06f3499,2026-06-27,100.0,city,JA
06f3499,2026-06-27,250.0,city,RM
06f3499,2026-06-28,20.0,city,WW
06f3499,2026-06-28,350.0,ucb,BM
06f3499,2026-06-29,250.0,city,DW
06f3499,2026-06-29,500.0,city,GC
06f3499,2026-06-29,23.65,city,OF
06f3499,2026-06-29,20.0,city,RB
06f3499,2026-06-30,25.0,city,DK
06f3499,2026-06-30,250.0,city,JK
06f3499,2026-06-30,1500.0,city,KP
072db56,2026-04-21,1000.0,city,HF
072db56,2026-05-21,250.0,city,MA
072db56,2026-05-26,300.0,city,HA
072db56,2026-05-30,250.0,city,MA
0770f74,2026-03-31,500.0,city,LH
0770f74,2026-06-19,500.0,city,SH
0806e7f,2025-09-30,250.0,city,CR
0806e7f,2026-05-27,500.0,city,BW
0806e7f,2026-06-24,500.0,city,LK
08106b3,2025-08-10,31.0,city,LW
08106b3,2025-08-15,10.0,city,LW
08106b3,2025-08-16,100.0,city,LW
08106b3,2025-08-20,35.0,city,LW
08106b3,2025-09-06,6.0,city,LW
08106b3,2025-09-10,31.0,city,LW
08106b3,2025-09-16,100.0,city,LW
08106b3,2025-09-28,1000.0,ucb,RM
08106b3,2025-10-10,31.0,city,LW
08106b3,2025-10-11,30.0,city,KS
08106b3,2025-10-16,100.0,city,LW
08106b3,2025-10-22,25.0,city,CK
08106b3,2025-10-23,25.0,city,WW
08106b3,2025-10-26,25.0,city,NY
08106b3,2025-11-10,31.0,city,LW
08106b3,2025-11-10,50.0,city,RT
08106b3,2025-11-11,30.0,city,KS
08106b3,2025-11-12,250.0,city,DD
08106b3,2025-11-12,250.0,city,MF
08106b3,2025-11-15,100.0,city,AB
08106b3,2025-11-16,100.0,city,LW
08106b3,2025-11-21,100.0,city,AB
08106b3,2025-11-22,25.0,city,CK
08106b3,2025-11-23,25.0,city,WW
08106b3,2025-11-26,25.0,city,NY
08106b3,2025-12-10,31.0,city,LW
08106b3,2025-12-10,200.0,city,MC
08106b3,2025-12-11,30.0,city,KS
08106b3,2025-12-12,100.0,city,MC
08106b3,2025-12-22,25.0,city,CK
08106b3,2025-12-23,25.0,city,WW
08106b3,2025-12-26,25.0,city,NY
08106b3,2026-01-10,31.0,city,LW
08106b3,2026-01-11,30.0,city,KS
08106b3,2026-01-20,500.0,city,WJ
08106b3,2026-01-22,25.0,city,CK
08106b3,2026-01-23,25.0,city,WW
08106b3,2026-01-26,25.0,city,NY
08106b3,2026-01-27,500.0,city,IB
08106b3,2026-01-29,250.0,city,SS
08106b3,2026-01-30,100.0,city,BC
08106b3,2026-02-05,250.0,city,CB
08106b3,2026-02-09,250.0,city,SS
08106b3,2026-02-10,250.0,city,HS
08106b3,2026-02-10,31.0,city,LW
08106b3,2026-02-11,30.0,city,KS
08106b3,2026-02-13,250.0,city,JM
08106b3,2026-02-18,100.0,city,BC
08106b3,2026-02-19,1000.0,city,SB
08106b3,2026-02-22,25.0,city,CK
08106b3,2026-02-23,25.0,city,WW
08106b3,2026-02-25,25.0,city,WW
08106b3,2026-02-26,100.0,city,BC
08106b3,2026-02-26,25.0,city,NY
08106b3,2026-03-07,250.0,city,AB
08106b3,2026-03-09,125.0,city,HS
08106b3,2026-03-10,31.0,city,LW
08106b3,2026-03-11,30.0,city,KS
08106b3,2026-03-22,25.0,city,CK
08106b3,2026-03-22,25.0,city,WW
08106b3,2026-03-23,25.0,city,WW
08106b3,2026-03-26,25.0,city,NY
08106b3,2026-03-30,200.0,city,BC
08106b3,2026-04-10,31.0,city,LW
08106b3,2026-04-11,25.0,city,GW
08106b3,2026-04-11,30.0,city,KS
08106b3,2026-04-14,25.0,city,HR
08106b3,2026-04-21,50.0,city,GG
08106b3,2026-04-22,25.0,city,CK
08106b3,2026-04-23,25.0,city,WW
08106b3,2026-04-26,25.0,city,NY
08106b3,2026-04-29,500.0,city,CB
08106b3,2026-05-07,350.0,city,CB
08106b3,2026-05-10,31.0,city,LW
08106b3,2026-05-11,25.0,city,GW
08106b3,2026-05-11,30.0,city,KS
08106b3,2026-05-14,25.0,city,HR
08106b3,2026-05-22,200.0,city,BC
08106b3,2026-05-22,25.0,city,CK
08106b3,2026-05-22,100.0,city,JB
08106b3,2026-05-23,25.0,city,WW
08106b3,2026-05-24,25.0,city,WW
08106b3,2026-05-26,25.0,city,NY
08106b3,2026-06-02,250.0,city,AL
08106b3,2026-06-02,100.0,city,HR
08106b3,2026-06-08,200.0,city,AL
08106b3,2026-06-10,31.0,city,LW
08106b3,2026-06-11,25.0,city,GW
08106b3,2026-06-11,30.0,city,KS
08106b3,2026-06-15,200.0,city,BC
08106b3,2026-06-22,25.0,city,CK
08106b3,2026-06-22,50.0,city,NY
08106b3,2026-06-23,25.0,city,WW
08106b3,2026-06-23,25.0,city,WW
08106b3,2026-06-26,25.0,city,NY
08106b3,2026-06-29,100.0,city,FB
08106b3,2026-06-30,500.0,city,WJ
0868bb9,2025-09-11,520.51,city,DM
0868bb9,2025-10-12,500.0,city,RH
0868bb9,2025-10-22,104.1,city,DM
0868bb9,2025-10-31,104.1,city,JB
0868bb9,2026-02-23,104.1,city,JB
0868bb9,2026-03-16,260.25,city,DM
08928e3,2025-08-29,1000.0,city,MS
08928e3,2025-09-10,500.0,city,AB
08928e3,2025-09-15,250.0,city,BC
08928e3,2025-09-30,250.0,city,NO
08928e3,2026-01-05,500.0,city,KB
08928e3,2026-01-24,100.0,city,RG
08928e3,2026-01-31,100.0,city,MF
08928e3,2026-01-31,250.0,city,MF
08928e3,2026-03-07,250.0,city,RG
08928e3,2026-03-08,250.0,city,JD
08928e3,2026-03-28,100.0,city,AB
08928e3,2026-03-30,250.0,city,NO
08928e3,2026-05-13,500.0,city,NO
0af1e71,2025-10-13,250.0,city,SH
0af1e71,2026-01-21,1000.0,city,AB
0af1e71,2026-03-13,1000.0,city,AB
0b051b1,2025-10-01,1000.0,ucb,JG
0be768c,2025-11-26,83.33,city,TM
0be768c,2025-12-03,166.67,city,TM
0be768c,2025-12-03,83.33,city,TM
0be768c,2025-12-03,83.33,city,TM
0be768c,2025-12-24,83.33,city,TM
0be768c,2026-01-07,333.33,city,TM
0be768c,2026-01-14,166.67,city,TM
0be768c,2026-01-15,50.0,city,AB
0be768c,2026-01-21,166.67,city,TM
0be768c,2026-02-17,150.0,city,CB
0be768c,2026-03-21,250.0,city,AB
0be768c,2026-05-12,25.0,city,AB
0be768c,2026-05-15,250.0,city,AB
0c27d5a,2025-08-14,3500.0,city,FK
0c27d5a,2025-08-14,3500.0,city,FK
0c27d5a,2025-08-14,3500.0,city,RL
0c27d5a,2025-08-14,3500.0,city,RL
0c27d5a,2025-08-18,1500.0,city,JB
0c27d5a,2025-08-18,100.0,city,LW
0c27d5a,2025-08-18,100.0,city,LW
0c27d5a,2025-08-18,1000.0,city,PW
0c27d5a,2025-08-18,250.0,city,RS
0c27d5a,2025-08-19,100.0,city,JT
0c27d5a,2025-08-20,250.0,city,MA
0c27d5a,2025-08-20,250.0,city,MA
0c27d5a,2025-08-25,250.0,city,AL
0c27d5a,2025-08-25,200.0,city,MH
0c27d5a,2025-08-26,250.0,city,JK
0c27d5a,2025-08-27,500.0,city,WB
0c27d5a,2025-08-29,250.0,city,JG
0c27d5a,2025-08-31,250.0,city,CB
0c27d5a,2025-08-31,1000.0,city,GS
0c27d5a,2025-09-09,500.0,city,BM
0c27d5a,2025-09-09,1000.0,city,MF
0c27d5a,2025-09-16,500.0,city,JB
0c27d5a,2025-09-18,100.0,city,LW
0c27d5a,2025-09-20,100.0,city,MH
0c27d5a,2025-09-26,250.0,city,ES
0c27d5a,2025-09-26,200.0,city,JT
0c27d5a,2025-09-29,250.0,city,MA
0c27d5a,2025-10-01,6.0,city,KW
0c27d5a,2025-10-01,25.0,city,NJ
0c27d5a,2025-10-08,50.0,city,AB
0c27d5a,2025-10-09,100.0,city,JL
0c27d5a,2025-10-14,100.0,city,NN
0c27d5a,2025-10-16,1500.0,city,JB
0c27d5a,2025-10-18,50.0,city,CB
0c27d5a,2025-10-18,100.0,city,LW
0c27d5a,2025-10-20,250.0,city,MR
0c27d5a,2025-10-21,200.0,city,JT
0c27d5a,2025-10-21,500.0,city,LD
0c27d5a,2025-10-24,100.0,city,MB
0c27d5a,2025-10-25,125.0,city,AB
0c27d5a,2025-10-28,750.0,city,WB
0c27d5a,2025-10-28,25.0,city,WB
0c27d5a,2025-10-30,50.0,city,LW
0c27d5a,2025-10-30,50.0,city,NJ
0c27d5a,2025-10-30,25.0,city,NN
0c27d5a,2025-10-31,250.0,city,ET
0c27d5a,2025-11-02,100.0,city,MB
0c27d5a,2025-11-02,100.0,city,MB
0c27d5a,2025-11-03,500.0,both,JM
0c27d5a,2025-11-06,250.0,city,BN
0c27d5a,2025-11-06,200.0,city,KW
0c27d5a,2025-11-07,250.0,city,AJ
0c27d5a,2025-11-07,500.0,city,JG
0c27d5a,2025-11-09,50.0,city,LW
0c27d5a,2025-11-10,2500.0,city,BF
0c27d5a,2025-11-11,500.0,city,JB
0c27d5a,2025-11-13,500.0,city,WT
0c27d5a,2025-11-15,100.0,city,MH
0c27d5a,2025-11-16,250.0,city,MR
0c27d5a,2025-11-18,50.0,city,CB
0c27d5a,2025-11-18,500.0,city,FD
0c27d5a,2025-11-18,500.0,city,JM
0c27d5a,2025-11-20,250.0,city,DG
0c27d5a,2025-11-21,100.0,city,SJ
0c27d5a,2025-11-25,200.0,city,AL
0c27d5a,2025-11-28,25.0,city,WB
0c27d5a,2025-11-30,250.0,city,MR
0c27d5a,2025-11-30,200.0,city,SJ
0c27d5a,2025-12-02,25.0,city,NN
0c27d5a,2025-12-06,1000.0,city,JR
0c27d5a,2025-12-09,50.0,city,LW
0c27d5a,2025-12-14,100.0,city,NN
0c27d5a,2025-12-16,7.5,city,AB
0c27d5a,2025-12-16,250.0,city,JG
0c27d5a,2025-12-17,500.0,city,FD
0c27d5a,2025-12-18,50.0,city,CB
0c27d5a,2025-12-21,12.5,city,NN
0c27d5a,2025-12-28,25.0,city,WB
0c27d5a,2025-12-29,75.0,city,SB
0c27d5a,2026-01-03,12.5,city,SB
0c27d5a,2026-01-06,100.0,city,MH
0c27d5a,2026-01-09,50.0,city,LW
0c27d5a,2026-01-09,100.0,city,NJ
0c27d5a,2026-01-11,10.0,city,SA
0c27d5a,2026-01-13,15.0,city,CH
0c27d5a,2026-01-13,200.0,city,JT
0c27d5a,2026-01-14,100.0,city,AL
0c27d5a,2026-01-14,15.0,city,CH
0c27d5a,2026-01-16,15.0,city,CH
0c27d5a,2026-01-18,50.0,city,CB
0c27d5a,2026-01-19,150.0,city,AM
0c27d5a,2026-01-19,50.0,city,LW
0c27d5a,2026-01-21,250.0,city,CL
0c27d5a,2026-01-25,15.0,city,CH
0c27d5a,2026-01-27,15.0,city,CH
0c27d5a,2026-01-27,1500.0,city,JB
0c27d5a,2026-01-27,500.0,city,MS
0c27d5a,2026-01-28,50.0,city,GZ
0c27d5a,2026-01-28,25.0,city,WB
0c27d5a,2026-01-31,15.0,city,CH
0c27d5a,2026-01-31,250.0,city,CM
0c27d5a,2026-01-31,150.0,city,JR
0c27d5a,2026-01-31,40.0,city,SF
0c27d5a,2026-02-02,1000.0,city,KD
0c27d5a,2026-02-04,50.0,city,SB
0c27d5a,2026-02-05,1000.0,city,KB
0c27d5a,2026-02-06,100.0,city,SB
0c27d5a,2026-02-09,100.0,city,LM
0c27d5a,2026-02-09,50.0,city,LW
0c27d5a,2026-02-09,100.0,city,MH
0c27d5a,2026-02-09,100.0,city,MH
0c27d5a,2026-02-10,250.0,city,AJ
0c27d5a,2026-02-10,250.0,city,HS
0c27d5a,2026-02-11,500.0,city,JE
0c27d5a,2026-02-11,10.0,city,SA
0c27d5a,2026-02-11,500.0,city,TB
0c27d5a,2026-02-13,15.0,city,CH
0c27d5a,2026-02-13,500.0,city,FB
0c27d5a,2026-02-13,200.0,city,JT
0c27d5a,2026-02-14,25.0,city,KW
0c27d5a,2026-02-15,100.0,city,LM
0c27d5a,2026-02-17,250.0,city,CS
0c27d5a,2026-02-17,100.0,city,DT
0c27d5a,2026-02-17,50.0,city,JC
0c27d5a,2026-02-17,250.0,city,WG
0c27d5a,2026-02-18,50.0,city,CB
0c27d5a,2026-02-18,500.0,city,JK
0c27d5a,2026-02-19,500.0,city,MA
0c27d5a,2026-02-19,500.0,city,MA
0c27d5a,2026-02-20,100.0,city,JC
0c27d5a,2026-02-20,1000.0,city,MM
0c27d5a,2026-02-20,200.0,city,MM
0c27d5a,2026-02-21,1000.0,city,MS
0c27d5a,2026-02-22,40.0,city,SF
0c27d5a,2026-02-24,100.0,city,LS
0c27d5a,2026-02-25,250.0,city,DA
0c27d5a,2026-02-25,50.0,city,LW
0c27d5a,2026-02-27,15.0,city,CH
0c27d5a,2026-02-27,500.0,city,PS
0c27d5a,2026-02-28,250.0,city,ET
0c27d5a,2026-02-28,50.0,city,GZ
0c27d5a,2026-02-28,20.0,city,SF
0c27d5a,2026-02-28,25.0,city,WB
0c27d5a,2026-03-04,100.0,city,JR
0c27d5a,2026-03-06,250.0,city,AJ
0c27d5a,2026-03-06,15.0,city,CH
0c27d5a,2026-03-06,100.0,city,JC
0c27d5a,2026-03-06,250.0,city,RB
0c27d5a,2026-03-07,500.0,ucb,BM
0c27d5a,2026-03-08,50.0,city,LW
0c27d5a,2026-03-09,50.0,city,LW
0c27d5a,2026-03-10,500.0,city,PH
0c27d5a,2026-03-11,15.0,city,CH
0c27d5a,2026-03-11,250.0,city,ET
0c27d5a,2026-03-11,10.0,city,SA
0c27d5a,2026-03-12,15.0,city,CH
0c27d5a,2026-03-12,100.0,city,LM
0c27d5a,2026-03-13,500.0,both,RS
0c27d5a,2026-03-13,500.0,city,EK
0c27d5a,2026-03-14,25.0,city,SB
0c27d5a,2026-03-16,50.0,city,CG
0c27d5a,2026-03-16,500.0,city,FD
0c27d5a,2026-03-16,200.0,city,NN
0c27d5a,2026-03-16,20.0,city,SF
0c27d5a,2026-03-16,250.0,city,TF
0c27d5a,2026-03-17,50.0,city,JL
0c27d5a,2026-03-18,50.0,city,CB
0c27d5a,2026-03-18,15.0,city,CH
0c27d5a,2026-03-18,250.0,city,LM
0c27d5a,2026-03-19,15.0,city,CH
0c27d5a,2026-03-19,100.0,city,NJ
0c27d5a,2026-03-20,200.0,city,MM
0c27d5a,2026-03-22,100.0,city,CG
0c27d5a,2026-03-25,500.0,city,AB
0c27d5a,2026-03-25,50.0,city,CL
0c27d5a,2026-03-25,50.0,city,LW
0c27d5a,2026-03-25,250.0,city,SB
0c27d5a,2026-03-26,25.0,city,SB
0c27d5a,2026-03-28,50.0,city,GZ
0c27d5a,2026-03-28,25.0,city,WB
0c27d5a,2026-03-29,50.0,city,SB
0c27d5a,2026-03-30,40.0,city,SF
0c27d5a,2026-03-30,100.0,city,ZB
0c27d5a,2026-03-31,250.0,city,CH
0c27d5a,2026-03-31,100.0,city,ET
0c27d5a,2026-03-31,300.0,city,HA
0c27d5a,2026-03-31,100.0,city,MF
0c27d5a,2026-03-31,1000.0,city,ML
0c27d5a,2026-03-31,250.0,ucb,GL
0c27d5a,2026-04-01,250.0,both,ES
0c27d5a,2026-04-01,10.0,city,KW
0c27d5a,2026-04-01,50.0,city,MH
0c27d5a,2026-04-01,250.0,city,SD
0c27d5a,2026-04-02,25.0,city,LW
0c27d5a,2026-04-03,100.0,city,PW
0c27d5a,2026-04-04,200.0,city,DW
0c27d5a,2026-04-06,500.0,city,AL
0c27d5a,2026-04-06,3000.0,ucb,MR
0c27d5a,2026-04-08,750.0,city,JW
0c27d5a,2026-04-08,50.0,city,LW
0c27d5a,2026-04-08,50.0,city,SB
0c27d5a,2026-04-09,200.0,city,DW
0c27d5a,2026-04-09,50.0,city,LW
0c27d5a,2026-04-09,25.0,city,LW
0c27d5a,2026-04-11,10.0,city,SA
0c27d5a,2026-04-12,250.0,city,RB
0c27d5a,2026-04-13,250.0,city,AJ
0c27d5a,2026-04-14,200.0,city,DW
0c27d5a,2026-04-14,250.0,city,LL
0c27d5a,2026-04-15,25.0,city,SB
0c27d5a,2026-04-16,25.0,city,LW
0c27d5a,2026-04-17,50.0,city,RK
0c27d5a,2026-04-18,50.0,city,CB
0c27d5a,2026-04-18,50.0,city,HW
0c27d5a,2026-04-18,10.0,city,JM
0c27d5a,2026-04-18,25.0,city,NJ
0c27d5a,2026-04-19,200.0,city,DW
0c27d5a,2026-04-19,1000.0,city,MC
0c27d5a,2026-04-26,200.0,city,DW
0c27d5a,2026-04-26,200.0,city,DW
0c27d5a,2026-04-26,250.0,city,JG
0c27d5a,2026-04-26,25.0,city,JL
0c27d5a,2026-04-26,50.0,city,LW
0c27d5a,2026-04-26,25.0,city,LW
0c27d5a,2026-04-26,200.0,city,MM
0c27d5a,2026-04-26,1900.0,city,MM
0c27d5a,2026-04-26,3100.0,city,MM
0c27d5a,2026-04-26,25.0,city,NN
0c27d5a,2026-04-26,50.0,city,PB
0c27d5a,2026-04-26,50.0,city,RK
0c27d5a,2026-04-26,100.0,city,RK
0c27d5a,2026-04-26,5.0,city,VW
0c27d5a,2026-04-26,50.0,city,WW
0c27d5a,2026-04-26,25.0,city,WW
0c27d5a,2026-04-26,1000.0,ucb,RK
0c27d5a,2026-04-27,25.0,city,BM
0c27d5a,2026-04-28,100.0,city,DD
0c27d5a,2026-04-28,50.0,city,GZ
0c27d5a,2026-04-28,25.0,city,WB
0c27d5a,2026-04-28,500.0,ucb,NW
0c27d5a,2026-04-29,200.0,city,PW
0c27d5a,2026-04-29,50.0,city,SB
0c27d5a,2026-04-29,25.0,city,SB
0c27d5a,2026-04-29,50.0,city,SF
0c27d5a,2026-04-30,200.0,city,DW
0c27d5a,2026-04-30,25.0,city,DW
0c27d5a,2026-04-30,25.0,city,LW
0c27d5a,2026-05-02,25.0,city,VW
0c27d5a,2026-05-04,20.0,city,SF
0c27d5a,2026-05-05,100.0,city,AB
0c27d5a,2026-05-05,200.0,city,DW
0c27d5a,2026-05-05,100.0,city,JC
0c27d5a,2026-05-05,200.0,city,JR
0c27d5a,2026-05-05,25.0,city,SB
0c27d5a,2026-05-06,125.0,city,AM
0c27d5a,2026-05-06,125.0,city,MF
0c27d5a,2026-05-06,250.0,city,PH
0c27d5a,2026-05-06,200.0,city,TM
0c27d5a,2026-05-06,125.0,city,TM
0c27d5a,2026-05-07,15.0,city,VW
0c27d5a,2026-05-08,10.0,city,AW
0c27d5a,2026-05-08,75.0,city,HW
0c27d5a,2026-05-08,50.0,city,LW
0c27d5a,2026-05-09,25.0,city,LC
0c27d5a,2026-05-09,500.0,city,RB
0c27d5a,2026-05-10,1000.0,city,AS
0c27d5a,2026-05-11,10.0,city,SA
0c27d5a,2026-05-13,500.0,city,WB
0c27d5a,2026-05-14,10.0,city,AW
0c27d5a,2026-05-14,100.0,city,ET
0c27d5a,2026-05-14,100.0,city,ET
0c27d5a,2026-05-15,100.0,city,SF
0c27d5a,2026-05-17,50.0,city,RK
0c27d5a,2026-05-18,50.0,city,CB
0c27d5a,2026-05-18,10.0,city,JM
0c27d5a,2026-05-19,25.0,city,SB
0c27d5a,2026-05-20,200.0,city,MM
0c27d5a,2026-05-20,1000.0,city,RK
0c27d5a,2026-05-20,62.5,city,TF
0c27d5a,2026-05-21,500.0,city,AL
0c27d5a,2026-05-22,250.0,city,SB
0c27d5a,2026-05-23,5.0,city,VW
0c27d5a,2026-05-23,25.0,city,WW
0c27d5a,2026-05-24,25.0,city,AW
0c27d5a,2026-05-25,25.0,city,AN
0c27d5a,2026-05-25,50.0,city,LW
0c27d5a,2026-05-26,250.0,city,AJ
0c27d5a,2026-05-26,250.0,city,DS
0c27d5a,2026-05-26,50.0,city,DS
0c27d5a,2026-05-27,25.0,city,BM
0c27d5a,2026-05-27,100.0,city,BS
0c27d5a,2026-05-27,25.0,city,BS
0c27d5a,2026-05-27,12.5,city,WW
0c27d5a,2026-05-28,100.0,city,DD
0c27d5a,2026-05-28,50.0,city,GZ
0c27d5a,2026-05-28,25.0,city,WB
0c27d5a,2026-05-30,25.0,city,DW
0c27d5a,2026-05-31,100.0,city,RK
0c27d5a,2026-06-01,250.0,city,RB
0c27d5a,2026-06-01,1000.0,city,RS
0c27d5a,2026-06-02,100.0,city,LW
0c27d5a,2026-06-04,80.0,city,SF
0c27d5a,2026-06-05,200.0,city,JT
0c27d5a,2026-06-06,250.0,city,MF
0c27d5a,2026-06-06,400.0,city,PW
0c27d5a,2026-06-07,10.0,city,AW
0c27d5a,2026-06-07,15.0,city,VW
0c27d5a,2026-06-08,10.0,city,AW
0c27d5a,2026-06-08,50.0,city,LW
0c27d5a,2026-06-08,200.0,city,RS
0c27d5a,2026-06-09,25.0,city,LC
0c27d5a,2026-06-11,125.0,city,AJ
0c27d5a,2026-06-11,25.0,city,NN
0c27d5a,2026-06-11,10.0,city,SA
0c27d5a,2026-06-12,3500.0,city,AB
0c27d5a,2026-06-14,10.0,city,AW
0c27d5a,2026-06-14,50.0,city,RK
0c27d5a,2026-06-14,25.0,city,WB
0c27d5a,2026-06-16,100.0,city,DT
0c27d5a,2026-06-18,50.0,city,CB
0c27d5a,2026-06-18,10.0,city,JM
0c27d5a,2026-06-19,25.0,city,AN
0c27d5a,2026-06-19,25.0,city,NN
0c27d5a,2026-06-19,250.0,city,WG
0c27d5a,2026-06-20,150.0,city,AC
0c27d5a,2026-06-20,50.0,city,ET
0c27d5a,2026-06-20,107.0,city,JB
0c27d5a,2026-06-20,200.0,city,MM
0c27d5a,2026-06-20,500.0,city,PS
0c27d5a,2026-06-21,100.0,city,AW
0c27d5a,2026-06-21,25.0,city,AW
0c27d5a,2026-06-22,250.0,city,AJ
0c27d5a,2026-06-23,125.0,city,PD
0c27d5a,2026-06-23,5.0,city,VW
0c27d5a,2026-06-23,25.0,city,WW
0c27d5a,2026-06-24,25.0,city,AW
0c27d5a,2026-06-24,250.0,city,CB
0c27d5a,2026-06-24,100.0,city,ET
0c27d5a,2026-06-24,2000.0,city,JG
0c27d5a,2026-06-25,50.0,city,LW
0c27d5a,2026-06-25,500.0,city,PH
0c27d5a,2026-06-25,500.0,city,WT
0c27d5a,2026-06-26,500.0,city,TF
0c27d5a,2026-06-27,25.0,city,BM
0c27d5a,2026-06-27,25.0,city,BS
0c27d5a,2026-06-27,1000.0,city,KD
0c27d5a,2026-06-28,100.0,city,DD
0c27d5a,2026-06-28,50.0,city,GZ
0c27d5a,2026-06-28,25.0,city,WB
0c27d5a,2026-06-29,83.33,city,CM
0c27d5a,2026-06-29,50.0,city,SB
0c27d5a,2026-06-30,500.0,city,CU
0c27d5a,2026-06-30,3500.0,city,MM
0c27d5a,2026-06-30,100.0,city,PR
0c27d5a,2026-06-30,250.0,city,RB
0c27d5a,2026-06-30,250.0,city,SD
0c27d5a,2026-06-30,1000.0,ucb,DL
0c5146d,2025-08-29,50.0,city,LW
0c5146d,2025-09-29,50.0,city,LW
0c5146d,2025-10-29,50.0,city,LW
0c5146d,2025-11-29,50.0,city,LW
0c5146d,2026-01-29,50.0,city,LW
0c5146d,2026-02-28,50.0,city,LW
0c5146d,2026-03-29,50.0,city,LW
0c5146d,2026-04-29,50.0,city,LW
0c5146d,2026-05-29,50.0,city,LW
0c5146d,2026-06-29,50.0,city,LW
0cea768,2026-03-20,3500.0,city,AB
0cea768,2026-03-20,3500.0,city,AB
0cea768,2026-03-31,3500.0,city,JS
0cea768,2026-03-31,3500.0,city,JS
0cea768,2026-03-31,3500.0,city,SV
0cea768,2026-03-31,3500.0,city,SV
0cf6469,2025-12-15,1000.0,ucb,SS
0e2d8e9,2026-02-27,500.0,city,JB
0e9578e,2026-06-11,250.0,city,JB
0edec3c,2026-03-16,500.0,city,LK
0f220f3,2025-09-08,3500.0,city,TL
0f220f3,2025-09-08,2500.0,city,TL
0f220f3,2025-09-08,3500.0,city,ZP
0f220f3,2025-09-08,3500.0,city,ZP
0f220f3,2025-09-11,3500.0,city,DZ
0f220f3,2025-09-11,3500.0,city,DZ
0f72616,2025-10-17,3500.0,city,YT
0f72616,2025-10-17,1705.08,city,YT
0f72616,2025-11-03,3500.0,city,TL
0f72616,2025-11-03,143.56,city,TL
0f72616,2025-11-03,3356.44,city,TL
0f72616,2025-11-03,287.12,city,TL
0fe9bf7,2025-08-29,100.0,city,MR
0fe9bf7,2025-09-13,100.0,city,MR
0fe9bf7,2025-09-26,250.0,city,MR
0fe9bf7,2025-10-15,100.0,city,MR
0fe9bf7,2025-10-22,100.0,city,MR
0fe9bf7,2025-11-28,500.0,city,AB
0fe9bf7,2025-11-28,250.0,city,AB
0fe9bf7,2025-11-30,100.0,city,AB
0fe9bf7,2025-11-30,100.0,city,AB
0fe9bf7,2026-01-15,48.0,city,RR
0fe9bf7,2026-01-23,25.0,city,RR
0fe9bf7,2026-02-08,250.0,city,PH
0fe9bf7,2026-02-08,250.0,city,PH
0fe9bf7,2026-02-16,5.0,city,PH
0fe9bf7,2026-02-20,100.0,city,AB
0fe9bf7,2026-02-20,100.0,city,AB
0fe9bf7,2026-02-23,100.0,city,RR
0fe9bf7,2026-02-23,25.0,city,RR
0fe9bf7,2026-03-23,25.0,city,RR
0fe9bf7,2026-04-23,25.0,city,RR
0fe9bf7,2026-05-23,25.0,city,RR
103d9b8,2026-03-29,3500.0,city,SS
103d9b8,2026-05-23,100.0,city,AB
103d9b8,2026-05-23,100.0,city,AB
103d9b8,2026-06-09,250.0,city,AB
104e823,2025-12-10,500.0,city,DE
104e823,2025-12-10,250.0,city,HF
104e823,2025-12-29,250.0,city,HA
104e823,2026-02-10,500.0,city,HS
104e823,2026-02-26,250.0,city,DD
104e823,2026-02-26,3250.0,city,HA
104e823,2026-02-26,250.0,city,HA
104e823,2026-02-28,1000.0,both,AB
106ed32,2025-10-15,500.0,city,SK
111f82e,2025-08-26,100.0,city,AB
111f82e,2025-09-06,100.0,city,AB
111f82e,2025-09-17,100.0,city,AB
111f82e,2025-09-29,50.0,city,AB
111f82e,2025-12-19,500.0,city,AB
111f82e,2026-01-30,200.0,city,JT
11459de,2026-05-12,300.0,city,VM
1298f2b,2026-03-16,520.51,ucb,SS
12be4ce,2025-09-23,250.0,city,MR
12db45b,2025-10-08,2500.0,city,NP
12db45b,2025-10-15,1500.0,city,AA
12db45b,2025-10-15,100.0,ucb,DG
12db45b,2025-10-31,500.0,city,ME
12db45b,2025-12-08,250.0,city,EC
12db45b,2025-12-08,250.0,ucb,AW
12db45b,2025-12-14,200.0,ucb,DG
12db45b,2025-12-14,500.0,ucb,KO
12db45b,2025-12-22,750.0,city,DB
12db45b,2025-12-23,500.0,ucb,LP
12db45b,2026-03-07,26.0,ucb,LP
12db45b,2026-06-03,250.0,city,ME
1421eae,2025-09-29,50.0,city,CB
1421eae,2025-10-29,50.0,city,CB
1421eae,2025-10-31,7000.0,city,SS
1421eae,2025-11-14,250.0,city,AJ
1421eae,2025-11-29,50.0,city,CB
1421eae,2025-12-29,50.0,city,CB
1421eae,2026-01-29,50.0,city,CB
14a7f32,2025-08-19,2000.0,city,ZP
14a7f32,2025-08-19,500.0,city,ZP
14a7f32,2025-08-19,3500.0,city,ZP
14a7f32,2025-08-19,1000.0,city,ZP
14a7f32,2025-08-21,3500.0,city,AB
14a7f32,2025-08-21,3500.0,city,AB
15cc3db,2026-03-10,2000.0,city,PW
15cc3db,2026-03-12,2000.0,city,MH
1640d41,2025-09-13,25.0,city,EH
1645d66,2026-02-23,1000.0,city,JI
1702f22,2026-01-07,100.0,city,AB
1702f22,2026-03-28,100.0,city,AB
1702f22,2026-04-28,100.0,city,AB
17cf523,2025-08-10,17.5,city,NE
17cf523,2025-08-31,25.0,city,AN
17cf523,2025-09-02,10.0,city,DB
17cf523,2025-09-10,17.5,city,NE
17cf523,2025-09-30,25.0,city,AN
17cf523,2025-10-02,10.0,city,DB
17cf523,2025-10-10,17.5,city,NE
17cf523,2025-10-31,25.0,city,AN
17cf523,2025-11-02,10.0,city,DB
17cf523,2025-11-10,17.5,city,NE
17cf523,2025-11-30,25.0,city,AN
17cf523,2025-12-02,10.0,city,DB
17cf523,2025-12-10,17.5,city,NE
17cf523,2025-12-31,25.0,city,AN
17cf523,2026-01-02,10.0,city,DB
17cf523,2026-01-10,17.5,city,NE
17cf523,2026-01-31,25.0,city,AN
17cf523,2026-02-02,10.0,city,DB
17cf523,2026-02-10,17.5,city,NE
17cf523,2026-02-28,25.0,city,AN
17cf523,2026-03-02,10.0,city,DB
17cf523,2026-03-10,17.5,city,NE
17cf523,2026-03-31,25.0,city,AN
17cf523,2026-04-10,17.5,city,NE
17cf523,2026-04-30,25.0,city,AN
17cf523,2026-05-02,10.0,city,DB
17cf523,2026-05-10,17.5,city,NE
17cf523,2026-05-31,25.0,city,AN
17cf523,2026-06-01,250.0,city,DM
17cf523,2026-06-10,17.5,city,NE
17cf523,2026-06-30,25.0,city,AN
18c187c,2025-08-01,30.0,both,PV
18c187c,2025-08-13,50.0,city,KB
18c187c,2025-08-13,25.0,city,SK
18c187c,2025-08-15,5.4,city,MS
18c187c,2025-08-21,10.0,city,JT
18c187c,2025-08-23,15.0,city,JT
18c187c,2025-08-24,15.0,city,NF
18c187c,2025-08-27,10.0,city,SK
18c187c,2025-08-30,16.67,city,GH
18c187c,2025-09-01,30.0,both,PV
18c187c,2025-09-05,100.0,city,CS
18c187c,2025-09-06,25.0,city,AH
18c187c,2025-09-07,25.0,city,CS
18c187c,2025-09-07,15.0,city,MS
18c187c,2025-09-08,3.5,city,NF
18c187c,2025-09-13,50.0,city,KB
18c187c,2025-09-13,25.0,city,SK
18c187c,2025-09-15,5.4,city,MS
18c187c,2025-09-21,10.0,city,JT
18c187c,2025-09-23,15.0,city,JT
18c187c,2025-09-24,15.0,city,NF
18c187c,2025-09-27,10.0,city,SK
18c187c,2025-09-30,16.67,city,GH
18c187c,2025-10-01,30.0,both,PV
18c187c,2025-10-06,25.0,city,AH
18c187c,2025-10-07,25.0,city,CS
18c187c,2025-10-07,15.0,city,MS
18c187c,2025-10-07,10.0,city,MS
18c187c,2025-10-08,3.5,city,NF
18c187c,2025-10-13,50.0,city,KB
18c187c,2025-10-13,25.0,city,SK
18c187c,2025-10-15,5.4,city,MS
18c187c,2025-10-21,10.0,city,JT
18c187c,2025-10-23,15.0,city,JT
18c187c,2025-10-24,5.0,city,MS
18c187c,2025-10-24,15.0,city,NF
18c187c,2025-10-26,3.6,both,DB
18c187c,2025-10-27,7.2,both,DB
18c187c,2025-10-27,10.0,city,SK
18c187c,2025-10-29,15.0,city,MN
18c187c,2025-10-30,100.0,city,CS
18c187c,2025-10-30,16.67,city,GH
18c187c,2025-11-01,30.0,both,PV
18c187c,2025-11-06,25.0,city,AH
18c187c,2025-11-07,25.0,city,CS
18c187c,2025-11-07,10.0,city,MS
18c187c,2025-11-07,15.0,city,MS
18c187c,2025-11-08,3.5,city,NF
18c187c,2025-11-13,50.0,city,KB
18c187c,2025-11-15,5.4,city,MS
18c187c,2025-11-21,10.0,city,JT
18c187c,2025-11-22,50.0,city,PC
18c187c,2025-11-23,15.0,city,JT
18c187c,2025-11-23,15.0,city,SK
18c187c,2025-11-24,5.0,city,MS
18c187c,2025-11-24,15.0,city,NF
18c187c,2025-11-26,3.6,both,DB
18c187c,2025-11-27,7.2,both,DB
18c187c,2025-11-29,15.0,city,MN
18c187c,2025-11-30,16.67,city,GH
18c187c,2025-12-01,30.0,both,PV
18c187c,2025-12-06,25.0,city,AH
18c187c,2025-12-07,25.0,city,CS
18c187c,2025-12-07,15.0,city,MS
18c187c,2025-12-07,10.0,city,MS
18c187c,2025-12-08,3.5,city,NF
18c187c,2025-12-13,50.0,city,KB
18c187c,2025-12-15,5.4,city,MS
18c187c,2025-12-21,10.0,city,JT
18c187c,2025-12-23,15.0,city,JT
18c187c,2025-12-23,15.0,city,SK
18c187c,2025-12-24,5.0,city,MS
18c187c,2025-12-24,15.0,city,NF
18c187c,2025-12-26,3.6,both,DB
18c187c,2025-12-27,7.2,both,DB
18c187c,2025-12-29,15.0,city,MN
18c187c,2025-12-30,16.67,city,GH
18c187c,2025-12-31,750.0,city,CE
18c187c,2026-01-01,30.0,both,PV
18c187c,2026-01-06,25.0,city,AH
18c187c,2026-01-07,25.0,city,CS
18c187c,2026-01-07,15.0,city,MS
18c187c,2026-01-07,10.0,city,MS
18c187c,2026-01-08,3.5,city,NF
18c187c,2026-01-12,15.0,city,SO
18c187c,2026-01-13,50.0,city,KB
18c187c,2026-01-14,5.0,city,CP
18c187c,2026-01-15,5.4,city,MS
18c187c,2026-01-18,10.0,city,SO
18c187c,2026-01-21,10.0,city,JT
18c187c,2026-01-23,15.0,city,JT
18c187c,2026-01-23,15.0,city,SK
18c187c,2026-01-24,5.0,city,MS
18c187c,2026-01-24,15.0,city,NF
18c187c,2026-01-25,100.0,city,CP
18c187c,2026-01-26,3.6,both,DB
18c187c,2026-01-29,15.0,city,MN
18c187c,2026-01-29,50.0,city,RR
18c187c,2026-01-30,16.67,city,GH
18c187c,2026-02-01,30.0,both,PV
18c187c,2026-02-03,250.0,city,HS
18c187c,2026-02-06,25.0,city,AH
18c187c,2026-02-07,25.0,city,CS
18c187c,2026-02-07,15.0,city,MS
18c187c,2026-02-07,10.0,city,MS
18c187c,2026-02-08,3.5,city,NF
18c187c,2026-02-12,15.0,city,SO
18c187c,2026-02-14,5.0,city,CP
18c187c,2026-02-15,5.4,city,MS
18c187c,2026-02-18,10.0,city,SO
18c187c,2026-02-21,10.0,city,JT
18c187c,2026-02-23,15.0,city,JT
18c187c,2026-02-23,15.0,city,SK
18c187c,2026-02-24,5.0,city,MS
18c187c,2026-02-24,15.0,city,NF
18c187c,2026-02-26,3.6,both,DB
18c187c,2026-02-26,15.0,city,CP
18c187c,2026-02-27,7.2,both,DB
18c187c,2026-02-28,16.67,city,GH
18c187c,2026-02-28,15.0,city,MN
18c187c,2026-02-28,50.0,city,RR
18c187c,2026-03-01,30.0,both,PV
18c187c,2026-03-06,25.0,city,AH
18c187c,2026-03-07,25.0,city,CS
18c187c,2026-03-07,10.0,city,MS
18c187c,2026-03-07,15.0,city,MS
18c187c,2026-03-08,3.5,city,NF
18c187c,2026-03-12,15.0,city,SO
18c187c,2026-03-14,5.0,city,CP
18c187c,2026-03-15,5.4,city,MS
18c187c,2026-03-18,10.0,city,SO
18c187c,2026-03-21,10.0,city,JT
18c187c,2026-03-23,15.0,city,JT
18c187c,2026-03-23,15.0,city,SK
18c187c,2026-03-24,5.0,city,MS
18c187c,2026-03-24,15.0,city,NF
18c187c,2026-03-26,3.6,both,DB
18c187c,2026-03-27,7.2,both,DB
18c187c,2026-03-29,15.0,city,MN
18c187c,2026-03-29,50.0,city,RR
18c187c,2026-03-30,16.67,city,GH
18c187c,2026-04-01,30.0,both,PV
18c187c,2026-04-06,25.0,city,AH
18c187c,2026-04-07,25.0,city,CS
18c187c,2026-04-07,15.0,city,MS
18c187c,2026-04-07,25.0,city,RR
18c187c,2026-04-08,3.5,city,NF
18c187c,2026-04-14,5.0,city,CP
18c187c,2026-04-15,5.4,city,MS
18c187c,2026-04-21,10.0,city,JT
18c187c,2026-04-23,15.0,city,JT
18c187c,2026-04-23,15.0,city,SK
18c187c,2026-04-24,15.0,city,NF
18c187c,2026-04-26,3.6,both,DB
18c187c,2026-04-27,7.2,both,DB
18c187c,2026-04-29,15.0,city,MN
18c187c,2026-04-29,50.0,city,RR
18c187c,2026-04-30,16.67,city,GH
18c187c,2026-05-01,30.0,both,PV
18c187c,2026-05-06,25.0,city,AH
18c187c,2026-05-07,25.0,city,CS
18c187c,2026-05-07,15.0,city,MS
18c187c,2026-05-08,3.5,city,NF
18c187c,2026-05-09,50.0,city,CS
18c187c,2026-05-14,5.0,city,CP
18c187c,2026-05-15,5.4,city,MS
18c187c,2026-05-21,10.0,city,JT
18c187c,2026-05-23,15.0,city,JT
18c187c,2026-05-23,15.0,city,SK
18c187c,2026-05-24,15.0,city,NF
18c187c,2026-05-26,3.6,both,DB
18c187c,2026-05-27,7.2,both,DB
18c187c,2026-05-27,3.0,city,CP
18c187c,2026-05-29,15.0,city,MN
18c187c,2026-05-29,50.0,city,RR
18c187c,2026-05-30,16.67,city,GH
18c187c,2026-06-01,30.0,both,PV
18c187c,2026-06-04,15.0,city,SK
18c187c,2026-06-06,25.0,city,AH
18c187c,2026-06-07,25.0,city,CS
18c187c,2026-06-07,15.0,city,MS
18c187c,2026-06-08,3.5,city,NF
18c187c,2026-06-11,500.0,city,PC
18c187c,2026-06-14,5.0,city,CP
18c187c,2026-06-15,5.4,city,MS
18c187c,2026-06-21,10.0,city,JT
18c187c,2026-06-23,15.0,city,JT
18c187c,2026-06-23,15.0,city,SK
18c187c,2026-06-24,15.0,city,NF
18c187c,2026-06-26,3.6,both,DB
18c187c,2026-06-27,7.2,both,DB
18c187c,2026-06-29,15.0,city,MN
18c187c,2026-06-29,50.0,city,RR
18c187c,2026-06-30,25.0,city,CP
18c187c,2026-06-30,16.67,city,GH
1958cc1,2025-11-12,250.0,city,JB
1958cc1,2025-11-20,250.0,city,PZ
1958cc1,2026-01-13,100.0,city,PZ
1958cc1,2026-02-02,1000.0,city,RD
1958cc1,2026-03-31,250.0,ucb,GL
1958cc1,2026-05-20,200.0,city,LH
1958cc1,2026-06-02,250.0,city,JB
1958cc1,2026-06-18,500.0,city,JB
1958cc1,2026-06-21,50.0,city,LH
19c85c1,2025-09-12,3500.0,city,SS
19c85c1,2025-09-12,3500.0,city,SS
19c85c1,2025-09-27,333.33,city,KS
19c85c1,2026-02-09,833.33,ucb,MO
19c85c1,2026-03-09,1045.46,city,JM
19c85c1,2026-03-09,3500.0,city,JM
19c85c1,2026-06-09,250.0,city,AB
19c85c1,2026-06-29,250.0,city,CC
19c85c1,2026-06-29,312.5,city,GK
19c85c1,2026-06-29,1500.0,city,JG
19c85c1,2026-06-29,666.66,city,PL
19c85c1,2026-06-29,375.0,city,PS
19c85c1,2026-06-29,3500.0,city,SG
19c85c1,2026-06-30,300.0,city,PB
1a7a800,2026-03-16,200.0,city,JT
1a7a800,2026-03-25,100.0,city,AB
1a7a800,2026-06-06,500.0,city,LK
1b3ae97,2025-08-13,50.0,city,LW
1b3ae97,2025-08-15,38.0,city,LW
1b3ae97,2025-08-28,50.0,city,HW
1b3ae97,2025-09-01,38.0,city,LW
1b3ae97,2025-09-13,50.0,city,LW
1b3ae97,2025-11-21,100.0,city,HW
1b3ae97,2025-12-15,100.0,city,HW
1bbe9dc,2025-10-31,200.0,city,AW
1bbe9dc,2025-10-31,100.0,city,AW
1bbe9dc,2026-01-15,12.5,city,GO
1bbe9dc,2026-02-15,12.5,city,GO
1bbe9dc,2026-03-15,12.5,city,GO
1bbe9dc,2026-04-15,12.5,city,GO
1bc4453,2026-02-22,25.0,city,AB
1bc4453,2026-02-22,100.0,city,AB
1bc4453,2026-03-29,100.0,city,AB
1bdbf8c,2025-10-08,3500.0,city,PB
1bdbf8c,2025-10-08,3500.0,city,PB
1bdbf8c,2025-10-13,3500.0,city,DZ
1bdbf8c,2025-10-13,3500.0,city,DZ
1bf18f0,2026-01-18,95.0,city,AZ
1bf18f0,2026-03-01,104.1,city,AZ
1bf18f0,2026-04-01,104.1,city,AZ
1bf18f0,2026-05-01,95.0,city,AZ
1bf18f0,2026-06-01,104.1,city,AZ
1d31490,2025-09-26,500.0,city,RH
1d84a1e,2025-12-04,500.0,city,SW
1d84a1e,2026-05-05,250.0,city,NO
1e3a1c7,2026-01-07,250.0,city,BS
1e3a1c7,2026-01-08,100.0,city,WS
1e3a1c7,2026-01-10,150.0,city,DA
1e3a1c7,2026-01-10,150.0,city,DA
1e3a1c7,2026-02-04,50.0,city,DA
1e3a1c7,2026-02-08,100.0,city,WS
1e3a1c7,2026-03-08,100.0,city,WS
1e3a1c7,2026-03-30,250.0,city,ML
1e3a1c7,2026-04-08,100.0,city,WS
1e3a1c7,2026-04-22,100.0,city,DA
1e3a1c7,2026-04-22,100.0,city,DA
1e3a1c7,2026-05-08,100.0,city,WS
1e3a1c7,2026-05-15,300.0,city,DA
1e3a1c7,2026-05-16,300.0,city,DA
1e3a1c7,2026-05-25,100.0,city,DA
1e3a1c7,2026-06-08,100.0,city,WS
1e3a1c7,2026-06-09,25.0,city,JO
1e3a1c7,2026-06-16,25.0,city,JO
1e3a1c7,2026-06-18,29.0,city,JO
20317ff,2025-08-29,500.0,city,AB
20317ff,2025-09-02,100.0,city,AB
20317ff,2025-09-30,100.0,city,AB
20317ff,2025-10-08,300.0,city,AB
20317ff,2025-10-16,10.0,city,CH
20317ff,2025-10-18,3500.0,city,DT
20317ff,2025-10-18,3500.0,city,DT
20317ff,2025-10-20,2000.0,city,AF
20317ff,2025-10-20,1500.0,city,JK
20317ff,2025-10-20,2000.0,city,JK
20317ff,2025-10-20,2500.0,city,JK
20317ff,2025-10-21,3500.0,city,ZP
20317ff,2025-10-21,500.0,city,ZP
20317ff,2025-10-26,500.0,city,HC
20317ff,2025-11-16,10.0,city,CH
20317ff,2025-12-16,10.0,city,CH
20317ff,2025-12-20,40.0,city,CH
20317ff,2025-12-26,5.0,city,CH
20317ff,2026-01-05,100.0,city,AB
20317ff,2026-01-05,100.0,city,AB
20317ff,2026-01-09,10.0,city,CH
20317ff,2026-01-18,10.0,city,CH
20317ff,2026-01-26,5.0,city,CH
20317ff,2026-01-28,500.0,city,AB
20317ff,2026-02-09,4.0,city,CH
20317ff,2026-02-15,50.0,city,AB
20317ff,2026-02-15,250.0,city,AB
20317ff,2026-02-18,10.0,city,CH
20317ff,2026-02-28,5.0,city,CH
20317ff,2026-03-05,15.0,city,CH
20317ff,2026-03-09,4.0,city,CH
20317ff,2026-03-16,10.0,city,CH
20317ff,2026-03-22,100.0,city,AB
20317ff,2026-03-24,250.0,city,AB
20317ff,2026-03-28,5.0,city,CH
20317ff,2026-04-09,4.0,city,CH
20317ff,2026-04-16,10.0,city,CH
20317ff,2026-04-28,5.0,city,CH
20317ff,2026-04-30,50.0,city,AB
20317ff,2026-05-04,100.0,city,AB
20317ff,2026-05-09,4.0,city,CH
20317ff,2026-05-13,250.0,city,AB
20317ff,2026-05-14,3500.0,city,PM
20317ff,2026-05-14,3500.0,city,PM
20317ff,2026-05-15,100.0,city,AB
20317ff,2026-05-16,10.0,city,CH
20317ff,2026-05-21,3500.0,city,TL
20317ff,2026-05-21,3500.0,city,TL
20317ff,2026-05-26,5.0,city,CH
20317ff,2026-06-09,5.0,city,AB
20317ff,2026-06-09,4.0,city,CH
20317ff,2026-06-11,1000.0,city,JK
20317ff,2026-06-16,10.0,city,CH
20317ff,2026-06-26,5.0,city,CH
2041680,2025-08-21,100.0,ucb,AW
2041680,2025-12-13,200.0,ucb,AW
206b8fe,2026-02-12,250.0,city,AM
206b8fe,2026-03-05,100.0,city,BC
206b8fe,2026-03-16,200.0,city,BC
206b8fe,2026-03-31,50.0,city,BC
206b8fe,2026-04-11,200.0,city,AM
206b8fe,2026-05-06,75.0,city,BC
20aa6f9,2026-02-12,5.0,city,ME
20aa6f9,2026-02-13,25.0,city,PL
20aa6f9,2026-02-14,50.0,city,GG
20aa6f9,2026-02-16,25.0,city,KM
20aa6f9,2026-02-16,5.0,city,ME
20cf0aa,2025-09-17,1000.0,city,MM
20cf0aa,2025-09-20,500.0,city,BB
20cf0aa,2025-09-22,500.0,city,LH
20cf0aa,2025-09-22,1000.0,city,MS
20cf0aa,2025-11-19,250.0,city,MM
20cf0aa,2025-12-08,250.0,city,KJ
20cf0aa,2025-12-09,500.0,city,BB
20cf0aa,2025-12-09,500.0,city,LH
23f4d0f,2026-01-10,700.0,city,AB
23f4d0f,2026-01-13,500.0,city,PW
23f4d0f,2026-02-02,250.0,city,LH
23f4d0f,2026-02-09,833.33,ucb,MO
23f4d0f,2026-02-22,250.0,city,JG
23f4d0f,2026-03-09,3500.0,city,JM
23f4d0f,2026-03-09,1045.45,city,JM
23f4d0f,2026-03-24,416.67,city,CC
23f4d0f,2026-03-24,1666.67,city,JG
23f4d0f,2026-03-24,3500.0,city,SG
23f4d0f,2026-03-26,166.67,city,LH
24f98a7,2025-11-15,3500.0,city,BG
24f98a7,2025-11-20,250.0,city,ZB
24f98a7,2026-01-08,100.0,city,MS
24f98a7,2026-01-14,100.0,city,CW
24f98a7,2026-01-18,250.0,city,DD
24f98a7,2026-01-23,500.0,city,TP
24f98a7,2026-01-26,500.0,city,JM
24f98a7,2026-01-28,234.49,city,ZB
24f98a7,2026-02-05,300.0,city,AS
24f98a7,2026-02-05,250.0,city,CK
24f98a7,2026-02-05,500.0,city,DS
24f98a7,2026-02-05,500.0,city,MS
24f98a7,2026-03-20,1000.0,city,TL
24f98a7,2026-03-21,100.0,city,CW
24f98a7,2026-03-28,100.0,city,CW
24f98a7,2026-04-01,250.0,city,ML
24f98a7,2026-04-12,400.0,city,GF
24f98a7,2026-04-27,50.0,city,NL
24f98a7,2026-04-29,250.0,city,GF
24f98a7,2026-04-29,500.0,city,JG
24f98a7,2026-04-30,1000.0,city,JS
24f98a7,2026-05-02,750.0,city,BL
24f98a7,2026-05-02,25.0,city,MS
24f98a7,2026-05-05,30.0,city,AS
24f98a7,2026-05-05,250.0,city,GP
24f98a7,2026-05-11,100.0,city,CW
24f98a7,2026-05-13,500.0,city,GF
24f98a7,2026-05-20,250.0,city,ZB
24f98a7,2026-05-22,100.0,city,GP
24f98a7,2026-06-03,50.0,city,EB
24f98a7,2026-06-06,3500.0,city,BG
24f98a7,2026-06-07,250.0,city,ZB
24f98a7,2026-06-10,300.0,city,AS
24f98a7,2026-06-14,50.0,city,EB
24f98a7,2026-06-16,100.0,city,CW
24f98a7,2026-06-19,100.0,city,DD
24f98a7,2026-06-28,500.0,city,GF
24f98a7,2026-06-30,100.0,city,EB
24f98a7,2026-06-30,1000.0,city,MH
25d8c3a,2026-01-10,700.0,city,AB
25d8c3a,2026-01-13,500.0,city,PW
25d8c3a,2026-02-02,250.0,city,LH
25d8c3a,2026-02-22,250.0,city,JG
25d8c3a,2026-03-09,3500.0,city,JM
25d8c3a,2026-03-09,1045.45,city,JM
25d8c3a,2026-04-01,250.0,city,JM
261c0ce,2026-05-03,20.0,city,ME
261c0ce,2026-05-03,20.0,city,PK
261c0ce,2026-05-20,25.0,city,DC
261c0ce,2026-05-31,50.0,city,TT
261f248,2025-08-27,9.0,city,GH
261f248,2025-08-30,26.0,city,GH
261f248,2025-09-01,50.0,city,WS
261f248,2025-09-19,250.0,ucb,JB
261f248,2025-09-23,1500.0,city,HN
261f248,2025-09-24,50.0,city,GH
261f248,2025-09-25,26.0,city,GH
261f248,2025-09-27,9.0,city,GH
261f248,2025-10-01,50.0,city,WS
261f248,2025-10-03,250.0,city,MA
261f248,2025-10-03,500.0,city,TB
261f248,2025-10-20,25.0,both,AS
261f248,2025-10-22,500.0,city,HS
261f248,2025-10-22,250.0,ucb,JB
261f248,2025-10-23,50.0,city,HN
261f248,2025-10-23,500.0,city,MA
261f248,2025-10-25,26.0,city,GH
261f248,2025-10-27,9.0,city,GH
261f248,2025-10-29,500.0,city,MK
261f248,2025-10-29,1000.0,city,RD
261f248,2025-10-30,26.0,city,LC
261f248,2025-10-30,50.0,city,MA
261f248,2025-10-30,2900.0,ucb,JB
261f248,2025-11-20,25.0,both,AS
261f248,2025-11-23,50.0,city,HN
261f248,2025-11-25,26.0,city,GH
261f248,2025-11-27,9.0,city,GH
261f248,2025-12-20,25.0,both,AS
261f248,2025-12-23,50.0,city,HN
261f248,2025-12-25,26.0,city,GH
261f248,2025-12-27,9.0,city,GH
261f248,2025-12-30,500.0,city,GH
261f248,2026-01-13,50.0,city,LC
261f248,2026-01-20,25.0,both,AS
261f248,2026-01-23,50.0,city,HN
261f248,2026-01-25,26.0,city,GH
261f248,2026-01-27,9.0,city,GH
261f248,2026-02-01,26.0,city,LC
261f248,2026-02-20,25.0,both,AS
261f248,2026-02-23,50.0,city,HN
261f248,2026-02-25,26.0,city,GH
261f248,2026-02-27,9.0,city,GH
261f248,2026-03-01,250.0,city,HS
261f248,2026-03-09,50.0,city,HS
261f248,2026-03-12,1000.0,city,HA
261f248,2026-03-15,500.0,city,HN
261f248,2026-03-25,26.0,city,GH
261f248,2026-03-27,9.0,city,GH
2671d23,2025-10-17,3500.0,city,NS
2671d23,2025-10-17,3500.0,city,NS
2819671,2026-03-05,3500.0,city,NS
2819671,2026-03-05,3500.0,city,NS
28ceae1,2026-03-20,1000.0,city,RE
28ceae1,2026-04-09,100.0,city,AL
28ceae1,2026-04-09,250.0,city,JB
28ceae1,2026-04-16,259.0,city,BN
28ceae1,2026-05-07,500.0,city,SS
28ceae1,2026-05-21,3500.0,city,DJ
28ceae1,2026-05-21,3500.0,city,RE
28ceae1,2026-05-30,250.0,city,MP
28ceae1,2026-06-16,100.0,city,AL
29613a8,2025-10-20,250.0,city,MF
2a2dc20,2026-06-25,500.0,city,DB
2c0ddb8,2025-11-18,500.0,city,DE
2c0ddb8,2026-01-08,20.0,city,DS
2c0ddb8,2026-01-20,25.0,city,DS
2c0ddb8,2026-02-08,20.0,city,DS
2c0ddb8,2026-02-10,25.0,city,DS
2c0ddb8,2026-02-20,25.0,city,DS
2c0ddb8,2026-03-08,20.0,city,DS
2c0ddb8,2026-03-20,25.0,city,DS
2c0f378,2025-08-15,25.0,city,LH
2c0f378,2025-09-01,250.0,city,SD
2c0f378,2025-09-15,500.0,city,AB
2c0f378,2025-09-15,200.0,city,JT
2c0f378,2025-09-15,25.0,city,LH
2c0f378,2025-10-07,500.0,city,EB
2c0f378,2025-10-08,50.0,city,EB
2c0f378,2025-10-15,25.0,city,LH
2c0f378,2025-10-18,71.43,city,CG
2c0f378,2025-10-21,1500.0,ucb,MR
2c0f378,2025-10-21,3500.0,ucb,MR
2c0f378,2025-12-01,100.0,city,EB
2c0f378,2025-12-15,25.0,city,LH
2c0f378,2026-01-15,25.0,city,LH
2c0f378,2026-01-30,300.0,city,TL
2c0f378,2026-01-31,10.0,city,JB
2c0f378,2026-02-15,25.0,city,LH
2c0f378,2026-02-21,500.0,city,GP
2c0f378,2026-03-08,20.0,city,JB
2c0f378,2026-03-11,25.0,city,JB
2c0f378,2026-03-15,25.0,city,LH
2c0f378,2026-03-26,100.0,city,PH
2c0f378,2026-04-01,250.0,city,SD
2c0f378,2026-04-06,2000.0,city,RD
2c0f378,2026-04-15,25.0,city,LH
2c0f378,2026-05-13,1000.0,city,AB
2c0f378,2026-05-26,100.0,city,DB
2c0f378,2026-06-11,3500.0,city,AB
2c0f378,2026-06-30,150.0,city,SD
2c0f378,2026-06-30,2000.0,ucb,MR
2c14108,2026-05-26,250.0,city,FS
2c1d860,2025-08-12,100.0,city,JB
2c1d860,2025-08-14,50.0,city,LW
2c1d860,2025-08-14,50.0,city,LW
2c1d860,2025-08-22,50.0,city,JL
2c1d860,2025-08-23,20.0,city,AM
2c1d860,2025-08-23,50.0,city,LW
2c1d860,2025-08-24,100.0,city,PH
2c1d860,2025-08-26,500.0,city,JB
2c1d860,2025-09-07,50.0,city,JM
2c1d860,2025-09-14,50.0,city,LW
2c1d860,2025-09-23,20.0,city,AM
2c1d860,2025-09-30,113.0,both,LD
2c1d860,2025-09-30,100.0,city,JL
2c1d860,2025-10-12,50.0,city,JM
2c1d860,2025-10-14,50.0,city,LW
2c1d860,2025-10-26,20.0,city,AM
2c1d860,2025-10-26,500.0,city,JW
2c1d860,2025-10-26,50.0,city,RW
2c1d860,2025-10-31,50.0,city,EK
2c1d860,2025-11-07,50.0,city,JM
2c1d860,2025-11-14,50.0,city,LW
2c1d860,2025-11-23,20.0,city,AM
2c1d860,2025-12-05,25.0,city,JL
2c1d860,2025-12-07,50.0,city,JM
2c1d860,2025-12-13,200.0,city,MC
2c1d860,2025-12-17,250.0,city,LW
2c1d860,2025-12-23,20.0,city,AM
2c1d860,2025-12-29,300.0,city,NG
2c1d860,2025-12-30,100.0,city,NK
2c1d860,2026-01-05,18.0,city,DB
2c1d860,2026-01-07,50.0,city,JM
2c1d860,2026-01-07,10.0,city,LL
2c1d860,2026-01-12,25.0,city,BG
2c1d860,2026-01-16,25.0,city,BG
2c1d860,2026-01-20,100.0,city,JI
2c1d860,2026-01-23,20.0,city,AM
2c1d860,2026-01-24,15.0,city,MS
2c1d860,2026-01-25,10.0,city,JI
2c1d860,2026-01-31,25.0,city,LW
2c1d860,2026-02-05,18.0,city,DB
2c1d860,2026-02-07,50.0,city,JM
2c1d860,2026-02-07,10.0,city,LL
2c1d860,2026-02-08,300.0,city,MC
2c1d860,2026-02-10,25.0,city,BG
2c1d860,2026-02-11,100.0,city,JL
2c1d860,2026-02-12,15.0,city,BG
2c1d860,2026-02-12,100.0,city,PB
2c1d860,2026-02-16,50.0,city,JH
2c1d860,2026-02-18,50.0,city,EK
2c1d860,2026-02-23,25.0,city,AM
2c1d860,2026-02-23,20.0,city,AM
2c1d860,2026-02-24,15.0,city,MS
2c1d860,2026-02-25,10.0,city,JI
2c1d860,2026-02-26,90.0,city,NK
2c1d860,2026-02-28,25.0,city,LW
2c1d860,2026-03-05,18.0,city,DB
2c1d860,2026-03-06,25.0,city,BG
2c1d860,2026-03-06,250.0,city,JB
2c1d860,2026-03-06,100.0,city,JL
2c1d860,2026-03-07,50.0,city,JM
2c1d860,2026-03-07,10.0,city,LL
2c1d860,2026-03-12,113.0,both,LD
2c1d860,2026-03-12,1000.0,city,AJ
2c1d860,2026-03-14,25.0,city,EK
2c1d860,2026-03-17,250.0,city,PM
2c1d860,2026-03-23,25.0,city,AM
2c1d860,2026-03-23,20.0,city,AM
2c1d860,2026-03-24,15.0,city,MS
2c1d860,2026-03-27,25.0,city,LW
2c1d860,2026-03-31,25.0,city,LW
2c1d860,2026-03-31,100.0,city,PB
2c1d860,2026-04-03,15.0,city,ML
2c1d860,2026-04-05,18.0,city,DB
2c1d860,2026-04-07,50.0,city,JM
2c1d860,2026-04-07,10.0,city,LL
2c1d860,2026-04-08,250.0,city,MF
2c1d860,2026-04-18,100.0,city,RW
2c1d860,2026-04-23,25.0,city,AM
2c1d860,2026-04-23,20.0,city,AM
2c1d860,2026-04-24,15.0,city,MS
2c1d860,2026-04-26,100.0,city,JB
2c1d860,2026-04-27,25.0,city,LW
2c1d860,2026-04-30,25.0,city,LW
2c1d860,2026-05-03,15.0,city,ML
2c1d860,2026-05-05,18.0,city,DB
2c1d860,2026-05-07,50.0,city,JH
2c1d860,2026-05-07,50.0,city,JM
2c1d860,2026-05-07,10.0,city,LL
2c1d860,2026-05-09,150.0,city,LD
2c1d860,2026-05-14,500.0,city,AB
2c1d860,2026-05-16,50.0,city,LW
2c1d860,2026-05-22,250.0,city,DW
2c1d860,2026-05-24,15.0,city,MS
2c1d860,2026-05-26,500.0,city,NG
2c1d860,2026-05-27,25.0,city,LW
2c1d860,2026-05-31,25.0,city,LW
2c1d860,2026-06-03,15.0,city,ML
2c1d860,2026-06-04,300.0,city,LW
2c1d860,2026-06-05,18.0,city,DB
2c1d860,2026-06-07,50.0,city,JM
2c1d860,2026-06-07,10.0,city,LL
2c1d860,2026-06-08,250.0,city,JB
2c1d860,2026-06-08,250.0,city,MN
2c1d860,2026-06-12,50.0,city,JL
2c1d860,2026-06-16,100.0,city,AL
2c1d860,2026-06-17,100.0,city,PH
2c1d860,2026-06-23,25.0,city,AM
2c1d860,2026-06-23,250.0,city,LB
2c1d860,2026-06-24,15.0,city,MS
2c1d860,2026-06-27,25.0,city,LW
2c1d860,2026-06-28,250.0,city,JB
2c1d860,2026-06-30,25.0,city,EK
2c1d860,2026-06-30,25.0,city,LW
2e7df6a,2026-06-01,10.41,city,DM
2e7df6a,2026-06-01,250.0,city,DM
2ecaa44,2025-12-30,500.0,city,NS
2ecaa44,2026-01-21,250.0,city,NS
2fd8b15,2025-09-02,500.0,city,BC
2fd8b15,2025-10-11,250.0,city,AD
2fd8b15,2025-10-17,500.0,city,BC
2fd8b15,2026-02-04,250.0,city,CW
317f343,2025-11-14,250.0,city,HH
317f343,2025-11-21,100.0,city,MC
317f343,2026-01-07,500.0,city,JB
317f343,2026-01-19,75.0,city,WW
317f343,2026-02-07,25.0,city,WW
317f343,2026-02-14,100.0,city,WW
317f343,2026-02-26,25.0,city,WW
317f343,2026-04-13,50.0,city,WW
317f343,2026-04-30,50.0,city,LW
317f343,2026-05-24,50.0,city,WW
320b1d2,2025-10-22,2800.0,city,AB
320b1d2,2025-10-22,1200.0,city,AB
320b1d2,2025-10-22,700.0,city,AB
320b1d2,2025-10-22,2300.0,city,AB
320b1d2,2025-10-22,3500.0,city,AF
320b1d2,2025-10-22,3500.0,city,AF
320b1d2,2025-10-22,3500.0,city,AK
320b1d2,2025-10-22,3500.0,city,AK
320b1d2,2025-10-22,3500.0,city,AL
320b1d2,2025-10-22,2300.0,city,AL
320b1d2,2025-10-22,1200.0,city,AL
320b1d2,2025-10-22,3500.0,city,AM
320b1d2,2025-10-22,3500.0,city,AM
320b1d2,2025-10-22,3500.0,city,BW
320b1d2,2025-10-22,3500.0,city,BW
320b1d2,2025-10-22,3500.0,city,CB
320b1d2,2025-10-22,3500.0,city,CB
320b1d2,2025-10-22,3500.0,city,CM
320b1d2,2025-10-22,3500.0,city,CZ
320b1d2,2025-10-22,3500.0,city,CZ
320b1d2,2025-10-22,3500.0,city,DK
320b1d2,2025-10-22,3500.0,city,DK
320b1d2,2025-10-22,3500.0,city,DT
320b1d2,2025-10-22,3500.0,city,DT
320b1d2,2025-10-22,3500.0,city,DZ
320b1d2,2025-10-22,3500.0,city,DZ
320b1d2,2025-10-22,3500.0,city,EA
320b1d2,2025-10-22,3500.0,city,EA
320b1d2,2025-10-22,3500.0,city,EL
320b1d2,2025-10-22,3500.0,city,EL
320b1d2,2025-10-22,3500.0,city,EN
320b1d2,2025-10-22,3500.0,city,EN
320b1d2,2025-10-22,3500.0,city,ER
320b1d2,2025-10-22,3500.0,city,ER
320b1d2,2025-10-22,3500.0,city,EV
320b1d2,2025-10-22,3500.0,city,EV
320b1d2,2025-10-22,3500.0,city,HL
320b1d2,2025-10-22,3500.0,city,HL
320b1d2,2025-10-22,3500.0,city,IM
320b1d2,2025-10-22,3500.0,city,IM
320b1d2,2025-10-22,3500.0,city,JG
320b1d2,2025-10-22,3500.0,city,JG
320b1d2,2025-10-22,3500.0,city,JK
320b1d2,2025-10-22,3500.0,city,JK
320b1d2,2025-10-22,1000.0,city,JM
320b1d2,2025-10-22,3500.0,city,JS
320b1d2,2025-10-22,3500.0,city,JS
320b1d2,2025-10-22,1000.0,city,KS
320b1d2,2025-10-22,2500.0,city,KS
320b1d2,2025-10-22,3500.0,city,KS
320b1d2,2025-10-22,3500.0,city,LC
320b1d2,2025-10-22,3500.0,city,LC
320b1d2,2025-10-22,3500.0,city,MK
320b1d2,2025-10-22,3500.0,city,MK
320b1d2,2025-10-22,3500.0,city,MN
320b1d2,2025-10-22,3480.0,city,MN
320b1d2,2025-10-22,3500.0,city,MT
320b1d2,2025-10-22,3500.0,city,MT
320b1d2,2025-10-22,3500.0,city,PB
320b1d2,2025-10-22,3500.0,city,PB
320b1d2,2025-10-22,3500.0,city,PM
320b1d2,2025-10-22,3500.0,city,PM
320b1d2,2025-10-22,3500.0,city,RD
320b1d2,2025-10-22,3500.0,city,SJ
320b1d2,2025-10-22,3500.0,city,SJ
320b1d2,2025-10-22,3500.0,city,TK
320b1d2,2025-10-22,3500.0,city,TK
320b1d2,2025-10-22,3500.0,city,TT
320b1d2,2025-10-22,3500.0,city,TT
320b1d2,2025-10-22,3500.0,city,VH
320b1d2,2025-10-22,3500.0,city,VH
320b1d2,2025-10-22,3500.0,ucb,MC
320b1d2,2025-10-22,3500.0,ucb,MC
320b1d2,2025-10-23,3500.0,city,AT
320b1d2,2025-10-23,3500.0,city,AT
320b1d2,2025-10-23,7000.0,city,DF
320b1d2,2025-10-23,3500.0,city,DF
320b1d2,2025-10-23,3500.0,city,DF
320b1d2,2025-10-23,7000.0,city,EA
320b1d2,2025-10-23,200.0,city,JR
320b1d2,2025-10-23,3500.0,city,JR
320b1d2,2025-10-26,200.0,city,JC
320b1d2,2025-10-26,50.0,city,JC
320b1d2,2025-11-06,3500.0,city,BW
320b1d2,2025-11-06,1500.0,city,BW
320b1d2,2025-11-06,250.0,city,IR
320b1d2,2025-11-08,3500.0,city,BG
320b1d2,2025-11-08,3500.0,city,BG
320b1d2,2025-11-08,1000.0,city,NT
320b1d2,2025-11-09,2000.0,city,NG
320b1d2,2025-11-10,6800.0,city,AM
320b1d2,2025-11-10,200.0,city,AM
320b1d2,2025-11-22,200.0,city,NG
320b1d2,2025-11-22,3500.0,city,NG
320b1d2,2025-11-23,200.0,city,AS
320b1d2,2025-11-23,3500.0,city,AS
320b1d2,2025-12-02,250.0,city,VE
320b1d2,2025-12-06,1000.0,city,LS
320b1d2,2025-12-08,2000.0,city,ZP
320b1d2,2025-12-08,1500.0,city,ZP
320b1d2,2025-12-08,3500.0,city,ZP
320b1d2,2025-12-29,1000.0,city,MR
320b1d2,2025-12-30,500.0,city,BD
320b1d2,2025-12-31,3500.0,city,AS
320b1d2,2025-12-31,3500.0,city,AS
320b1d2,2025-12-31,500.0,city,NA
320b1d2,2025-12-31,1000.0,city,NG
320b1d2,2025-12-31,3500.0,city,RR
320b1d2,2025-12-31,3500.0,city,RR
320b1d2,2026-01-07,3500.0,city,KN
320b1d2,2026-01-07,3500.0,city,KN
320b1d2,2026-01-07,50.0,city,SS
320b1d2,2026-01-16,500.0,city,BD
320b1d2,2026-01-16,500.0,city,KJ
320b1d2,2026-01-20,500.0,both,MT
320b1d2,2026-01-23,500.0,city,AK
320b1d2,2026-01-23,250.0,city,ER
320b1d2,2026-01-23,250.0,city,KH
320b1d2,2026-01-23,500.0,city,NS
320b1d2,2026-01-24,500.0,city,BG
320b1d2,2026-01-24,2500.0,city,PG
320b1d2,2026-01-24,2500.0,city,TG
320b1d2,2026-01-25,250.0,city,KG
320b1d2,2026-01-26,1000.0,city,BB
320b1d2,2026-01-26,1000.0,city,NA
320b1d2,2026-01-27,100.0,city,EZ
320b1d2,2026-02-07,50.0,city,SS
320b1d2,2026-02-23,50.0,city,ER
320b1d2,2026-03-03,1000.0,city,MM
320b1d2,2026-03-07,50.0,city,SS
320b1d2,2026-03-10,1000.0,city,LS
320b1d2,2026-03-23,50.0,city,ER
320b1d2,2026-03-31,3500.0,city,AT
320b1d2,2026-03-31,3500.0,city,AT
320b1d2,2026-04-05,500.0,city,NG
320b1d2,2026-04-05,3500.0,city,NG
320b1d2,2026-04-07,50.0,city,SS
320b1d2,2026-04-12,500.0,ucb,BM
320b1d2,2026-04-16,500.0,city,JG
320b1d2,2026-04-16,100.0,city,KG
320b1d2,2026-04-22,3500.0,city,CK
320b1d2,2026-04-22,3500.0,city,CK
320b1d2,2026-04-22,1000.0,city,KT
320b1d2,2026-04-23,50.0,city,ER
320b1d2,2026-04-27,500.0,city,JG
320b1d2,2026-04-27,1500.0,city,RS
320b1d2,2026-04-28,500.0,city,NA
320b1d2,2026-04-29,250.0,city,DC
320b1d2,2026-04-30,500.0,city,TH
320b1d2,2026-05-03,2500.0,city,BM
320b1d2,2026-05-07,50.0,city,SS
320b1d2,2026-05-11,3500.0,city,KF
320b1d2,2026-05-11,3500.0,city,KF
320b1d2,2026-05-13,3500.0,city,PS
320b1d2,2026-05-13,3500.0,city,PS
320b1d2,2026-05-14,200.0,city,ZR
320b1d2,2026-05-19,3500.0,city,EG
320b1d2,2026-05-19,3500.0,city,EG
320b1d2,2026-05-19,3500.0,city,NS
320b1d2,2026-05-19,3500.0,city,NS
320b1d2,2026-05-19,3500.0,city,TL
320b1d2,2026-05-21,3500.0,city,AW
320b1d2,2026-05-21,3500.0,city,AW
320b1d2,2026-05-21,3500.0,city,RS
320b1d2,2026-05-21,3500.0,city,RS
320b1d2,2026-05-21,3500.0,city,TL
320b1d2,2026-05-23,50.0,city,ER
320b1d2,2026-05-31,100.0,city,RB
320b1d2,2026-06-05,2500.0,city,JM
320b1d2,2026-06-07,50.0,city,SS
320b1d2,2026-06-23,50.0,city,ER
320b1d2,2026-06-28,500.0,both,ES
320b1d2,2026-06-29,100.0,city,BG
320b1d2,2026-06-29,250.0,city,KH
320b1d2,2026-06-29,50.0,city,RB
320b1d2,2026-06-29,100.0,city,ZR
3466151,2026-03-31,250.0,city,JZ
34728b2,2025-10-21,100.0,city,JB
34728b2,2025-11-21,100.0,ucb,GL
34728b2,2025-12-28,100.0,city,VW
34728b2,2026-01-21,250.0,city,MN
34728b2,2026-01-25,250.0,ucb,GL
34728b2,2026-04-04,250.0,both,SC
34728b2,2026-04-06,100.0,ucb,GL
3811325,2026-03-08,475.0,city,PS
3811325,2026-03-09,20.26,city,LB
3811325,2026-06-23,23.75,city,LB
384d63f,2025-08-10,50.0,city,PR
384d63f,2025-08-10,100.0,city,RK
384d63f,2025-08-11,50.0,city,LW
384d63f,2025-08-12,25.0,city,HK
384d63f,2025-08-12,50.0,city,LB
384d63f,2025-08-12,50.0,city,SR
384d63f,2025-08-12,25.0,city,VO
384d63f,2025-08-13,6.0,city,BG
384d63f,2025-08-13,50.0,city,BR
384d63f,2025-08-13,20.0,city,CB
384d63f,2025-08-13,25.0,city,FC
384d63f,2025-08-14,25.0,city,AH
384d63f,2025-08-14,50.0,city,DC
384d63f,2025-08-14,100.0,city,MN
384d63f,2025-08-16,100.0,city,LW
384d63f,2025-08-18,50.0,city,JA
384d63f,2025-08-18,5.0,city,MB
384d63f,2025-08-20,5.0,city,JN
384d63f,2025-08-21,25.0,city,LE
384d63f,2025-08-21,300.0,city,MM
384d63f,2025-08-21,100.0,ucb,ED
384d63f,2025-08-22,125.0,city,MP
384d63f,2025-08-25,100.0,city,BR
384d63f,2025-08-26,5.0,city,BK
384d63f,2025-08-26,1000.0,city,JB
384d63f,2025-08-26,35.0,city,SJ
384d63f,2025-08-27,5.0,city,AM
384d63f,2025-08-27,20.0,city,HR
384d63f,2025-08-27,10.0,city,MN
384d63f,2025-08-27,250.0,ucb,JP
384d63f,2025-08-27,8.33,ucb,KP
384d63f,2025-08-28,5.0,city,MB
384d63f,2025-08-28,50.0,city,RK
384d63f,2025-08-28,50.0,ucb,ED
384d63f,2025-08-29,250.0,city,CZ
384d63f,2025-08-29,100.0,city,ET
384d63f,2025-08-29,250.0,city,MS
384d63f,2025-08-29,20.0,city,PP
384d63f,2025-08-30,200.0,city,AD
384d63f,2025-08-30,200.0,city,AP
384d63f,2025-08-30,250.0,city,JH
384d63f,2025-08-30,5.0,city,JN
384d63f,2025-08-30,100.0,city,LB
384d63f,2025-08-31,150.0,city,BR
384d63f,2025-08-31,22.0,city,CW
384d63f,2025-08-31,25.0,city,LW
384d63f,2025-09-01,35.0,city,LW
384d63f,2025-09-02,500.0,city,AP
384d63f,2025-09-02,40.0,city,LB
384d63f,2025-09-03,10.0,city,DA
384d63f,2025-09-03,50.0,city,JC
384d63f,2025-09-03,50.0,city,PH
384d63f,2025-09-04,25.0,city,AH
384d63f,2025-09-04,5.0,city,JN
384d63f,2025-09-04,25.0,city,LS
384d63f,2025-09-04,50.0,city,PR
384d63f,2025-09-04,25.0,city,SP
384d63f,2025-09-04,100.0,city,TM
384d63f,2025-09-05,100.0,city,HW
384d63f,2025-09-07,50.0,city,DC
384d63f,2025-09-07,250.0,city,JL
384d63f,2025-09-08,5.0,city,AK
384d63f,2025-09-09,200.0,city,MA
384d63f,2025-09-09,176.0,city,RR
384d63f,2025-09-10,100.0,city,LH
384d63f,2025-09-11,50.0,city,LW
384d63f,2025-09-12,200.0,city,JT
384d63f,2025-09-12,5.0,city,MB
384d63f,2025-09-12,5.0,city,MB
384d63f,2025-09-12,20.0,city,SJ
384d63f,2025-09-12,25.0,city,VO
384d63f,2025-09-13,6.0,city,BG
384d63f,2025-09-13,20.0,city,CB
384d63f,2025-09-13,25.0,city,FC
384d63f,2025-09-14,50.0,city,AM
384d63f,2025-09-14,250.0,city,JG
384d63f,2025-09-16,100.0,city,LW
384d63f,2025-09-17,50.0,city,RK
384d63f,2025-09-18,4.0,city,MB
384d63f,2025-09-18,100.0,city,PR
384d63f,2025-09-18,2.5,city,SK
384d63f,2025-09-20,50.0,city,GH
384d63f,2025-09-20,5.0,city,JN
384d63f,2025-09-20,50.0,city,LE
384d63f,2025-09-20,50.0,city,RK
384d63f,2025-09-21,1000.0,city,JL
384d63f,2025-09-21,50.0,city,LB
384d63f,2025-09-21,300.0,city,MM
384d63f,2025-09-22,50.0,city,BR
384d63f,2025-09-25,1000.0,city,MM
384d63f,2025-09-25,700.0,city,MM
384d63f,2025-09-25,300.0,city,MM
384d63f,2025-09-26,5.0,city,BK
384d63f,2025-09-26,100.0,city,BR
384d63f,2025-09-26,35.0,city,DB
384d63f,2025-09-26,250.0,city,ES
384d63f,2025-09-26,100.0,city,HK
384d63f,2025-09-26,200.0,city,JT
384d63f,2025-09-26,35.0,city,SJ
384d63f,2025-09-27,5.0,city,AM
384d63f,2025-09-27,20.0,city,HR
384d63f,2025-09-27,10.0,city,MN
384d63f,2025-09-27,300.0,city,SR
384d63f,2025-09-27,8.33,ucb,KP
384d63f,2025-09-29,500.0,city,AP
384d63f,2025-09-29,250.0,city,MS
384d63f,2025-09-29,20.0,city,PP
384d63f,2025-09-29,50.0,city,SR
384d63f,2025-09-30,22.0,city,CW
384d63f,2025-09-30,100.0,city,ET
384d63f,2025-09-30,500.0,city,FD
384d63f,2025-09-30,5.0,city,JN
384d63f,2025-10-01,35.0,city,LW
384d63f,2025-10-03,50.0,city,AT
384d63f,2025-10-03,10.0,city,DA
384d63f,2025-10-03,25.0,city,JE
384d63f,2025-10-03,50.0,city,LB
384d63f,2025-10-03,50.0,city,PH
384d63f,2025-10-04,50.0,city,AH
384d63f,2025-10-04,5.0,city,JN
384d63f,2025-10-04,25.0,city,LS
384d63f,2025-10-04,25.0,city,SP
384d63f,2025-10-05,50.0,city,JM
384d63f,2025-10-06,100.0,city,MA
384d63f,2025-10-06,50.0,city,MS
384d63f,2025-10-06,200.0,city,PA
384d63f,2025-10-07,250.0,city,BR
384d63f,2025-10-07,3.33,city,DC
384d63f,2025-10-07,5.0,city,SR
384d63f,2025-10-07,1000.0,ucb,RK
384d63f,2025-10-08,20.0,city,AJ
384d63f,2025-10-08,5.0,city,AK
384d63f,2025-10-09,100.0,city,SB
384d63f,2025-10-10,50.0,city,RF
384d63f,2025-10-10,20.0,city,SJ
384d63f,2025-10-11,100.0,city,JL
384d63f,2025-10-11,20.0,city,LO
384d63f,2025-10-11,50.0,city,LW
384d63f,2025-10-11,100.0,city,VW
384d63f,2025-10-12,50.0,city,AP
384d63f,2025-10-12,500.0,city,EI
384d63f,2025-10-12,20.0,city,SR
384d63f,2025-10-12,25.0,city,VO
384d63f,2025-10-13,6.0,city,BG
384d63f,2025-10-13,120.0,city,BR
384d63f,2025-10-13,50.0,city,BR
384d63f,2025-10-13,50.0,city,CB
384d63f,2025-10-13,25.0,city,FC
384d63f,2025-10-13,25.0,city,JE
384d63f,2025-10-13,10.0,city,SR
384d63f,2025-10-13,2.5,city,SR
384d63f,2025-10-14,100.0,city,TC
384d63f,2025-10-15,50.0,city,FW
384d63f,2025-10-15,200.0,city,LJ
384d63f,2025-10-15,50.0,city,RB
384d63f,2025-10-16,100.0,city,LW
384d63f,2025-10-16,3.0,city,SR
384d63f,2025-10-17,500.0,city,GP
384d63f,2025-10-20,200.0,city,CD
384d63f,2025-10-20,50.0,city,JH
384d63f,2025-10-20,75.0,city,JM
384d63f,2025-10-20,5.0,city,JN
384d63f,2025-10-21,50.0,city,EK
384d63f,2025-10-21,50.0,city,LB
384d63f,2025-10-21,300.0,city,MM
384d63f,2025-10-21,1000.0,city,MS
384d63f,2025-10-21,30.0,city,SB
384d63f,2025-10-21,200.0,city,WB
384d63f,2025-10-22,100.0,city,SB
384d63f,2025-10-23,100.0,city,RR
384d63f,2025-10-24,25.0,city,DB
384d63f,2025-10-24,100.0,city,LJ
384d63f,2025-10-24,20.0,city,SD
384d63f,2025-10-24,3.0,city,SR
384d63f,2025-10-26,5.0,city,BK
384d63f,2025-10-26,125.0,city,BR
384d63f,2025-10-26,500.0,city,HC
384d63f,2025-10-26,250.0,city,TP
384d63f,2025-10-27,5.0,city,AM
384d63f,2025-10-27,25.0,city,BM
384d63f,2025-10-27,20.0,city,HR
384d63f,2025-10-27,10.0,city,MN
384d63f,2025-10-27,100.0,city,TK
384d63f,2025-10-27,100.0,city,TM
384d63f,2025-10-27,8.33,ucb,KP
384d63f,2025-10-28,50.0,city,AT
384d63f,2025-10-29,25.0,city,MN
384d63f,2025-10-29,250.0,city,MS
384d63f,2025-10-29,20.0,city,PP
384d63f,2025-10-29,100.0,city,RK
384d63f,2025-10-30,5.0,city,JN
384d63f,2025-10-31,20.0,city,BG
384d63f,2025-10-31,22.0,city,CW
384d63f,2025-10-31,20.0,city,FW
384d63f,2025-10-31,25.0,city,JE
384d63f,2025-10-31,10.0,city,JM
384d63f,2025-10-31,100.0,city,LH
384d63f,2025-10-31,5.0,city,SR
384d63f,2025-10-31,100.0,city,ST
384d63f,2025-11-01,35.0,city,LW
384d63f,2025-11-03,10.0,city,DA
384d63f,2025-11-03,50.0,city,LB
384d63f,2025-11-03,50.0,city,PH
384d63f,2025-11-04,50.0,city,AH
384d63f,2025-11-04,5.0,city,JN
384d63f,2025-11-04,25.0,city,LS
384d63f,2025-11-04,25.0,city,SP
384d63f,2025-11-05,25.0,city,JC
384d63f,2025-11-05,10.0,city,JE
384d63f,2025-11-06,500.0,city,DS
384d63f,2025-11-06,50.0,city,JH
384d63f,2025-11-06,5.0,city,MB
384d63f,2025-11-06,100.0,city,MH
384d63f,2025-11-06,50.0,city,MS
384d63f,2025-11-06,250.0,city,SB
384d63f,2025-11-07,3.33,city,DC
384d63f,2025-11-07,50.0,city,SR
384d63f,2025-11-08,5.0,city,AK
384d63f,2025-11-09,1.5,city,SR
384d63f,2025-11-09,1.5,city,SR
384d63f,2025-11-11,20.0,city,LO
384d63f,2025-11-11,50.0,city,LW
384d63f,2025-11-11,5.0,city,SR
384d63f,2025-11-11,100.0,city,TM
384d63f,2025-11-12,50.0,city,BM
384d63f,2025-11-12,50.0,city,RK
384d63f,2025-11-12,25.0,city,VO
384d63f,2025-11-13,6.0,city,BG
384d63f,2025-11-13,30.0,city,BR
384d63f,2025-11-13,50.0,city,CB
384d63f,2025-11-13,25.0,city,FC
384d63f,2025-11-15,1.0,city,AT
384d63f,2025-11-16,100.0,city,LW
384d63f,2025-11-16,2.5,city,SR
384d63f,2025-11-16,20.0,city,TC
384d63f,2025-11-16,100.0,city,TM
384d63f,2025-11-17,100.0,city,JL
384d63f,2025-11-19,100.0,city,JC
384d63f,2025-11-19,3.0,city,SR
384d63f,2025-11-20,5.0,city,JN
384d63f,2025-11-21,50.0,city,LB
384d63f,2025-11-21,300.0,city,MM
384d63f,2025-11-21,30.0,city,SB
384d63f,2025-11-22,25.0,city,AJ
384d63f,2025-11-22,25.0,city,JC
384d63f,2025-11-22,250.0,city,KM
384d63f,2025-11-23,20.0,city,SJ
384d63f,2025-11-24,20.0,city,SD
384d63f,2025-11-25,200.0,city,AL
384d63f,2025-11-25,10.0,city,GH
384d63f,2025-11-26,5.0,city,BK
384d63f,2025-11-26,40.0,city,RB
384d63f,2025-11-26,35.0,city,SJ
384d63f,2025-11-27,20.0,city,HR
384d63f,2025-11-27,10.0,city,MN
384d63f,2025-11-27,8.33,ucb,KP
384d63f,2025-11-29,25.0,city,MN
384d63f,2025-11-29,250.0,city,MS
384d63f,2025-11-29,250.0,city,PC
384d63f,2025-11-29,20.0,city,PP
384d63f,2025-11-30,22.0,city,CW
384d63f,2025-11-30,10.0,city,JM
384d63f,2025-11-30,5.0,city,JN
384d63f,2025-12-01,50.0,city,CB
384d63f,2025-12-01,100.0,city,HK
384d63f,2025-12-01,100.0,city,JC
384d63f,2025-12-01,35.0,city,LW
384d63f,2025-12-01,200.0,city,MN
384d63f,2025-12-01,250.0,ucb,GL
384d63f,2025-12-02,5.0,city,SR
384d63f,2025-12-03,10.0,city,DA
384d63f,2025-12-03,50.0,city,PH
384d63f,2025-12-04,50.0,city,AH
384d63f,2025-12-04,5.0,city,JN
384d63f,2025-12-04,25.0,city,LB
384d63f,2025-12-04,25.0,city,LS
384d63f,2025-12-04,25.0,city,SP
384d63f,2025-12-05,500.0,city,HF
384d63f,2025-12-06,100.0,city,JC
384d63f,2025-12-06,500.0,city,JR
384d63f,2025-12-06,50.0,city,MS
384d63f,2025-12-07,3.33,city,DC
384d63f,2025-12-08,5.0,city,AK
384d63f,2025-12-08,35.0,city,DB
384d63f,2025-12-08,25.0,city,JA
384d63f,2025-12-09,125.0,city,JL
384d63f,2025-12-10,100.0,city,MA
384d63f,2025-12-10,50.0,city,RK
384d63f,2025-12-11,25.0,city,AJ
384d63f,2025-12-11,25.0,city,MH
384d63f,2025-12-11,5.0,city,SR
384d63f,2025-12-12,25.0,city,VO
384d63f,2025-12-12,25.0,city,WW
384d63f,2025-12-13,6.0,city,BG
384d63f,2025-12-13,50.0,city,CB
384d63f,2025-12-13,25.0,city,FC
384d63f,2025-12-13,50.0,city,HW
384d63f,2025-12-14,100.0,city,DS
384d63f,2025-12-14,100.0,city,NN
384d63f,2025-12-14,10.0,city,SK
384d63f,2025-12-14,20.0,city,TC
384d63f,2025-12-16,100.0,city,EB
384d63f,2025-12-17,25.0,city,LO
384d63f,2025-12-18,25.0,city,JC
384d63f,2025-12-19,100.0,city,LG
384d63f,2025-12-20,50.0,city,BR
384d63f,2025-12-20,5.0,city,SR
384d63f,2025-12-21,35.0,city,BM
384d63f,2025-12-21,75.0,city,JA
384d63f,2025-12-21,100.0,city,JC
384d63f,2025-12-21,50.0,city,LB
384d63f,2025-12-21,300.0,city,MM
384d63f,2025-12-21,30.0,city,SB
384d63f,2025-12-22,1000.0,city,HK
384d63f,2025-12-22,50.0,city,TC
384d63f,2025-12-24,20.0,city,SD
384d63f,2025-12-25,25.0,city,BM
384d63f,2025-12-25,100.0,city,RP
384d63f,2025-12-26,100.0,city,BG
384d63f,2025-12-26,5.0,city,BK
384d63f,2025-12-26,20.0,city,JE
384d63f,2025-12-26,35.0,city,SJ
384d63f,2025-12-27,20.0,city,HR
384d63f,2025-12-28,250.0,city,JB
384d63f,2025-12-28,200.0,city,MS
384d63f,2025-12-28,50.0,city,SR
384d63f,2025-12-29,35.0,city,AD
384d63f,2025-12-29,20.0,city,AH
384d63f,2025-12-29,20.0,city,DB
384d63f,2025-12-29,25.0,city,LO
384d63f,2025-12-29,25.0,city,MN
384d63f,2025-12-29,250.0,city,MS
384d63f,2025-12-29,5.0,city,SR
384d63f,2025-12-30,250.0,city,BR
384d63f,2025-12-30,100.0,city,JC
384d63f,2025-12-30,50.0,city,JL
384d63f,2025-12-30,5.0,city,JN
384d63f,2025-12-30,100.0,city,MP
384d63f,2025-12-30,50.0,city,RK
384d63f,2025-12-30,250.0,city,WS
384d63f,2025-12-31,100.0,city,BB
384d63f,2025-12-31,25.0,city,BR
384d63f,2025-12-31,22.0,city,CW
384d63f,2025-12-31,25.0,city,JA
384d63f,2025-12-31,10.0,city,JM
384d63f,2025-12-31,1000.0,city,RL
384d63f,2026-01-01,50.0,city,LO
384d63f,2026-01-01,35.0,city,LW
384d63f,2026-01-02,25.0,city,BM
384d63f,2026-01-03,10.0,city,DA
384d63f,2026-01-03,50.0,city,PH
384d63f,2026-01-04,25.0,city,AH
384d63f,2026-01-04,5.0,city,JN
384d63f,2026-01-04,25.0,city,LS
384d63f,2026-01-04,20.0,city,SP
384d63f,2026-01-05,50.0,city,GH
384d63f,2026-01-05,20.0,city,LB
384d63f,2026-01-06,50.0,city,MS
384d63f,2026-01-07,3.33,city,DC
384d63f,2026-01-07,2.5,city,SR
384d63f,2026-01-08,5.0,city,AK
384d63f,2026-01-08,5.0,city,MA
384d63f,2026-01-08,100.0,city,MS
384d63f,2026-01-08,50.0,city,SC
384d63f,2026-01-10,25.0,city,MB
384d63f,2026-01-11,25.0,city,AH
384d63f,2026-01-11,250.0,city,MA
384d63f,2026-01-11,15.0,city,VK
384d63f,2026-01-12,25.0,city,VO
384d63f,2026-01-13,6.0,city,BG
384d63f,2026-01-13,50.0,city,CB
384d63f,2026-01-13,25.0,city,FC
384d63f,2026-01-13,20.0,city,JG
384d63f,2026-01-13,20.0,city,JG
384d63f,2026-01-13,50.0,city,JM
384d63f,2026-01-13,50.0,city,LW
384d63f,2026-01-13,250.0,city,PZ
384d63f,2026-01-13,50.0,city,RK
384d63f,2026-01-14,200.0,city,AL
384d63f,2026-01-14,12.5,city,DS
384d63f,2026-01-14,20.0,city,TC
384d63f,2026-01-15,20.0,city,JS
384d63f,2026-01-15,20.0,city,LA
384d63f,2026-01-15,5.0,city,SR
384d63f,2026-01-15,20.0,city,VK
384d63f,2026-01-16,500.0,city,AB
384d63f,2026-01-16,25.0,city,BG
384d63f,2026-01-16,50.0,city,LB
384d63f,2026-01-16,15.0,ucb,KO
384d63f,2026-01-17,25.0,city,JC
384d63f,2026-01-17,100.0,city,JC
384d63f,2026-01-19,150.0,city,AM
384d63f,2026-01-21,250.0,city,CF
384d63f,2026-01-21,15.0,city,JG
384d63f,2026-01-21,50.0,city,LB
384d63f,2026-01-21,300.0,city,MM
384d63f,2026-01-21,30.0,city,SB
384d63f,2026-01-22,250.0,city,CL
384d63f,2026-01-22,100.0,city,MS
384d63f,2026-01-22,5.0,city,SK
384d63f,2026-01-23,5.0,city,BG
384d63f,2026-01-23,500.0,city,NG
384d63f,2026-01-23,30.0,city,WJ
384d63f,2026-01-24,500.0,city,PL
384d63f,2026-01-24,20.0,city,SD
384d63f,2026-01-24,100.0,city,TM
384d63f,2026-01-25,50.0,city,TP
384d63f,2026-01-25,250.0,ucb,AH
384d63f,2026-01-26,5.0,city,BG
384d63f,2026-01-26,5.0,city,BK
384d63f,2026-01-26,50.0,city,RK
384d63f,2026-01-26,35.0,city,SJ
384d63f,2026-01-26,25.0,city,TK
384d63f,2026-01-27,15.0,city,CM
384d63f,2026-01-27,50.0,city,KL
384d63f,2026-01-27,100.0,city,KL
384d63f,2026-01-27,100.0,city,KL
384d63f,2026-01-27,20.0,city,SM
384d63f,2026-01-27,1.0,city,SR
384d63f,2026-01-28,15.0,city,BG
384d63f,2026-01-28,50.0,city,GZ
384d63f,2026-01-28,20.0,city,JG
384d63f,2026-01-28,250.0,city,MD
384d63f,2026-01-29,30.0,city,BA
384d63f,2026-01-29,25.0,city,MN
384d63f,2026-01-29,250.0,city,MS
384d63f,2026-01-29,25.0,city,SB
384d63f,2026-01-30,50.0,city,JG
384d63f,2026-01-30,5.0,city,JN
384d63f,2026-01-30,20.0,city,MA
384d63f,2026-01-30,25.0,city,MB
384d63f,2026-01-30,50.0,city,TT
384d63f,2026-01-31,5.0,city,BG
384d63f,2026-01-31,22.0,city,CW
384d63f,2026-01-31,25.0,city,EK
384d63f,2026-01-31,10.0,city,JM
384d63f,2026-01-31,25.0,city,LO
384d63f,2026-01-31,50.0,city,TT
384d63f,2026-02-01,25.0,city,BM
384d63f,2026-02-01,35.0,city,LW
384d63f,2026-02-01,500.0,city,SD
384d63f,2026-02-03,10.0,city,DA
384d63f,2026-02-03,1000.0,city,EL
384d63f,2026-02-03,12.5,city,EY
384d63f,2026-02-03,50.0,city,JH
384d63f,2026-02-03,100.0,city,JS
384d63f,2026-02-03,50.0,city,PH
384d63f,2026-02-03,250.0,city,SB
384d63f,2026-02-03,1.0,city,SR
384d63f,2026-02-03,50.0,city,SR
384d63f,2026-02-03,500.0,city,TL
384d63f,2026-02-03,35.0,ucb,PC
384d63f,2026-02-04,5.0,city,BG
384d63f,2026-02-04,100.0,city,ET
384d63f,2026-02-04,25.0,city,JE
384d63f,2026-02-04,5.0,city,JN
384d63f,2026-02-04,25.0,city,LB
384d63f,2026-02-04,25.0,city,LS
384d63f,2026-02-04,20.0,city,SP
384d63f,2026-02-04,100.0,city,WW
384d63f,2026-02-05,150.0,city,JR
384d63f,2026-02-06,50.0,city,MS
384d63f,2026-02-06,100.0,city,TM
384d63f,2026-02-07,3.33,city,DC
384d63f,2026-02-07,200.0,city,MS
384d63f,2026-02-08,5.0,city,AK
384d63f,2026-02-08,50.0,city,SC
384d63f,2026-02-09,250.0,city,AJ
384d63f,2026-02-09,50.0,city,CB
384d63f,2026-02-09,50.0,city,GH
384d63f,2026-02-09,100.0,city,LW
384d63f,2026-02-09,100.0,city,RP
384d63f,2026-02-10,100.0,city,AJ
384d63f,2026-02-10,50.0,city,CK
384d63f,2026-02-10,50.0,city,LW
384d63f,2026-02-10,100.0,city,SK
384d63f,2026-02-11,40.0,city,AH
384d63f,2026-02-11,50.0,city,EK
384d63f,2026-02-11,250.0,city,MS
384d63f,2026-02-11,25.0,city,TK
384d63f,2026-02-11,15.0,city,VK
384d63f,2026-02-12,27.0,city,BA
384d63f,2026-02-12,20.0,city,BG
384d63f,2026-02-12,50.0,city,JC
384d63f,2026-02-12,3.0,city,SR
384d63f,2026-02-12,25.0,city,VO
384d63f,2026-02-13,25.0,city,AW
384d63f,2026-02-13,6.0,city,BG
384d63f,2026-02-13,50.0,city,CB
384d63f,2026-02-13,25.0,city,FC
384d63f,2026-02-13,20.0,city,JG
384d63f,2026-02-13,50.0,city,LW
384d63f,2026-02-13,25.0,city,MI
384d63f,2026-02-13,5.0,city,MK
384d63f,2026-02-13,100.0,city,MK
384d63f,2026-02-14,5.0,city,BG
384d63f,2026-02-14,2000.0,city,MS
384d63f,2026-02-14,500.0,city,TL
384d63f,2026-02-14,100.0,ucb,JP
384d63f,2026-02-15,20.0,city,JS
384d63f,2026-02-15,20.0,city,LA
384d63f,2026-02-15,20.0,city,VK
384d63f,2026-02-16,50.0,city,HC
384d63f,2026-02-16,50.0,city,TT
384d63f,2026-02-17,12.5,city,AJ
384d63f,2026-02-17,100.0,city,FA
384d63f,2026-02-18,50.0,city,CK
384d63f,2026-02-18,20.0,city,DB
384d63f,2026-02-18,200.0,city,JT
384d63f,2026-02-18,100.0,city,LB
384d63f,2026-02-18,100.0,city,RF
384d63f,2026-02-19,100.0,city,AD
384d63f,2026-02-19,50.0,city,LB
384d63f,2026-02-19,2.5,city,SR
384d63f,2026-02-20,25.0,city,AM
384d63f,2026-02-20,20.0,city,CM
384d63f,2026-02-20,200.0,city,LB
384d63f,2026-02-20,15.0,city,PH
384d63f,2026-02-20,250.0,city,RP
384d63f,2026-02-20,1.5,city,SR
384d63f,2026-02-21,25.0,city,JE
384d63f,2026-02-21,50.0,city,LB
384d63f,2026-02-21,300.0,city,MM
384d63f,2026-02-21,250.0,city,PH
384d63f,2026-02-21,30.0,city,SB
384d63f,2026-02-22,50.0,city,AK
384d63f,2026-02-22,25.0,city,BG
384d63f,2026-02-22,100.0,city,TF
384d63f,2026-02-23,25.0,city,AW
384d63f,2026-02-23,50.0,city,BA
384d63f,2026-02-23,100.0,city,JB
384d63f,2026-02-23,100.0,city,JB
384d63f,2026-02-23,50.0,city,JH
384d63f,2026-02-23,25.0,city,WJ
384d63f,2026-02-24,27.0,city,CK
384d63f,2026-02-24,100.0,city,JC
384d63f,2026-02-24,27.0,city,JS
384d63f,2026-02-24,3.0,city,JS
384d63f,2026-02-24,30.0,city,RW
384d63f,2026-02-24,20.0,city,SD
384d63f,2026-02-24,250.0,city,WG
384d63f,2026-02-25,100.0,city,AJ
384d63f,2026-02-25,50.0,city,RK
384d63f,2026-02-25,50.0,city,TP
384d63f,2026-02-26,20.0,city,AT
384d63f,2026-02-26,5.0,city,BK
384d63f,2026-02-26,35.0,city,SJ
384d63f,2026-02-26,5.0,city,SR
384d63f,2026-02-27,20.0,city,HR
384d63f,2026-02-27,50.0,city,LB
384d63f,2026-02-27,500.0,city,PS
384d63f,2026-02-27,20.0,city,SM
384d63f,2026-02-28,22.0,city,CW
384d63f,2026-02-28,50.0,city,GZ
384d63f,2026-02-28,10.0,city,JM
384d63f,2026-02-28,5.0,city,JN
384d63f,2026-02-28,25.0,city,MN
384d63f,2026-02-28,50.0,city,RK
384d63f,2026-02-28,1.5,city,SR
384d63f,2026-03-01,20.0,city,LB
384d63f,2026-03-01,35.0,city,LW
384d63f,2026-03-02,50.0,city,TM
384d63f,2026-03-03,100.0,city,DT
384d63f,2026-03-03,50.0,city,PH
384d63f,2026-03-04,5.0,city,JN
384d63f,2026-03-04,25.0,city,LS
384d63f,2026-03-04,20.0,city,SP
384d63f,2026-03-05,50.0,city,GH
384d63f,2026-03-05,100.0,city,JR
384d63f,2026-03-05,50.0,city,NN
384d63f,2026-03-06,35.0,city,AD
384d63f,2026-03-06,5.0,city,BG
384d63f,2026-03-06,100.0,city,HK
384d63f,2026-03-06,50.0,city,MN
384d63f,2026-03-06,50.0,city,MS
384d63f,2026-03-06,250.0,ucb,GL
384d63f,2026-03-07,3.33,city,DC
384d63f,2026-03-07,40.0,city,RB
384d63f,2026-03-08,5.0,city,AK
384d63f,2026-03-08,100.0,city,DJ
384d63f,2026-03-08,100.0,city,LE
384d63f,2026-03-08,50.0,city,SC
384d63f,2026-03-09,100.0,city,LW
384d63f,2026-03-09,100.0,city,RP
384d63f,2026-03-10,20.0,city,AW
384d63f,2026-03-10,50.0,city,LW
384d63f,2026-03-10,3.0,city,SR
384d63f,2026-03-11,25.0,city,AH
384d63f,2026-03-11,25.0,city,AW
384d63f,2026-03-11,15.0,city,VK
384d63f,2026-03-12,25.0,city,VO
384d63f,2026-03-13,6.0,city,BG
384d63f,2026-03-13,50.0,city,CB
384d63f,2026-03-13,25.0,city,FC
384d63f,2026-03-13,50.0,city,LW
384d63f,2026-03-13,25.0,city,MI
384d63f,2026-03-14,12.5,city,NN
384d63f,2026-03-15,10.0,city,BG
384d63f,2026-03-15,20.0,city,JS
384d63f,2026-03-15,20.0,city,LA
384d63f,2026-03-15,20.0,city,VK
384d63f,2026-03-16,500.0,city,FD
384d63f,2026-03-16,50.0,city,FT
384d63f,2026-03-16,100.0,city,HC
384d63f,2026-03-16,100.0,city,JB
384d63f,2026-03-17,500.0,both,RS
384d63f,2026-03-17,500.0,city,DS
384d63f,2026-03-18,20.0,city,MB
384d63f,2026-03-19,25.0,city,AH
384d63f,2026-03-19,100.0,city,JC
384d63f,2026-03-19,50.0,city,JL
384d63f,2026-03-19,50.0,city,SB
384d63f,2026-03-19,250.0,ucb,JM
384d63f,2026-03-20,25.0,city,BM
384d63f,2026-03-20,15.0,city,JG
384d63f,2026-03-20,15.0,city,LB
384d63f,2026-03-20,15.0,city,LC
384d63f,2026-03-20,50.0,city,TT
384d63f,2026-03-21,9.0,city,MA
384d63f,2026-03-21,300.0,city,MM
384d63f,2026-03-21,100.0,city,PZ
384d63f,2026-03-21,30.0,city,SB
384d63f,2026-03-21,3.0,city,SR
384d63f,2026-03-22,25.0,city,AW
384d63f,2026-03-22,12.5,city,LC
384d63f,2026-03-22,20.0,city,LJ
384d63f,2026-03-23,300.0,city,RW
384d63f,2026-03-24,10.0,city,JG
384d63f,2026-03-24,100.0,city,KJ
384d63f,2026-03-24,50.0,city,LJ
384d63f,2026-03-24,20.0,city,SD
384d63f,2026-03-24,20.0,ucb,KO
384d63f,2026-03-25,500.0,city,PF
384d63f,2026-03-25,50.0,city,TP
384d63f,2026-03-26,20.0,city,AT
384d63f,2026-03-26,5.0,city,BK
384d63f,2026-03-26,35.0,city,SJ
384d63f,2026-03-27,250.0,city,GH
384d63f,2026-03-27,20.0,city,HR
384d63f,2026-03-27,20.0,city,SM
384d63f,2026-03-28,100.0,city,FT
384d63f,2026-03-28,50.0,city,GZ
384d63f,2026-03-29,10.0,city,BG
384d63f,2026-03-29,100.0,city,FT
384d63f,2026-03-29,25.0,city,MN
384d63f,2026-03-30,25.0,city,AH
384d63f,2026-03-30,10.0,city,JG
384d63f,2026-03-30,3.0,city,SR
384d63f,2026-03-30,100.0,city,WS
384d63f,2026-03-31,50.0,city,BB
384d63f,2026-03-31,22.0,city,CW
384d63f,2026-03-31,200.0,city,ET
384d63f,2026-03-31,100.0,city,HK
384d63f,2026-03-31,50.0,city,HW
384d63f,2026-03-31,10.0,city,JM
384d63f,2026-03-31,25.0,city,KR
384d63f,2026-03-31,50.0,city,LJ
384d63f,2026-03-31,100.0,city,MM
384d63f,2026-03-31,1400.0,city,MM
384d63f,2026-03-31,1500.0,city,MM
384d63f,2026-03-31,20.0,city,RK
384d63f,2026-03-31,25.0,ucb,KO
384d63f,2026-04-01,35.0,city,LW
384d63f,2026-04-02,20.0,city,LB
384d63f,2026-04-03,50.0,city,JH
384d63f,2026-04-03,50.0,city,PH
384d63f,2026-04-03,250.0,city,SB
384d63f,2026-04-04,25.0,city,LB
384d63f,2026-04-04,25.0,city,LS
384d63f,2026-04-04,20.0,city,SP
384d63f,2026-04-05,25.0,city,AW
384d63f,2026-04-05,10.0,city,FB
384d63f,2026-04-05,50.0,city,GH
384d63f,2026-04-06,25.0,city,ED
384d63f,2026-04-06,20.0,city,LB
384d63f,2026-04-06,50.0,city,MS
384d63f,2026-04-07,3.33,city,DC
384d63f,2026-04-07,50.0,city,FB
384d63f,2026-04-08,5.0,city,AK
384d63f,2026-04-08,50.0,city,SC
384d63f,2026-04-09,20.0,city,JG
384d63f,2026-04-09,100.0,city,LW
384d63f,2026-04-09,100.0,city,RP
384d63f,2026-04-10,20.0,city,AW
384d63f,2026-04-10,5.0,city,CB
384d63f,2026-04-10,250.0,city,CD
384d63f,2026-04-10,35.0,city,LM
384d63f,2026-04-10,50.0,city,LW
384d63f,2026-04-10,25.0,city,MB
384d63f,2026-04-11,50.0,city,AH
384d63f,2026-04-11,250.0,city,CB
384d63f,2026-04-11,15.0,city,VK
384d63f,2026-04-12,25.0,city,VO
384d63f,2026-04-13,6.0,city,BG
384d63f,2026-04-13,50.0,city,CB
384d63f,2026-04-13,25.0,city,FC
384d63f,2026-04-13,50.0,city,LW
384d63f,2026-04-13,25.0,city,MI
384d63f,2026-04-13,35.0,city,SM
384d63f,2026-04-13,3000.0,ucb,MR
384d63f,2026-04-15,20.0,city,JS
384d63f,2026-04-15,20.0,city,LA
384d63f,2026-04-15,20.0,city,VK
384d63f,2026-04-16,20.0,city,CM
384d63f,2026-04-17,250.0,city,AJ
384d63f,2026-04-17,35.0,city,DB
384d63f,2026-04-17,5.0,city,JG
384d63f,2026-04-17,50.0,city,JH
384d63f,2026-04-17,200.0,city,JT
384d63f,2026-04-19,28.5,city,ED
384d63f,2026-04-19,1000.0,city,MC
384d63f,2026-04-20,25.0,city,AW
384d63f,2026-04-20,10.0,city,ED
384d63f,2026-04-20,83.0,city,JL
384d63f,2026-04-20,250.0,city,JL
384d63f,2026-04-20,50.0,city,SP
384d63f,2026-04-21,300.0,city,MM
384d63f,2026-04-21,100.0,city,RH
384d63f,2026-04-21,100.0,city,RH
384d63f,2026-04-21,30.0,city,SB
384d63f,2026-04-21,1000.0,ucb,RK
384d63f,2026-04-22,10.0,city,ED
384d63f,2026-04-22,250.0,city,HG
384d63f,2026-04-22,100.0,city,JH
384d63f,2026-04-22,50.0,city,LB
384d63f,2026-04-22,250.0,city,PB
384d63f,2026-04-23,20.0,city,DW
384d63f,2026-04-23,400.0,city,MM
384d63f,2026-04-23,1600.0,city,MM
384d63f,2026-04-23,25.0,city,WJ
384d63f,2026-04-24,20.0,city,SD
384d63f,2026-04-25,50.0,city,TP
384d63f,2026-04-26,25.0,city,AJ
384d63f,2026-04-26,20.0,city,AT
384d63f,2026-04-26,5.0,city,BK
384d63f,2026-04-26,35.0,city,SJ
384d63f,2026-04-27,20.0,city,HR
384d63f,2026-04-27,25.0,city,JC
384d63f,2026-04-27,20.0,city,SM
384d63f,2026-04-28,5.0,city,CB
384d63f,2026-04-28,50.0,city,GZ
384d63f,2026-04-28,25.0,city,JN
384d63f,2026-04-28,50.0,city,LM
384d63f,2026-04-28,25.0,city,LO
384d63f,2026-04-28,5.0,city,SK
384d63f,2026-04-29,25.0,city,MN
384d63f,2026-04-29,25.0,city,NN
384d63f,2026-04-30,5.0,both,RB
384d63f,2026-04-30,20.0,city,AN
384d63f,2026-04-30,22.0,city,CW
384d63f,2026-04-30,500.0,city,DA
384d63f,2026-04-30,5.0,city,JG
384d63f,2026-04-30,10.0,city,JM
384d63f,2026-04-30,100.0,city,JM
384d63f,2026-04-30,20.0,city,LK
384d63f,2026-04-30,30.0,city,SF
384d63f,2026-04-30,20.0,city,SK
384d63f,2026-04-30,6.0,city,SS
384d63f,2026-04-30,10.0,city,SS
384d63f,2026-05-01,35.0,city,LW
384d63f,2026-05-01,100.0,city,RR
384d63f,2026-05-02,28.0,city,FW
384d63f,2026-05-02,50.0,city,MN
384d63f,2026-05-03,50.0,city,PH
384d63f,2026-05-04,100.0,city,DW
384d63f,2026-05-04,20.0,city,LB
384d63f,2026-05-04,25.0,city,LS
384d63f,2026-05-04,25.0,city,MA
384d63f,2026-05-04,50.0,city,TK
384d63f,2026-05-05,75.0,city,BG
384d63f,2026-05-05,10.0,city,FB
384d63f,2026-05-05,50.0,city,GH
384d63f,2026-05-05,50.0,city,NK
384d63f,2026-05-05,25.0,city,PT
384d63f,2026-05-06,50.0,city,MS
384d63f,2026-05-07,35.0,city,AD
384d63f,2026-05-07,50.0,city,AM
384d63f,2026-05-07,3.33,city,DC
384d63f,2026-05-07,50.0,city,JH
384d63f,2026-05-07,200.0,city,JR
384d63f,2026-05-07,50.0,city,KH
384d63f,2026-05-07,35.0,city,SM
384d63f,2026-05-08,5.0,city,AK
384d63f,2026-05-08,10.0,city,JG
384d63f,2026-05-08,50.0,city,SC
384d63f,2026-05-09,50.0,city,JP
384d63f,2026-05-09,100.0,city,LW
384d63f,2026-05-09,100.0,city,RP
384d63f,2026-05-10,20.0,city,AW
384d63f,2026-05-10,5.0,city,CB
384d63f,2026-05-10,50.0,city,CS
384d63f,2026-05-10,50.0,city,LW
384d63f,2026-05-11,50.0,city,AH
384d63f,2026-05-11,75.0,city,CV
384d63f,2026-05-11,15.0,city,VK
384d63f,2026-05-12,50.0,city,JC
384d63f,2026-05-12,500.0,city,SS
384d63f,2026-05-12,25.0,city,VO
384d63f,2026-05-13,50.0,city,CB
384d63f,2026-05-13,50.0,city,CS
384d63f,2026-05-13,25.0,city,FC
384d63f,2026-05-13,100.0,city,LA
384d63f,2026-05-13,50.0,city,LW
384d63f,2026-05-13,25.0,city,MI
384d63f,2026-05-14,25.0,city,AW
384d63f,2026-05-14,50.0,city,LM
384d63f,2026-05-15,5.0,city,JG
384d63f,2026-05-15,20.0,city,JS
384d63f,2026-05-15,20.0,city,LA
384d63f,2026-05-15,20.0,city,VK
384d63f,2026-05-16,50.0,city,MI
384d63f,2026-05-16,20.0,city,SF
384d63f,2026-05-17,250.0,city,PC
384d63f,2026-05-18,500.0,city,AB
384d63f,2026-05-18,500.0,city,AB
384d63f,2026-05-18,100.0,city,AJ
384d63f,2026-05-18,5.0,city,MA
384d63f,2026-05-18,10.0,city,MM
384d63f,2026-05-18,250.0,city,MS
384d63f,2026-05-18,750.0,city,MS
384d63f,2026-05-19,7.0,city,NM
384d63f,2026-05-20,250.0,city,CB
384d63f,2026-05-20,200.0,city,DW
384d63f,2026-05-20,10.0,city,ED
384d63f,2026-05-20,250.0,city,GW
384d63f,2026-05-20,100.0,city,JB
384d63f,2026-05-20,25.0,city,JE
384d63f,2026-05-20,100.0,city,JL
384d63f,2026-05-20,50.0,city,JP
384d63f,2026-05-20,25.0,city,KR
384d63f,2026-05-20,5.0,city,MA
384d63f,2026-05-20,250.0,city,MF
384d63f,2026-05-20,100.0,city,NF
384d63f,2026-05-20,20.0,city,PS
384d63f,2026-05-20,50.0,city,PZ
384d63f,2026-05-20,1000.0,city,RK
384d63f,2026-05-20,50.0,city,SP
384d63f,2026-05-20,100.0,city,TA
384d63f,2026-05-21,25.0,city,AM
384d63f,2026-05-21,25.0,city,DB
384d63f,2026-05-21,50.0,city,FS
384d63f,2026-05-21,50.0,city,HW
384d63f,2026-05-21,100.0,city,JC
384d63f,2026-05-21,30.0,city,SB
384d63f,2026-05-22,27.0,city,AO
384d63f,2026-05-22,10.0,city,ED
384d63f,2026-05-22,100.0,city,LC
384d63f,2026-05-22,100.0,city,LC
384d63f,2026-05-22,100.0,city,LC
384d63f,2026-05-22,50.0,city,MH
384d63f,2026-05-23,20.0,city,CK
384d63f,2026-05-23,50.0,city,TT
384d63f,2026-05-23,25.0,city,WJ
384d63f,2026-05-24,250.0,city,DD
384d63f,2026-05-24,100.0,city,NK
384d63f,2026-05-24,20.0,city,SD
384d63f,2026-05-25,50.0,city,SS
384d63f,2026-05-25,50.0,city,TP
384d63f,2026-05-26,20.0,city,AT
384d63f,2026-05-26,28.5,city,BA
384d63f,2026-05-26,5.0,city,BK
384d63f,2026-05-26,35.0,city,SJ
384d63f,2026-05-26,100.0,city,TB
384d63f,2026-05-27,25.0,city,CM
384d63f,2026-05-27,20.0,city,HR
384d63f,2026-05-27,50.0,city,JL
384d63f,2026-05-27,100.0,city,KJ
384d63f,2026-05-27,100.0,city,LW
384d63f,2026-05-27,200.0,city,NL
384d63f,2026-05-27,20.0,city,NP
384d63f,2026-05-27,20.0,city,SM
384d63f,2026-05-27,35.0,city,WW
384d63f,2026-05-28,5.0,city,CB
384d63f,2026-05-28,50.0,city,GZ
384d63f,2026-05-28,25.0,city,WW
384d63f,2026-05-29,20.0,city,LD
384d63f,2026-05-29,25.0,city,MN
384d63f,2026-05-30,15.0,city,AO
384d63f,2026-05-30,25.0,city,GP
384d63f,2026-05-30,25.0,city,JM
384d63f,2026-05-30,25.0,city,LB
384d63f,2026-05-30,20.0,city,LK
384d63f,2026-05-30,7.0,city,MA
384d63f,2026-05-30,25.0,city,NN
384d63f,2026-05-30,10.0,city,SS
384d63f,2026-05-31,5.0,both,RB
384d63f,2026-05-31,25.0,city,AW
384d63f,2026-05-31,22.0,city,CW
384d63f,2026-05-31,250.0,city,DW
384d63f,2026-05-31,100.0,city,JC
384d63f,2026-05-31,9.0,city,JF
384d63f,2026-05-31,10.0,city,JM
384d63f,2026-05-31,20.0,city,SK
384d63f,2026-05-31,6.0,city,SS
384d63f,2026-06-01,250.0,city,AJ
384d63f,2026-06-01,1000.0,city,BF
384d63f,2026-06-01,50.0,city,CB
384d63f,2026-06-01,100.0,city,DE
384d63f,2026-06-01,500.0,city,DS
384d63f,2026-06-01,35.0,city,LW
384d63f,2026-06-01,20.0,city,SB
384d63f,2026-06-01,35.0,city,SM
384d63f,2026-06-01,50.0,city,TK
384d63f,2026-06-01,50.0,ucb,PC
384d63f,2026-06-02,26.0,city,AJ
384d63f,2026-06-02,20.0,city,AT
384d63f,2026-06-02,10.0,city,AW
384d63f,2026-06-02,50.0,city,EK
384d63f,2026-06-02,500.0,city,MF
384d63f,2026-06-02,100.0,city,RK
384d63f,2026-06-02,500.0,ucb,CH
384d63f,2026-06-03,25.0,city,AM
384d63f,2026-06-03,100.0,city,EG
384d63f,2026-06-03,10.0,city,MA
384d63f,2026-06-03,50.0,city,PH
384d63f,2026-06-03,250.0,city,RM
384d63f,2026-06-04,50.0,city,EC
384d63f,2026-06-04,50.0,city,GW
384d63f,2026-06-04,20.0,city,JG
384d63f,2026-06-04,25.0,city,LS
384d63f,2026-06-05,50.0,city,EY
384d63f,2026-06-05,10.0,city,FB
384d63f,2026-06-05,50.0,city,GH
384d63f,2026-06-05,250.0,city,MN
384d63f,2026-06-05,25.0,city,PT
384d63f,2026-06-06,100.0,city,AD
384d63f,2026-06-06,100.0,city,JK
384d63f,2026-06-06,100.0,city,LA
384d63f,2026-06-06,50.0,city,MS
384d63f,2026-06-07,100.0,city,AB
384d63f,2026-06-07,100.0,city,AB
384d63f,2026-06-07,100.0,city,AB
384d63f,2026-06-07,3.33,city,DC
384d63f,2026-06-07,20.0,city,EC
384d63f,2026-06-08,5.0,city,AK
384d63f,2026-06-08,100.0,city,ES
384d63f,2026-06-08,25.0,city,JE
384d63f,2026-06-08,125.0,city,MP
384d63f,2026-06-08,250.0,city,RP
384d63f,2026-06-08,50.0,city,SC
384d63f,2026-06-08,250.0,city,SW
384d63f,2026-06-08,250.0,city,VS
384d63f,2026-06-09,50.0,city,HW
384d63f,2026-06-09,100.0,city,LC
384d63f,2026-06-09,100.0,city,LW
384d63f,2026-06-09,250.0,city,MR
384d63f,2026-06-09,100.0,city,RP
384d63f,2026-06-10,20.0,city,AW
384d63f,2026-06-10,5.0,city,CB
384d63f,2026-06-10,51.0,city,DM
384d63f,2026-06-10,10.0,city,JG
384d63f,2026-06-10,50.0,city,LW
384d63f,2026-06-11,75.0,city,AH
384d63f,2026-06-11,25.0,city,CM
384d63f,2026-06-11,100.0,city,JC
384d63f,2026-06-11,48.0,city,RR
384d63f,2026-06-11,10.0,city,SK
384d63f,2026-06-11,500.0,city,TL
384d63f,2026-06-11,15.0,city,VK
384d63f,2026-06-12,3500.0,city,AB
384d63f,2026-06-12,4.0,city,MA
384d63f,2026-06-12,25.0,city,VO
384d63f,2026-06-13,50.0,city,CB
384d63f,2026-06-13,100.0,city,CS
384d63f,2026-06-13,25.0,city,FC
384d63f,2026-06-13,50.0,city,LW
384d63f,2026-06-13,25.0,city,MI
384d63f,2026-06-14,28.5,city,AN
384d63f,2026-06-14,250.0,city,DW
384d63f,2026-06-14,500.0,city,LL
384d63f,2026-06-14,50.0,city,NF
384d63f,2026-06-15,20.0,city,AO
384d63f,2026-06-15,20.0,city,JS
384d63f,2026-06-15,20.0,city,LA
384d63f,2026-06-16,25.0,city,AW
384d63f,2026-06-16,200.0,city,PA
384d63f,2026-06-17,100.0,city,AJ
384d63f,2026-06-17,50.0,city,DM
384d63f,2026-06-17,100.0,city,EG
384d63f,2026-06-17,37.0,city,EK
384d63f,2026-06-17,20.0,city,FB
384d63f,2026-06-17,50.0,city,JC
384d63f,2026-06-17,25.0,city,JE
384d63f,2026-06-17,20.0,city,JR
384d63f,2026-06-17,25.0,city,KR
384d63f,2026-06-17,100.0,city,LW
384d63f,2026-06-17,200.0,city,MS
384d63f,2026-06-17,100.0,city,PB
384d63f,2026-06-17,500.0,city,PH
384d63f,2026-06-17,250.0,city,PZ
384d63f,2026-06-17,25.0,city,TT
384d63f,2026-06-18,28.5,city,AN
384d63f,2026-06-18,50.0,city,EW
384d63f,2026-06-18,100.0,city,HC
384d63f,2026-06-18,9.0,city,JF
384d63f,2026-06-18,100.0,city,JL
384d63f,2026-06-18,100.0,city,KL
384d63f,2026-06-18,33.33,city,OF
384d63f,2026-06-18,250.0,city,PM
384d63f,2026-06-18,250.0,city,PM
384d63f,2026-06-18,100.0,city,RH
384d63f,2026-06-19,25.0,city,AD
384d63f,2026-06-19,28.5,city,AT
384d63f,2026-06-19,25.0,city,CK
384d63f,2026-06-19,25.0,city,DB
384d63f,2026-06-19,200.0,city,DT
384d63f,2026-06-19,50.0,city,JH
384d63f,2026-06-19,7.0,city,NM
384d63f,2026-06-19,100.0,city,RF
384d63f,2026-06-19,250.0,city,SB
384d63f,2026-06-19,75.0,city,SR
384d63f,2026-06-19,250.0,city,WG
384d63f,2026-06-20,150.0,city,AC
384d63f,2026-06-20,10.0,city,ED
384d63f,2026-06-20,2500.0,city,FK
384d63f,2026-06-20,100.0,city,PS
384d63f,2026-06-20,50.0,city,SK
384d63f,2026-06-20,50.0,city,SP
384d63f,2026-06-21,107.0,city,JB
384d63f,2026-06-21,20.0,city,JG
384d63f,2026-06-21,30.0,city,SB
384d63f,2026-06-21,28.5,ucb,KO
384d63f,2026-06-22,10.0,city,ED
384d63f,2026-06-23,20.0,city,EC
384d63f,2026-06-23,50.0,city,RK
384d63f,2026-06-23,180.0,city,SW
384d63f,2026-06-23,25.0,city,WJ
384d63f,2026-06-24,25.0,city,DE
384d63f,2026-06-24,10.0,city,MA
384d63f,2026-06-24,20.0,city,SD
384d63f,2026-06-25,8.0,city,MA
384d63f,2026-06-25,25.0,city,MB
384d63f,2026-06-25,7.0,city,SS
384d63f,2026-06-25,50.0,city,TP
384d63f,2026-06-26,20.0,city,AT
384d63f,2026-06-26,5.0,city,BK
384d63f,2026-06-26,30.0,city,LB
384d63f,2026-06-26,500.0,city,NL
384d63f,2026-06-26,500.0,city,NL
384d63f,2026-06-26,20.0,city,SB
384d63f,2026-06-26,35.0,city,SJ
384d63f,2026-06-26,100.0,city,SK
384d63f,2026-06-27,28.5,city,AN
384d63f,2026-06-27,25.0,city,CM
384d63f,2026-06-27,20.0,city,HR
384d63f,2026-06-27,100.0,city,JK
384d63f,2026-06-27,25.0,city,LW
384d63f,2026-06-27,20.0,city,NP
384d63f,2026-06-27,50.0,city,RK
384d63f,2026-06-27,20.0,city,SM
384d63f,2026-06-28,27.0,city,AO
384d63f,2026-06-28,5.0,city,CB
384d63f,2026-06-28,150.0,city,GZ
384d63f,2026-06-28,25.0,city,PD
384d63f,2026-06-28,25.0,city,TB
384d63f,2026-06-28,25.0,city,WW
384d63f,2026-06-29,50.0,city,AW
384d63f,2026-06-29,100.0,city,CD
384d63f,2026-06-29,50.0,city,DT
384d63f,2026-06-29,20.0,city,FB
384d63f,2026-06-29,50.0,city,FW
384d63f,2026-06-29,30.0,city,JG
384d63f,2026-06-29,250.0,city,JT
384d63f,2026-06-29,20.0,city,LD
384d63f,2026-06-29,100.0,city,LS
384d63f,2026-06-29,25.0,city,MN
384d63f,2026-06-29,100.0,city,MN
384d63f,2026-06-29,250.0,city,PH
384d63f,2026-06-29,99.0,city,RR
384d63f,2026-06-29,50.0,city,SB
384d63f,2026-06-29,250.0,city,TF
384d63f,2026-06-30,5.0,both,RB
384d63f,2026-06-30,50.0,city,AK
384d63f,2026-06-30,100.0,city,BG
384d63f,2026-06-30,36.0,city,BM
384d63f,2026-06-30,250.0,city,CM
384d63f,2026-06-30,20.0,city,CO
384d63f,2026-06-30,22.0,city,CW
384d63f,2026-06-30,500.0,city,DA
384d63f,2026-06-30,500.0,city,DA
384d63f,2026-06-30,51.0,city,DM
384d63f,2026-06-30,50.0,city,EK
384d63f,2026-06-30,100.0,city,ET
384d63f,2026-06-30,100.0,city,JB
384d63f,2026-06-30,100.0,city,JC
384d63f,2026-06-30,25.0,city,JG
384d63f,2026-06-30,10.0,city,JM
384d63f,2026-06-30,25.0,city,JM
384d63f,2026-06-30,50.0,city,JP
384d63f,2026-06-30,200.0,city,JS
384d63f,2026-06-30,10.0,city,KR
384d63f,2026-06-30,20.0,city,LK
384d63f,2026-06-30,250.0,city,MA
384d63f,2026-06-30,10.0,city,MA
384d63f,2026-06-30,15.0,city,MA
384d63f,2026-06-30,4000.0,city,MM
384d63f,2026-06-30,1500.0,city,MP
384d63f,2026-06-30,100.0,city,MS
384d63f,2026-06-30,100.0,city,PS
384d63f,2026-06-30,100.0,city,RH
384d63f,2026-06-30,20.0,city,SB
384d63f,2026-06-30,100.0,city,SD
384d63f,2026-06-30,300.0,city,SF
384d63f,2026-06-30,20.0,city,SK
384d63f,2026-06-30,6.0,city,SS
384d63f,2026-06-30,100.0,city,TB
384d63f,2026-06-30,100.0,city,TS
384d63f,2026-06-30,2000.0,ucb,DL
3882849,2025-08-21,3500.0,city,ZP
3882849,2025-08-21,3500.0,city,ZP
3882849,2025-09-04,2000.0,city,AF
3882849,2025-09-04,3500.0,city,DT
3882849,2025-09-04,3500.0,city,DT
3882849,2026-04-09,3500.0,city,ZD
3882849,2026-04-09,3500.0,city,ZD
3882849,2026-04-20,3500.0,city,PB
3882849,2026-04-20,3500.0,city,PB
3882849,2026-04-23,3500.0,city,SV
3882849,2026-04-23,3500.0,city,SV
38ee3ff,2026-03-06,2000.0,city,SV
39488c5,2026-04-17,515.24,city,NS
39488c5,2026-05-27,515.24,city,NS
3b3ef25,2025-12-29,100.0,city,AB
3b3ef25,2026-03-09,4545.45,city,JM
3b3ef25,2026-05-26,7000.0,city,SS
3b3ef25,2026-06-24,300.0,ucb,GL
3cfd72b,2025-08-26,500.0,city,JB
3cfd72b,2025-08-27,25.0,city,JB
3cfd72b,2025-08-31,50.0,city,GH
3cfd72b,2025-08-31,3500.0,city,SS
3cfd72b,2025-09-08,250.0,city,GG
3cfd72b,2025-09-12,300.0,city,MP
3cfd72b,2025-09-27,50.0,city,GH
3cfd72b,2025-09-27,25.0,city,JB
3cfd72b,2025-10-27,25.0,city,JB
3cfd72b,2025-10-30,100.0,city,GH
3cfd72b,2025-11-07,2000.0,city,DR
3cfd72b,2025-11-08,200.0,city,CB
3cfd72b,2025-11-11,250.0,city,JB
3cfd72b,2025-11-11,666.67,city,PL
3cfd72b,2025-11-12,1000.0,city,SG
3cfd72b,2025-11-13,1666.67,city,AL
3cfd72b,2025-11-15,3500.0,city,JS
3cfd72b,2025-11-25,200.0,city,AL
3cfd72b,2025-11-27,25.0,city,JB
3cfd72b,2025-12-27,25.0,city,JB
3cfd72b,2026-01-08,3500.0,city,JS
3cfd72b,2026-01-27,25.0,city,JB
3cfd72b,2026-01-27,500.0,city,JB
3cfd72b,2026-02-02,100.0,city,AJ
3cfd72b,2026-02-12,1000.0,city,MM
3cfd72b,2026-02-21,50.0,city,GH
3cfd72b,2026-02-26,3500.0,city,NS
3cfd72b,2026-02-26,3500.0,city,NS
3cfd72b,2026-02-27,25.0,city,JB
3cfd72b,2026-03-06,500.0,city,JB
3cfd72b,2026-03-09,50.0,city,GH
3cfd72b,2026-03-10,250.0,city,AB
3cfd72b,2026-03-10,100.0,city,AJ
3cfd72b,2026-03-10,250.0,city,JB
3cfd72b,2026-03-25,100.0,city,AB
3cfd72b,2026-03-25,100.0,city,AB
3cfd72b,2026-03-25,100.0,city,AB
3cfd72b,2026-03-25,100.0,city,AB
3cfd72b,2026-03-27,25.0,city,JB
3cfd72b,2026-04-06,100.0,city,AL
3cfd72b,2026-04-15,10.0,city,WW
3cfd72b,2026-04-22,25.0,city,JH
3cfd72b,2026-04-27,250.0,city,AB
3cfd72b,2026-04-30,10.0,city,JH
3cfd72b,2026-05-07,10.0,city,JH
3cfd72b,2026-05-08,100.0,city,AJ
3cfd72b,2026-05-15,10.0,city,WW
3cfd72b,2026-05-20,250.0,city,AB
3cfd72b,2026-05-21,500.0,city,AL
3cfd72b,2026-05-24,50.0,city,JH
3cfd72b,2026-05-27,100.0,city,AB
3cfd72b,2026-05-27,25.0,city,JB
3cfd72b,2026-06-15,10.0,city,WW
3cfd72b,2026-06-20,35.0,city,JH
3cfd72b,2026-06-22,100.0,city,AJ
3cfd72b,2026-06-26,35.0,city,JH
3cfd72b,2026-06-27,25.0,city,JB
3d13680,2026-03-03,250.0,city,GR
3d13680,2026-03-18,250.0,city,BJ
3f9eee0,2026-02-17,1000.0,ucb,SS
40f2e0f,2025-08-10,500.0,city,FK
40f2e0f,2025-08-23,250.0,city,AD
40f2e0f,2025-10-11,250.0,city,CH
40f2e0f,2025-12-04,250.0,city,DS
40f2e0f,2025-12-08,500.0,city,GR
40f2e0f,2025-12-08,250.0,city,LP
40f2e0f,2025-12-08,500.0,ucb,SH
40f2e0f,2025-12-09,1000.0,city,AB
40f2e0f,2025-12-10,250.0,both,JD
40f2e0f,2025-12-10,250.0,both,JD
40f2e0f,2025-12-17,250.0,both,JZ
40f2e0f,2025-12-17,250.0,city,ML
40f2e0f,2025-12-17,700.0,city,NK
40f2e0f,2025-12-31,1000.0,city,RL
40f2e0f,2026-01-17,100.0,city,JK
40f2e0f,2026-02-27,500.0,city,PS
40f2e0f,2026-03-31,1000.0,city,JD
40f2e0f,2026-04-22,100.0,city,JD
40f2e0f,2026-05-12,100.0,city,JD
40f2e0f,2026-05-19,100.0,city,AL
40f2e0f,2026-05-19,111.11,city,AW
40f2e0f,2026-05-31,44.44,city,AW
40f2e0f,2026-06-02,25.0,city,LW
40f2e0f,2026-06-04,270.0,city,JQ
40f2e0f,2026-06-04,250.0,city,MF
40f2e0f,2026-06-05,1000.0,ucb,RK
40f2e0f,2026-06-09,50.0,city,AB
40f2e0f,2026-06-10,100.0,city,LW
40f2e0f,2026-06-10,1000.0,ucb,RK
40f2e0f,2026-06-11,500.0,city,AB
40f2e0f,2026-06-11,1000.0,city,JB
40f2e0f,2026-06-16,200.0,city,AL
40f2e0f,2026-06-19,111.11,city,AW
40f2e0f,2026-06-20,500.0,city,PS
40f2e0f,2026-06-22,1000.0,city,RN
40f2e0f,2026-06-23,500.0,city,LK
40f2e0f,2026-06-25,250.0,city,WT
40f2e0f,2026-06-28,250.0,city,JG
40f2e0f,2026-06-30,250.0,city,CC
40f2e0f,2026-06-30,312.5,city,GK
40f2e0f,2026-06-30,3500.0,city,JG
40f2e0f,2026-06-30,666.67,city,PL
40f2e0f,2026-06-30,375.0,city,PS
40f2e0f,2026-06-30,125.0,city,PS
40f2e0f,2026-06-30,3500.0,city,SG
42171eb,2026-03-31,250.0,city,CH
429999a,2026-03-15,250.0,city,AB
429999a,2026-03-28,250.0,city,AB
429999a,2026-04-30,10.0,city,AB
429999a,2026-05-28,250.0,city,JB
429999a,2026-05-29,10.0,city,AB
43dfb68,2026-02-26,1000.0,city,HA
44ce4a5,2025-08-18,500.0,city,PD
44ce4a5,2025-11-04,250.0,city,DM
44ce4a5,2025-11-04,250.0,city,JK
44ce4a5,2025-11-05,1000.0,city,BF
44ce4a5,2025-11-08,1000.0,city,BE
44ce4a5,2025-12-12,500.0,city,LH
44ce4a5,2025-12-13,1000.0,city,DC
44ce4a5,2026-03-19,250.0,city,DC
454a177,2025-11-10,360.0,city,RS
454a177,2026-01-24,100.0,city,SS
454a177,2026-03-06,500.0,city,JB
454a177,2026-05-21,250.0,city,DW
454a177,2026-05-26,250.0,city,JB
454a177,2026-05-28,100.0,city,AB
454a177,2026-05-28,100.0,city,AB
459afc8,2025-10-18,1000.0,city,SW
459afc8,2026-05-05,2000.0,city,JF
459afc8,2026-06-28,500.0,city,JG
46cdd62,2025-12-15,500.0,city,AB
46cdd62,2026-01-23,100.0,city,AB
46cdd62,2026-02-19,100.0,city,AB
46cdd62,2026-04-20,27.0,ucb,WO
46cdd62,2026-05-20,27.0,ucb,WO
46cdd62,2026-06-12,250.0,city,AB
46cdd62,2026-06-20,27.0,ucb,WO
484ab3b,2025-10-31,2000.0,ucb,SS
4899f8a,2026-03-31,250.0,ucb,DS
4899f8a,2026-05-09,500.0,city,AM
48d1c76,2025-11-06,7000.0,city,SS
48d1c76,2025-11-14,1000.0,city,JB
48d1c76,2026-01-29,1000.0,city,JB
48f0f78,2025-08-28,1000.0,city,JK
49cc300,2025-09-02,40.0,city,LB
49cc300,2025-09-30,200.0,city,JT
49cc300,2025-10-01,33.0,city,DK
49cc300,2025-10-03,40.0,city,LB
49cc300,2025-11-03,25.0,city,LB
49cc300,2025-12-04,25.0,city,LB
49cc300,2026-01-05,20.0,city,LB
49cc300,2026-02-04,20.0,city,LB
49cc300,2026-03-01,20.0,city,LB
49cc300,2026-06-23,100.0,city,WS
49cc300,2026-06-24,100.0,city,DA
49e9787,2025-12-16,500.0,city,DP
4a77a04,2025-10-18,71.43,city,CG
4a77a04,2026-03-05,3500.0,city,NS
4a77a04,2026-03-05,3500.0,city,NS
4ae230c,2025-09-30,250.0,city,CH
4ae230c,2025-10-04,7000.0,city,SS
4ae30fb,2025-08-30,25.0,city,ED
4ae30fb,2025-09-04,500.0,city,JB
4ae30fb,2025-09-18,50.0,city,WW
4ae30fb,2025-09-24,25.0,city,WW
4ae30fb,2025-09-24,25.0,city,WW
4ae30fb,2025-09-29,250.0,city,EV
4ae30fb,2025-09-30,25.0,city,ED
4ae30fb,2025-10-07,50.0,city,WW
4ae30fb,2025-10-07,50.0,city,WW
4ae30fb,2025-10-21,25.0,city,WW
4ae30fb,2025-10-30,25.0,city,ED
4ae30fb,2025-11-11,250.0,city,JB
4ae30fb,2025-11-19,25.0,city,WW
4ae30fb,2025-11-23,50.0,city,GG
4ae30fb,2025-11-26,100.0,city,GG
4ae30fb,2025-11-30,25.0,city,ED
4ae30fb,2025-12-16,50.0,city,GG
4ae30fb,2025-12-18,100.0,city,GG
4ae30fb,2025-12-24,25.0,city,WW
4ae30fb,2025-12-25,25.0,city,WW
4ae30fb,2025-12-30,25.0,city,ED
4ae30fb,2026-01-12,30.0,city,WW
4ae30fb,2026-01-12,25.0,city,WW
4ae30fb,2026-01-12,15.0,city,WW
4ae30fb,2026-01-13,50.0,city,GG
4ae30fb,2026-01-30,25.0,city,ED
4ae30fb,2026-02-11,35.0,city,WW
4ae30fb,2026-02-11,25.0,city,WW
4ae30fb,2026-02-26,25.0,city,WW
4ae30fb,2026-02-28,25.0,city,ED
4ae30fb,2026-03-10,500.0,city,JB
4ae30fb,2026-03-11,25.0,city,WW
4ae30fb,2026-03-11,25.0,city,WW
4ae30fb,2026-03-18,25.0,city,WW
4ae30fb,2026-03-30,25.0,city,ED
4ae30fb,2026-04-15,25.0,city,WW
4ae30fb,2026-04-30,25.0,both,ED
4ae30fb,2026-04-30,25.0,city,WW
4ae30fb,2026-05-09,50.0,city,WW
4ae30fb,2026-05-13,500.0,city,JB
4ae30fb,2026-05-22,300.0,city,EV
4ae30fb,2026-05-27,25.0,city,WW
4ae30fb,2026-05-27,25.0,city,WW
4ae30fb,2026-05-30,25.0,both,ED
4ae30fb,2026-06-01,250.0,city,AB
4ae30fb,2026-06-10,25.0,city,WW
4ae30fb,2026-06-30,25.0,both,ED
4b8a929,2025-09-09,3500.0,city,SS
4b8a929,2025-09-12,300.0,city,MP
4b8a929,2025-09-30,250.0,city,NO
4b8a929,2025-10-18,71.43,city,CG
4b8a929,2025-11-06,250.0,city,AB
4b8a929,2025-11-24,250.0,city,AB
4b8a929,2026-02-15,1000.0,city,JD
4b8a929,2026-03-02,3500.0,city,SS
4b8a929,2026-03-31,250.0,city,NO
4b8a929,2026-05-15,250.0,city,AB
4b8a929,2026-05-15,200.0,ucb,GL
4b8a929,2026-06-30,250.0,city,NO
4ba00fe,2026-01-30,100.0,city,LH
4bb105c,2026-02-23,50.0,city,AB
4bb105c,2026-03-21,100.0,city,AB
4bb105c,2026-03-23,4000.0,city,TA
4bb105c,2026-03-30,100.0,city,AB
4bb105c,2026-04-05,100.0,city,AB
4cbdaa0,2026-02-20,250.0,city,JY
4cbdaa0,2026-02-28,100.0,city,AB
4cbdaa0,2026-03-09,100.0,city,AB
4cbdaa0,2026-03-29,50.0,city,AB
4d0b1cf,2026-06-18,250.0,city,MS
4d8be09,2026-06-25,3500.0,city,BW
4db63f1,2025-11-25,500.0,city,JB
4db63f1,2025-12-26,250.0,city,CK
4db63f1,2026-01-27,500.0,city,JB
4db63f1,2026-02-12,250.0,city,JK
4db63f1,2026-02-26,500.0,city,JB
4db63f1,2026-03-06,500.0,city,JB
4f4bfb0,2025-08-23,3.0,city,DC
4f4bfb0,2025-08-30,5.0,city,DC
4f4bfb0,2025-09-23,3.0,city,DC
4f4bfb0,2025-09-30,5.0,city,DC
4f4bfb0,2025-10-23,3.0,city,DC
4f4bfb0,2025-10-30,5.0,city,DC
4f4bfb0,2025-11-23,3.0,city,DC
4f4bfb0,2025-11-30,5.0,city,DC
4f4bfb0,2025-12-23,3.0,city,DC
4f4bfb0,2025-12-30,5.0,city,DC
4f4bfb0,2026-01-23,3.0,city,DC
4f4bfb0,2026-01-30,5.0,city,DC
4f4bfb0,2026-02-23,3.0,city,DC
4f4bfb0,2026-02-28,5.0,city,DC
4f4bfb0,2026-03-23,3.0,city,DC
4f4bfb0,2026-03-30,5.0,city,DC
4f4bfb0,2026-03-31,35.0,city,JG
4f4bfb0,2026-04-10,5.0,city,JG
4f4bfb0,2026-04-23,3.0,city,DC
4f4bfb0,2026-04-29,15.0,city,JG
4f4bfb0,2026-04-30,5.0,city,DC
4f4bfb0,2026-05-07,20.0,city,JG
4f4bfb0,2026-05-10,15.0,city,JG
4f4bfb0,2026-05-22,20.0,city,JG
4f4bfb0,2026-05-23,3.0,city,DC
4f4bfb0,2026-05-30,5.0,city,DC
4f4bfb0,2026-06-10,15.0,city,JG
4f4bfb0,2026-06-23,3.0,city,DC
4f4bfb0,2026-06-30,5.0,city,DC
500f9b9,2025-09-06,2000.0,city,HN
500f9b9,2025-09-19,500.0,city,HF
500f9b9,2025-09-26,500.0,city,HA
500f9b9,2026-05-26,300.0,city,HA
5115089,2026-06-30,150.0,city,SD
5116a07,2025-08-30,250.0,city,BH
5116a07,2025-09-24,1000.0,city,RH
5116a07,2025-12-16,250.0,city,BH
5327269,2026-03-06,500.0,city,JB
5327269,2026-03-31,250.0,city,JB
5327269,2026-05-13,250.0,city,JB
53db81f,2025-10-07,250.0,city,CR
5422688,2025-09-09,1500.0,city,DE
5422688,2025-12-29,250.0,city,HA
5422688,2026-01-22,250.0,city,HS
5422688,2026-02-05,125.0,city,HS
5422688,2026-03-12,500.0,city,HA
544a0c1,2025-08-10,25.0,city,RS
544a0c1,2025-08-11,125.0,city,AB
544a0c1,2025-08-13,25.0,city,AO
544a0c1,2025-08-14,100.0,city,RP
544a0c1,2025-08-14,100.0,city,RP
544a0c1,2025-08-17,25.0,city,JD
544a0c1,2025-08-22,100.0,city,EB
544a0c1,2025-08-26,250.0,city,BG
544a0c1,2025-08-26,250.0,city,TP
544a0c1,2025-08-27,100.0,city,RP
544a0c1,2025-08-28,25.0,city,LP
544a0c1,2025-08-29,25.0,city,AB
544a0c1,2025-08-29,10.0,city,KH
544a0c1,2025-08-29,10.0,city,KH
544a0c1,2025-09-01,100.0,city,AP
544a0c1,2025-09-03,200.0,city,JT
544a0c1,2025-09-04,250.0,city,LM
544a0c1,2025-09-07,100.0,city,BH
544a0c1,2025-09-09,100.0,city,JB
544a0c1,2025-09-10,25.0,city,RS
544a0c1,2025-09-10,250.0,city,TC
544a0c1,2025-09-13,25.0,city,AO
544a0c1,2025-09-14,25.0,city,RP
544a0c1,2025-09-16,250.0,city,MN
544a0c1,2025-09-17,25.0,city,JD
544a0c1,2025-09-18,10.0,city,ND
544a0c1,2025-09-23,250.0,city,JB
544a0c1,2025-09-26,250.0,city,AB
544a0c1,2025-09-26,100.0,city,BG
544a0c1,2025-09-26,500.0,city,EB
544a0c1,2025-09-28,25.0,city,LP
544a0c1,2025-09-29,10.0,city,KH
544a0c1,2025-09-29,10.0,city,KH
544a0c1,2025-10-01,100.0,city,AP
544a0c1,2025-10-04,50.0,city,JP
544a0c1,2025-10-07,100.0,city,BH
544a0c1,2025-10-09,75.0,city,JS
544a0c1,2025-10-09,50.0,city,PM
544a0c1,2025-10-10,25.0,city,RS
544a0c1,2025-10-11,17.5,city,DC
544a0c1,2025-10-13,25.0,city,AO
544a0c1,2025-10-13,100.0,city,JP
544a0c1,2025-10-13,37.5,city,WW
544a0c1,2025-10-14,25.0,city,RP
544a0c1,2025-10-15,250.0,city,WG
544a0c1,2025-10-16,15.0,city,WW
544a0c1,2025-10-17,25.0,city,JD
544a0c1,2025-10-24,12.5,city,LC
544a0c1,2025-10-25,250.0,city,AB
544a0c1,2025-10-26,25.0,city,BM
544a0c1,2025-10-26,100.0,city,PM
544a0c1,2025-10-27,25.0,city,PW
544a0c1,2025-10-28,25.0,city,LP
544a0c1,2025-10-29,100.0,city,DC
544a0c1,2025-10-29,10.0,city,KH
544a0c1,2025-10-29,10.0,city,KH
544a0c1,2025-10-29,25.0,city,PW
544a0c1,2025-10-31,12.5,city,BG
544a0c1,2025-10-31,500.0,city,JB
544a0c1,2025-11-01,100.0,city,AP
544a0c1,2025-11-01,100.0,city,EB
544a0c1,2025-11-04,250.0,city,DT
544a0c1,2025-11-04,100.0,city,FW
544a0c1,2025-11-04,50.0,city,JP
544a0c1,2025-11-04,100.0,city,RM
544a0c1,2025-11-07,1000.0,city,AB
544a0c1,2025-11-07,100.0,city,BH
544a0c1,2025-11-09,25.0,city,LC
544a0c1,2025-11-09,12.5,city,LC
544a0c1,2025-11-10,25.0,city,RS
544a0c1,2025-11-11,17.5,city,DC
544a0c1,2025-11-12,200.0,city,JT
544a0c1,2025-11-13,25.0,city,AO
544a0c1,2025-11-13,100.0,city,JP
544a0c1,2025-11-14,25.0,city,RP
544a0c1,2025-11-16,15.0,city,WW
544a0c1,2025-11-17,25.0,city,JD
544a0c1,2025-11-19,250.0,city,JT
544a0c1,2025-11-21,250.0,city,ET
544a0c1,2025-11-21,100.0,city,JD
544a0c1,2025-11-24,25.0,city,BM
544a0c1,2025-11-24,100.0,city,LC
544a0c1,2025-11-24,50.0,city,RP
544a0c1,2025-11-26,25.0,city,BM
544a0c1,2025-11-26,12.5,city,LC
544a0c1,2025-11-27,25.0,city,PW
544a0c1,2025-11-28,25.0,city,LP
544a0c1,2025-11-29,100.0,city,DC
544a0c1,2025-11-29,10.0,city,KH
544a0c1,2025-11-29,10.0,city,KH
544a0c1,2025-11-29,25.0,city,PW
544a0c1,2025-11-29,5.0,city,RD
544a0c1,2025-11-30,100.0,city,BG
544a0c1,2025-12-01,100.0,city,AP
544a0c1,2025-12-01,25.0,city,EB
544a0c1,2025-12-01,400.0,city,EB
544a0c1,2025-12-04,50.0,city,JP
544a0c1,2025-12-07,100.0,city,BH
544a0c1,2025-12-10,100.0,city,FW
544a0c1,2025-12-10,25.0,city,RS
544a0c1,2025-12-11,17.5,city,DC
544a0c1,2025-12-12,100.0,city,RM
544a0c1,2025-12-13,25.0,city,AO
544a0c1,2025-12-13,100.0,city,JD
544a0c1,2025-12-13,100.0,city,JP
544a0c1,2025-12-14,25.0,city,RP
544a0c1,2025-12-16,15.0,city,WW
544a0c1,2025-12-17,25.0,city,JD
544a0c1,2025-12-22,10.0,city,LC
544a0c1,2025-12-23,35.0,city,JS
544a0c1,2025-12-23,100.0,city,RD
544a0c1,2025-12-26,25.0,city,BM
544a0c1,2025-12-27,25.0,city,PW
544a0c1,2025-12-28,25.0,city,LP
544a0c1,2025-12-29,100.0,city,BG
544a0c1,2025-12-29,100.0,city,DC
544a0c1,2025-12-29,25.0,city,JS
544a0c1,2025-12-29,10.0,city,KH
544a0c1,2025-12-29,10.0,city,KH
544a0c1,2025-12-29,25.0,city,PW
544a0c1,2026-01-01,100.0,city,AP
544a0c1,2026-01-04,50.0,city,JP
544a0c1,2026-01-06,25.0,city,LC
544a0c1,2026-01-07,5.0,city,BG
544a0c1,2026-01-07,100.0,city,BH
544a0c1,2026-01-10,25.0,city,RS
544a0c1,2026-01-11,17.5,city,DC
544a0c1,2026-01-13,25.0,city,AO
544a0c1,2026-01-13,25.0,city,BG
544a0c1,2026-01-13,100.0,city,JP
544a0c1,2026-01-14,25.0,city,RP
544a0c1,2026-01-15,10.0,city,JH
544a0c1,2026-01-16,15.0,city,WW
544a0c1,2026-01-17,25.0,city,JD
544a0c1,2026-01-19,10.0,city,ML
544a0c1,2026-01-22,25.0,city,BG
544a0c1,2026-01-26,10.0,city,AN
544a0c1,2026-01-26,25.0,city,BM
544a0c1,2026-01-27,25.0,city,PW
544a0c1,2026-01-28,25.0,city,LP
544a0c1,2026-01-28,100.0,city,NN
544a0c1,2026-01-29,100.0,city,DC
544a0c1,2026-01-29,10.0,city,KH
544a0c1,2026-01-29,10.0,city,KH
544a0c1,2026-01-29,25.0,city,PW
544a0c1,2026-01-31,500.0,city,GN
544a0c1,2026-02-01,100.0,city,AP
544a0c1,2026-02-04,50.0,city,JP
544a0c1,2026-02-07,100.0,city,BH
544a0c1,2026-02-10,25.0,city,RS
544a0c1,2026-02-11,17.5,city,DC
544a0c1,2026-02-13,25.0,city,AO
544a0c1,2026-02-13,100.0,city,JP
544a0c1,2026-02-14,25.0,city,RP
544a0c1,2026-02-15,10.0,city,JH
544a0c1,2026-02-16,15.0,city,WW
544a0c1,2026-02-17,25.0,city,JD
544a0c1,2026-02-18,25.0,city,BG
544a0c1,2026-02-19,10.0,city,ML
544a0c1,2026-02-21,250.0,city,AB
544a0c1,2026-02-26,10.0,city,AN
544a0c1,2026-02-26,25.0,city,BM
544a0c1,2026-02-27,25.0,city,PW
544a0c1,2026-02-28,100.0,city,DC
544a0c1,2026-02-28,10.0,city,KH
544a0c1,2026-02-28,10.0,city,KH
544a0c1,2026-02-28,25.0,city,LP
544a0c1,2026-02-28,25.0,city,PW
544a0c1,2026-03-01,100.0,city,AP
544a0c1,2026-03-02,5.0,city,JH
544a0c1,2026-03-06,25.0,city,LC
544a0c1,2026-03-07,100.0,city,BH
544a0c1,2026-03-09,100.0,city,CF
544a0c1,2026-03-09,250.0,city,DT
544a0c1,2026-03-10,25.0,city,RS
544a0c1,2026-03-11,17.5,city,DC
544a0c1,2026-03-13,25.0,city,AO
544a0c1,2026-03-14,25.0,city,RP
544a0c1,2026-03-15,10.0,city,JH
544a0c1,2026-03-17,25.0,city,JD
544a0c1,2026-03-19,10.0,city,ML
544a0c1,2026-03-26,10.0,city,AN
544a0c1,2026-03-26,25.0,city,BM
544a0c1,2026-03-27,250.0,city,ES
544a0c1,2026-03-27,250.0,city,MN
544a0c1,2026-03-27,25.0,city,PW
544a0c1,2026-03-28,50.0,city,ET
544a0c1,2026-03-28,12.5,city,LC
544a0c1,2026-03-28,25.0,city,LP
544a0c1,2026-03-29,3.0,city,BG
544a0c1,2026-03-29,100.0,city,DC
544a0c1,2026-03-29,10.0,city,KH
544a0c1,2026-03-29,10.0,city,KH
544a0c1,2026-03-29,25.0,city,PW
544a0c1,2026-03-30,5.0,city,JH
544a0c1,2026-03-31,100.0,city,MA
544a0c1,2026-03-31,100.0,city,MA
544a0c1,2026-04-01,100.0,city,AP
544a0c1,2026-04-01,100.0,city,JS
544a0c1,2026-04-07,100.0,city,BH
544a0c1,2026-04-10,12.5,city,NN
544a0c1,2026-04-10,25.0,city,RS
544a0c1,2026-04-13,25.0,city,AO
544a0c1,2026-04-14,25.0,city,RP
544a0c1,2026-04-15,10.0,city,JH
544a0c1,2026-04-17,25.0,city,JD
544a0c1,2026-04-17,50.0,city,LW
544a0c1,2026-04-22,25.0,city,NE
544a0c1,2026-04-26,10.0,city,AN
544a0c1,2026-04-26,25.0,city,BM
544a0c1,2026-04-26,5.0,city,NE
544a0c1,2026-04-27,50.0,city,JP
544a0c1,2026-04-27,25.0,city,PW
544a0c1,2026-04-28,25.0,city,LP
544a0c1,2026-04-29,10.0,city,KH
544a0c1,2026-04-29,10.0,city,KH
544a0c1,2026-04-29,25.0,city,LC
544a0c1,2026-04-29,25.0,city,PW
544a0c1,2026-04-30,5.0,city,JH
544a0c1,2026-05-01,100.0,city,AP
544a0c1,2026-05-05,200.0,city,JT
544a0c1,2026-05-07,100.0,city,BH
544a0c1,2026-05-10,25.0,city,RS
544a0c1,2026-05-13,25.0,city,AO
544a0c1,2026-05-14,25.0,city,RP
544a0c1,2026-05-15,10.0,city,JH
544a0c1,2026-05-17,25.0,city,JD
544a0c1,2026-05-17,50.0,city,LW
544a0c1,2026-05-19,10.0,city,ML
544a0c1,2026-05-22,25.0,city,NE
544a0c1,2026-05-26,10.0,city,AN
544a0c1,2026-05-26,25.0,city,BM
544a0c1,2026-05-26,5.0,city,NE
544a0c1,2026-05-27,25.0,city,PW
544a0c1,2026-05-28,25.0,city,LP
544a0c1,2026-05-29,10.0,city,KH
544a0c1,2026-05-29,10.0,city,KH
544a0c1,2026-05-29,25.0,city,PW
544a0c1,2026-05-30,5.0,city,JH
544a0c1,2026-06-01,100.0,city,AP
544a0c1,2026-06-04,500.0,city,AB
544a0c1,2026-06-07,100.0,city,BH
544a0c1,2026-06-09,25.0,city,LC
544a0c1,2026-06-10,25.0,city,RS
544a0c1,2026-06-12,200.0,city,JT
544a0c1,2026-06-14,25.0,city,RP
544a0c1,2026-06-15,10.0,city,JH
544a0c1,2026-06-17,25.0,city,BM
544a0c1,2026-06-17,25.0,city,JD
544a0c1,2026-06-17,50.0,city,LW
544a0c1,2026-06-19,10.0,city,ML
544a0c1,2026-06-22,25.0,city,NE
544a0c1,2026-06-26,10.0,city,AN
544a0c1,2026-06-26,25.0,city,BM
544a0c1,2026-06-26,5.0,city,NE
544a0c1,2026-06-27,25.0,city,PW
544a0c1,2026-06-28,25.0,city,LP
544a0c1,2026-06-29,10.0,city,KH
544a0c1,2026-06-29,25.0,city,PW
544a0c1,2026-06-30,5.0,city,JH
5495f9f,2026-03-05,1000.0,ucb,SS
5495f9f,2026-04-13,7000.0,city,DZ
5495f9f,2026-04-14,7000.0,city,SV
54980f7,2025-08-25,50.0,city,LW
54980f7,2025-09-25,50.0,city,LW
54980f7,2025-10-25,50.0,city,LW
54980f7,2025-11-20,250.0,city,JB
54980f7,2025-12-05,100.0,city,AB
54980f7,2026-02-24,500.0,city,JB
54980f7,2026-05-13,250.0,city,JB
54980f7,2026-05-31,250.0,city,AB
54f8047,2026-01-27,1000.0,city,AP
54f8047,2026-06-17,250.0,city,AL
55e0b91,2026-02-02,357.14,city,DS
55e0b91,2026-02-02,714.29,city,JG
55e0b91,2026-02-02,357.14,city,MD
55e0b91,2026-02-02,285.72,city,PB
55e0b91,2026-02-02,142.86,city,PS
55e0b91,2026-02-02,285.72,city,TS
55e0b91,2026-02-09,285.72,city,MH
55e0b91,2026-02-23,714.29,city,SM
55e0b91,2026-03-13,250.0,city,AB
55e0b91,2026-03-27,100.0,city,AB
55e0b91,2026-03-27,100.0,city,AB
55e0b91,2026-03-30,416.67,city,CC
55e0b91,2026-03-30,1666.67,city,JG
55e0b91,2026-03-30,166.67,city,MH
55e0b91,2026-03-30,166.67,city,PB
55e0b91,2026-03-30,166.67,city,PS
55e0b91,2026-03-30,3500.0,city,SG
55e0b91,2026-04-24,125.0,city,AB
55e0b91,2026-04-24,50.0,city,AB
55e0b91,2026-05-14,250.0,city,SD
55e0b91,2026-05-15,100.0,city,AB
55e0b91,2026-05-15,100.0,city,AB
55e0b91,2026-05-24,250.0,city,AB
55e0b91,2026-05-27,200.0,city,AL
55e0b91,2026-06-19,100.0,city,GG
55e0b91,2026-07-01,250.0,city,SD
5868ad8,2025-08-14,10.0,city,LB
5868ad8,2025-08-17,1.66,city,LB
5868ad8,2025-08-17,35.0,city,LB
5868ad8,2025-08-28,25.0,city,LB
5868ad8,2025-08-29,50.0,city,LB
5868ad8,2025-09-19,1.35,city,LB
5868ad8,2025-09-23,1.35,city,LB
5868ad8,2025-10-28,25.0,city,LB
5868ad8,2025-11-13,25.0,city,LB
5868ad8,2025-12-11,25.0,city,LB
5868ad8,2025-12-13,25.0,city,LB
5868ad8,2026-02-16,25.0,city,LB
5868ad8,2026-03-22,25.0,city,LB
5868ad8,2026-03-25,15.0,city,LB
5930604,2025-10-17,2500.0,city,WM
5930604,2025-10-17,2500.0,city,WM
5930604,2025-11-12,250.0,city,NC
5930604,2025-12-22,100.0,city,NC
5930604,2026-01-05,1000.0,city,DW
5930604,2026-01-16,500.0,city,AF
5930604,2026-06-12,1000.0,city,WM
5930604,2026-06-15,2000.0,city,DB
5930604,2026-06-18,250.0,city,AL
5ac3b60,2025-10-11,105.75,city,SP
5ac3b60,2025-10-12,40.0,city,GN
5ac3b60,2025-10-15,105.75,city,PC
5ac3b60,2026-01-20,100.0,city,WV
5ac3b60,2026-03-24,31.55,city,CB
5ac3b60,2026-03-24,25.0,city,HP
5ac3b60,2026-03-24,100.0,city,MM
5b4883d,2026-05-13,250.0,city,JB
5b6601f,2026-06-11,277.77,city,CB
5b6601f,2026-06-11,277.77,city,LR
5b6601f,2026-06-18,1111.11,city,PW
5bfa77f,2025-08-31,25.0,city,GW
5bfa77f,2025-09-28,25.0,city,GW
5bfa77f,2025-11-02,25.0,city,GW
5bfa77f,2025-11-30,25.0,city,GW
5bfa77f,2025-12-29,25.0,city,GW
5bfa77f,2026-02-01,25.0,city,GW
5bfa77f,2026-03-01,25.0,city,GW
5c83777,2025-10-02,10.0,city,AB
5c83777,2025-11-18,250.0,city,AB
5c83777,2026-02-23,200.0,city,AB
5c83777,2026-03-22,100.0,city,AB
5c83777,2026-03-30,250.0,city,AB
5c83777,2026-04-30,1.0,city,AB
5ce8e59,2025-08-22,100.0,city,AB
5ce8e59,2025-09-03,100.0,city,AB
5ce8e59,2025-09-07,100.0,city,AB
5ce8e59,2025-09-16,250.0,city,MB
5ce8e59,2025-09-23,250.0,city,WB
5ce8e59,2026-03-12,1000.0,city,MO
5ce8e59,2026-05-11,100.0,city,FA
5ce8e59,2026-06-05,50.0,city,GZ
5d978e3,2025-08-11,4.0,city,DK
5d978e3,2025-09-08,5.0,city,DK
5d978e3,2025-09-11,4.0,city,DK
5d978e3,2025-10-07,2.5,ucb,AR
5d978e3,2025-10-08,5.0,city,DK
5d978e3,2025-10-11,4.0,city,DK
5d978e3,2025-11-08,5.0,city,DK
5d978e3,2025-11-11,4.0,city,DK
5d978e3,2025-12-08,5.0,city,DK
5d978e3,2025-12-11,4.0,city,DK
5d978e3,2026-01-08,5.0,city,DK
5d978e3,2026-01-11,4.0,city,DK
5d978e3,2026-01-19,150.0,city,AM
5d978e3,2026-02-08,5.0,city,DK
5d978e3,2026-02-11,4.0,city,DK
5d978e3,2026-03-08,5.0,city,DK
5d978e3,2026-03-11,4.0,city,DK
5d978e3,2026-04-08,5.0,city,DK
5d978e3,2026-04-11,4.0,city,DK
5d978e3,2026-05-08,5.0,city,DK
5d978e3,2026-05-11,4.0,city,DK
5d978e3,2026-06-08,5.0,city,DK
5d978e3,2026-06-11,4.0,city,DK
5f04026,2026-02-03,250.0,city,JL
5f04026,2026-05-12,500.0,city,AB
5f1e201,2025-08-26,50.0,city,TF
5f1e201,2025-08-26,50.0,city,TF
5f1e201,2025-08-30,28.15,city,LW
5f1e201,2025-09-02,500.0,city,JB
5f1e201,2025-09-30,28.15,city,LW
5f1e201,2025-10-23,15.0,city,GB
5f1e201,2025-10-30,28.15,city,LW
5f1e201,2025-11-23,15.0,city,GB
5f1e201,2025-11-25,250.0,city,JB
5f1e201,2025-11-30,28.15,city,LW
5f1e201,2025-12-23,15.0,city,GB
5f1e201,2025-12-30,28.15,city,LW
5f1e201,2026-01-01,50.0,city,TF
5f1e201,2026-01-03,100.0,city,SK
5f1e201,2026-01-05,250.0,city,LK
5f1e201,2026-01-07,27.0,city,HR
5f1e201,2026-01-23,15.0,city,GB
5f1e201,2026-01-25,100.0,city,SK
5f1e201,2026-01-30,28.15,city,LW
5f1e201,2026-01-31,25.0,city,EC
5f1e201,2026-02-18,25.0,city,EC
5f1e201,2026-02-23,15.0,city,GB
5f1e201,2026-02-23,34.0,city,HR
5f1e201,2026-02-24,500.0,city,JB
5f1e201,2026-02-28,28.15,city,LW
5f1e201,2026-03-08,250.0,city,JL
5f1e201,2026-03-24,15.0,city,EC
5f1e201,2026-03-30,28.15,city,LW
5f1e201,2026-04-02,33.0,city,SL
5f1e201,2026-04-23,15.0,city,GB
5f1e201,2026-04-30,28.15,city,LW
5f1e201,2026-05-02,10.0,city,HR
5f1e201,2026-05-02,33.0,city,SL
5f1e201,2026-05-15,250.0,city,AS
5f1e201,2026-05-23,15.0,city,GB
5f1e201,2026-05-26,500.0,city,JB
5f1e201,2026-05-27,250.0,city,AS
5f1e201,2026-05-28,125.0,city,MF
5f1e201,2026-05-30,28.15,city,LW
5f1e201,2026-05-31,25.0,city,EC
5f1e201,2026-06-02,33.0,city,SL
5f1e201,2026-06-30,28.15,city,LW
5f339ce,2026-03-15,250.0,city,MT
5f339ce,2026-04-03,216.0,city,TS
5fe1004,2025-08-27,50.0,city,LW
5fe1004,2025-09-27,50.0,city,LW
5fe1004,2025-10-27,50.0,city,LW
5fe1004,2025-11-27,50.0,city,LW
5fe1004,2025-12-28,50.0,city,LW
5fe1004,2026-01-27,50.0,city,LW
5fe1004,2026-02-06,250.0,city,MF
5fe1004,2026-02-19,100.0,city,MF
5fe1004,2026-02-27,50.0,city,LW
5fe1004,2026-03-27,50.0,city,LW
6074dd9,2025-08-26,25.0,city,LW
6074dd9,2025-09-26,25.0,city,LW
6074dd9,2025-10-26,25.0,city,LW
6074dd9,2025-11-26,25.0,city,LW
6074dd9,2025-12-26,25.0,city,LW
6074dd9,2026-01-26,25.0,city,LW
6074dd9,2026-02-26,25.0,city,LW
6074dd9,2026-03-26,25.0,city,LW
6074dd9,2026-04-10,20.0,city,DS
6074dd9,2026-04-26,25.0,city,LW
6074dd9,2026-04-30,10.0,city,DS
6074dd9,2026-05-10,20.0,city,DS
6074dd9,2026-05-26,25.0,city,LW
6074dd9,2026-05-31,10.0,city,DS
6074dd9,2026-06-10,20.0,city,DS
6074dd9,2026-06-26,25.0,city,LW
6074dd9,2026-06-30,10.0,city,DS
60b9e1f,2026-02-16,500.0,city,CB
60b9e1f,2026-03-31,100.0,city,CB
615a607,2025-12-23,250.0,city,JB
61f98df,2025-08-30,25.0,city,LW
61f98df,2025-09-16,100.0,city,LW
61f98df,2025-09-27,250.0,city,JB
61f98df,2025-09-27,333.33,city,KS
61f98df,2025-09-30,25.0,city,LW
61f98df,2025-10-16,100.0,city,LW
61f98df,2025-10-20,3500.0,city,SS
61f98df,2025-10-20,3500.0,city,SS
61f98df,2025-10-30,25.0,city,LW
61f98df,2025-11-13,2000.0,city,DR
61f98df,2025-11-20,1666.67,city,AL
61f98df,2025-11-20,3500.0,city,JS
61f98df,2025-11-20,666.67,city,PL
61f98df,2025-11-20,1000.0,city,SG
61f98df,2025-11-30,25.0,city,LW
61f98df,2025-12-17,166.67,city,TM
61f98df,2025-12-30,25.0,city,LW
61f98df,2026-01-13,3500.0,city,JS
61f98df,2026-01-14,200.0,city,PB
61f98df,2026-01-30,25.0,city,LW
61f98df,2026-02-03,142.85,city,BW
61f98df,2026-02-03,357.14,city,DS
61f98df,2026-02-03,714.28,city,JG
61f98df,2026-02-03,357.14,city,MD
61f98df,2026-02-03,285.71,city,PB
61f98df,2026-02-03,142.85,city,PS
61f98df,2026-02-03,285.71,city,TS
61f98df,2026-02-10,142.85,city,GW
61f98df,2026-02-10,285.71,city,MH
61f98df,2026-02-24,714.28,city,SM
61f98df,2026-02-28,25.0,city,LW
61f98df,2026-03-04,35.0,city,LW
61f98df,2026-03-04,3500.0,city,NS
61f98df,2026-03-04,3500.0,city,NS
61f98df,2026-03-10,111.11,city,PB
61f98df,2026-03-16,500.0,city,JB
61f98df,2026-03-30,25.0,city,LW
61f98df,2026-04-04,35.0,city,LW
61f98df,2026-04-07,250.0,city,AB
61f98df,2026-04-12,300.0,ucb,GL
61f98df,2026-04-30,100.0,city,AB
61f98df,2026-04-30,25.0,city,LW
61f98df,2026-05-04,35.0,city,LW
61f98df,2026-05-14,100.0,city,AB
61f98df,2026-05-18,500.0,both,GS
61f98df,2026-05-27,500.0,city,JB
61f98df,2026-05-30,25.0,city,LW
61f98df,2026-06-04,35.0,city,LW
61f98df,2026-06-10,277.77,city,CB
61f98df,2026-06-10,277.77,city,LR
61f98df,2026-06-17,1111.11,city,PW
61f98df,2026-06-30,25.0,city,LW
62d9b98,2025-10-01,20.0,both,PV
62d9b98,2025-10-07,15.0,city,MS
62d9b98,2025-10-30,16.67,city,GH
62d9b98,2025-11-01,20.0,both,PV
62d9b98,2025-11-07,15.0,city,MS
62d9b98,2025-11-30,16.67,city,GH
62d9b98,2025-12-01,20.0,both,PV
62d9b98,2025-12-07,15.0,city,MS
62d9b98,2025-12-30,16.67,city,GH
62d9b98,2026-01-01,20.0,both,PV
62d9b98,2026-01-07,15.0,city,MS
62d9b98,2026-01-16,10.0,city,DS
62d9b98,2026-01-30,16.67,city,GH
62d9b98,2026-02-01,20.0,both,PV
62d9b98,2026-02-07,15.0,city,MS
62d9b98,2026-02-16,10.0,city,DS
62d9b98,2026-02-21,250.0,city,BC
62d9b98,2026-02-21,200.0,city,EW
62d9b98,2026-02-22,100.0,city,RB
62d9b98,2026-02-24,250.0,city,RB
62d9b98,2026-02-28,16.67,city,GH
62d9b98,2026-03-01,20.0,both,PV
62d9b98,2026-03-07,100.0,city,EW
62d9b98,2026-03-07,15.0,city,MS
62d9b98,2026-03-07,250.0,city,NS
62d9b98,2026-03-08,300.0,city,RB
62d9b98,2026-03-09,100.0,city,EW
62d9b98,2026-03-09,200.0,city,KR
62d9b98,2026-03-09,100.0,city,NS
62d9b98,2026-03-16,10.0,city,DS
62d9b98,2026-03-30,16.67,city,GH
62d9b98,2026-04-01,20.0,both,PV
62d9b98,2026-04-07,15.0,city,MS
62d9b98,2026-04-16,10.0,city,DS
62d9b98,2026-04-30,16.67,city,GH
62d9b98,2026-05-01,20.0,both,PV
62d9b98,2026-05-07,15.0,city,MS
62d9b98,2026-05-16,10.0,city,DS
62d9b98,2026-05-30,16.67,city,GH
62d9b98,2026-06-01,20.0,both,PV
62d9b98,2026-06-07,15.0,city,MS
62d9b98,2026-06-16,10.0,city,DS
62d9b98,2026-06-30,16.67,city,GH
6306bfb,2025-08-12,10.0,city,MN
6306bfb,2025-08-18,5.0,city,JE
6306bfb,2025-08-21,5.0,city,EM
6306bfb,2025-08-22,15.0,city,MT
6306bfb,2025-08-27,500.0,city,JM
6306bfb,2025-08-27,8.33,ucb,KP
6306bfb,2025-09-12,10.0,city,MN
6306bfb,2025-09-18,5.0,city,JE
6306bfb,2025-09-21,5.0,city,EM
6306bfb,2025-09-22,15.0,city,MT
6306bfb,2025-09-27,8.33,ucb,KP
6306bfb,2025-10-05,2.5,city,DC
6306bfb,2025-10-07,3.33,city,DC
6306bfb,2025-10-12,10.0,city,MN
6306bfb,2025-10-18,5.0,city,JE
6306bfb,2025-10-21,5.0,city,EM
6306bfb,2025-10-22,15.0,city,MT
6306bfb,2025-10-27,8.33,ucb,KP
6306bfb,2025-11-05,2.5,city,DC
6306bfb,2025-11-07,3.33,city,DC
6306bfb,2025-11-12,10.0,city,MN
6306bfb,2025-11-18,5.0,city,JE
6306bfb,2025-11-21,5.0,city,EM
6306bfb,2025-11-22,15.0,city,MT
6306bfb,2025-11-27,8.33,ucb,KP
6306bfb,2025-12-05,2.5,city,DC
6306bfb,2025-12-07,3.33,city,DC
6306bfb,2025-12-12,10.0,city,MN
6306bfb,2025-12-18,5.0,city,JE
6306bfb,2025-12-21,5.0,city,EM
6306bfb,2025-12-22,15.0,city,MT
6306bfb,2026-01-03,15.0,city,MN
6306bfb,2026-01-05,2.5,city,DC
6306bfb,2026-01-07,3.33,city,DC
6306bfb,2026-01-12,10.0,city,MN
6306bfb,2026-01-17,10.0,city,LE
6306bfb,2026-01-18,5.0,city,JE
6306bfb,2026-01-21,5.0,city,EM
6306bfb,2026-01-22,15.0,city,MT
6306bfb,2026-02-03,15.0,city,MN
6306bfb,2026-02-05,2.5,city,DC
6306bfb,2026-02-07,3.33,city,DC
6306bfb,2026-02-11,200.0,city,JT
6306bfb,2026-02-12,10.0,city,MN
6306bfb,2026-02-17,250.0,city,EG
6306bfb,2026-02-17,10.0,city,LE
6306bfb,2026-02-18,5.0,city,JE
6306bfb,2026-02-18,250.0,city,KO
6306bfb,2026-02-21,5.0,city,EM
6306bfb,2026-02-22,15.0,city,MT
6306bfb,2026-03-03,15.0,city,MN
6306bfb,2026-03-05,2.5,city,DC
6306bfb,2026-03-07,3.33,city,DC
6306bfb,2026-03-12,10.0,city,MN
6306bfb,2026-03-17,10.0,city,LE
6306bfb,2026-03-18,5.0,city,JE
6306bfb,2026-03-21,5.0,city,EM
6306bfb,2026-03-22,15.0,city,MT
6306bfb,2026-03-24,50.0,city,MN
6306bfb,2026-04-03,15.0,city,MN
6306bfb,2026-04-05,2.5,city,DC
6306bfb,2026-04-06,5.0,city,MT
6306bfb,2026-04-07,3.33,city,DC
6306bfb,2026-04-10,5.0,city,CS
6306bfb,2026-04-17,10.0,city,LE
6306bfb,2026-04-18,5.0,city,EB
6306bfb,2026-04-18,5.0,city,JE
6306bfb,2026-04-21,5.0,city,EM
6306bfb,2026-04-26,5.0,city,BK
6306bfb,2026-04-30,5.0,city,AT
6306bfb,2026-05-03,15.0,city,MN
6306bfb,2026-05-05,2.5,city,DC
6306bfb,2026-05-05,5.0,city,MN
6306bfb,2026-05-06,5.0,city,MT
6306bfb,2026-05-07,3.33,city,DC
6306bfb,2026-05-10,5.0,city,CS
6306bfb,2026-05-12,10.0,city,MN
6306bfb,2026-05-18,5.0,city,EB
6306bfb,2026-05-18,5.0,city,JE
6306bfb,2026-05-21,5.0,city,EM
6306bfb,2026-05-26,5.0,city,BK
6306bfb,2026-05-31,5.0,city,AT
6306bfb,2026-06-03,15.0,city,MN
6306bfb,2026-06-05,2.5,city,DC
6306bfb,2026-06-05,5.0,city,MN
6306bfb,2026-06-06,5.0,city,MT
6306bfb,2026-06-07,3.33,city,DC
6306bfb,2026-06-10,5.0,city,CS
6306bfb,2026-06-12,10.0,city,MN
6306bfb,2026-06-18,5.0,city,EB
6306bfb,2026-06-18,5.0,city,JE
6306bfb,2026-06-21,5.0,city,EM
6306bfb,2026-06-22,100.0,city,EG
6306bfb,2026-06-26,5.0,city,BK
639ca02,2026-02-11,250.0,city,CB
639ca02,2026-04-29,250.0,city,AB
639ca02,2026-04-30,100.0,city,AB
639ca02,2026-05-04,100.0,city,AB
63a0998,2026-05-12,7000.0,city,SV
647963a,2025-11-07,800.0,city,BC
647963a,2025-12-03,800.0,city,BC
647963a,2026-01-02,800.0,city,BC
647963a,2026-02-18,800.0,city,BC
647963a,2026-03-09,300.0,city,BC
647dc7c,2025-09-09,100.0,city,JT
647dc7c,2025-09-09,3500.0,city,SS
647dc7c,2025-09-10,250.0,city,JH
647dc7c,2025-09-12,500.0,city,BB
647dc7c,2025-09-20,100.0,city,JT
647dc7c,2025-09-22,1000.0,city,AS
647dc7c,2025-09-24,50.0,city,JT
647dc7c,2025-09-28,50.0,city,JT
647dc7c,2025-09-30,25.0,city,JT
647dc7c,2025-10-01,50.0,city,PH
647dc7c,2025-10-16,100.0,city,KS
647dc7c,2025-10-16,50.0,city,PH
647dc7c,2025-10-24,1000.0,city,JK
647dc7c,2025-10-25,1000.0,city,AS
647dc7c,2025-10-26,500.0,city,HC
647dc7c,2025-10-26,50.0,city,JT
647dc7c,2025-11-14,500.0,city,SB
647dc7c,2025-11-16,100.0,city,KS
647dc7c,2025-11-16,50.0,city,PH
647dc7c,2025-12-06,3500.0,city,SS
647dc7c,2025-12-06,3500.0,city,SS
647dc7c,2025-12-14,50.0,city,JT
647dc7c,2025-12-16,100.0,city,KS
647dc7c,2025-12-16,50.0,city,PH
647dc7c,2026-01-01,25.0,city,KD
647dc7c,2026-01-04,10.0,city,KW
647dc7c,2026-01-08,10.0,city,KW
647dc7c,2026-01-09,35.0,city,RG
647dc7c,2026-01-15,10.0,city,KW
647dc7c,2026-01-16,500.0,city,JB
647dc7c,2026-01-16,100.0,city,KS
647dc7c,2026-01-16,50.0,city,PH
647dc7c,2026-01-17,35.0,city,RG
647dc7c,2026-01-20,500.0,city,JW
647dc7c,2026-01-22,25.0,city,JT
647dc7c,2026-01-22,10.0,city,KW
647dc7c,2026-01-23,100.0,city,BB
647dc7c,2026-01-23,35.0,city,RG
647dc7c,2026-01-25,150.0,city,CF
647dc7c,2026-01-26,250.0,city,CM
647dc7c,2026-01-26,100.0,city,KS
647dc7c,2026-01-29,10.0,city,KW
647dc7c,2026-01-30,70.0,city,RG
647dc7c,2026-02-01,25.0,city,KD
647dc7c,2026-02-03,100.0,city,CF
647dc7c,2026-02-05,50.0,city,JT
647dc7c,2026-02-05,50.0,city,KW
647dc7c,2026-02-05,10.0,city,KW
647dc7c,2026-02-06,35.0,city,RG
647dc7c,2026-02-11,25.0,city,KW
647dc7c,2026-02-12,50.0,city,GZ
647dc7c,2026-02-12,10.0,city,KW
647dc7c,2026-02-13,35.0,city,RG
647dc7c,2026-02-14,100.0,city,JI
647dc7c,2026-02-14,50.0,city,SC
647dc7c,2026-02-16,250.0,city,AC
647dc7c,2026-02-16,100.0,city,KS
647dc7c,2026-02-16,50.0,city,PH
647dc7c,2026-02-17,25.0,city,AS
647dc7c,2026-02-17,100.0,city,BL
647dc7c,2026-02-17,100.0,city,HS
647dc7c,2026-02-17,100.0,city,JL
647dc7c,2026-02-17,50.0,city,JT
647dc7c,2026-02-17,500.0,city,KJ
647dc7c,2026-02-17,50.0,city,PH
647dc7c,2026-02-18,100.0,city,BL
647dc7c,2026-02-18,500.0,city,BW
647dc7c,2026-02-19,250.0,city,GK
647dc7c,2026-02-19,126.0,city,JL
647dc7c,2026-02-19,10.0,city,KW
647dc7c,2026-02-19,50.0,city,PB
647dc7c,2026-02-20,20.0,city,AD
647dc7c,2026-02-21,50.0,city,SC
647dc7c,2026-02-23,100.0,city,EH
647dc7c,2026-02-23,25.0,city,RG
647dc7c,2026-02-24,500.0,city,JP
647dc7c,2026-02-25,500.0,city,LK
647dc7c,2026-02-26,100.0,city,HS
647dc7c,2026-02-26,10.0,city,KW
647dc7c,2026-02-28,50.0,city,SC
647dc7c,2026-03-01,50.0,city,EH
647dc7c,2026-03-01,25.0,city,KD
647dc7c,2026-03-04,100.0,city,AD
647dc7c,2026-03-04,250.0,city,BB
647dc7c,2026-03-04,250.0,city,DA
647dc7c,2026-03-04,1000.0,city,HF
647dc7c,2026-03-04,100.0,city,JB
647dc7c,2026-03-05,50.0,city,BB
647dc7c,2026-03-06,100.0,city,PB
647dc7c,2026-03-06,200.0,city,SL
647dc7c,2026-03-06,250.0,ucb,YR
647dc7c,2026-03-07,250.0,city,CH
647dc7c,2026-03-07,100.0,city,EH
647dc7c,2026-03-08,50.0,city,BL
647dc7c,2026-03-09,1000.0,city,BF
647dc7c,2026-03-09,100.0,city,HS
647dc7c,2026-03-12,200.0,city,GZ
647dc7c,2026-03-12,250.0,city,LH
647dc7c,2026-03-15,100.0,city,AD
647dc7c,2026-03-15,200.0,city,SL
647dc7c,2026-03-16,500.0,city,JB
647dc7c,2026-03-16,100.0,city,KS
647dc7c,2026-03-16,50.0,city,PH
647dc7c,2026-03-20,20.0,city,AD
647dc7c,2026-03-25,100.0,city,JT
647dc7c,2026-03-27,25.0,city,SL
647dc7c,2026-03-31,100.0,city,AD
647dc7c,2026-03-31,1000.0,city,BF
647dc7c,2026-03-31,10.0,city,KW
647dc7c,2026-03-31,25.0,city,RG
647dc7c,2026-04-01,25.0,city,KD
647dc7c,2026-04-01,500.0,city,MM
647dc7c,2026-04-02,200.0,city,LB
647dc7c,2026-04-03,500.0,city,CF
647dc7c,2026-04-03,25.0,city,CS
647dc7c,2026-04-04,50.0,city,CB
647dc7c,2026-04-04,20.0,city,JC
647dc7c,2026-04-04,50.0,city,LW
647dc7c,2026-04-04,21.0,city,TS
647dc7c,2026-04-06,1000.0,both,MT
647dc7c,2026-04-08,50.0,city,JS
647dc7c,2026-04-08,500.0,city,KW
647dc7c,2026-04-08,1000.0,city,SM
647dc7c,2026-04-08,500.0,city,TM
647dc7c,2026-04-09,500.0,city,SB
647dc7c,2026-04-10,500.0,city,JB
647dc7c,2026-04-11,100.0,city,MH
647dc7c,2026-04-12,500.0,city,DH
647dc7c,2026-04-12,200.0,city,GZ
647dc7c,2026-04-12,500.0,city,LH
647dc7c,2026-04-13,1000.0,city,DH
647dc7c,2026-04-13,250.0,city,LS
647dc7c,2026-04-14,500.0,city,HF
647dc7c,2026-04-14,500.0,city,SH
647dc7c,2026-04-14,200.0,city,TA
647dc7c,2026-04-15,500.0,city,JW
647dc7c,2026-04-15,500.0,city,WD
647dc7c,2026-04-15,500.0,city,WJ
647dc7c,2026-04-16,1000.0,city,CD
647dc7c,2026-04-16,100.0,city,KS
647dc7c,2026-04-16,50.0,city,PH
647dc7c,2026-04-17,500.0,city,AS
647dc7c,2026-04-17,500.0,city,BB
647dc7c,2026-04-17,500.0,city,DP
647dc7c,2026-04-17,1000.0,city,EJ
647dc7c,2026-04-17,500.0,city,GL
647dc7c,2026-04-17,500.0,city,KG
647dc7c,2026-04-17,100.0,city,NK
647dc7c,2026-04-17,1000.0,city,RH
647dc7c,2026-04-17,500.0,city,SB
647dc7c,2026-04-18,250.0,city,JU
647dc7c,2026-04-18,100.0,city,PB
647dc7c,2026-04-18,10.0,city,VW
647dc7c,2026-04-19,1000.0,city,MC
647dc7c,2026-04-20,20.0,city,AD
647dc7c,2026-04-23,1000.0,city,PW
647dc7c,2026-04-27,25.0,city,GT
647dc7c,2026-04-27,25.0,city,SL
647dc7c,2026-04-27,10.0,city,VW
647dc7c,2026-04-28,50.0,city,BB
647dc7c,2026-04-28,50.0,city,HR
647dc7c,2026-04-30,250.0,city,NG
647dc7c,2026-05-04,50.0,city,CB
647dc7c,2026-05-04,20.0,city,JC
647dc7c,2026-05-04,50.0,city,LW
647dc7c,2026-05-04,21.0,city,TS
647dc7c,2026-05-07,150.0,city,TA
647dc7c,2026-05-08,100.0,city,WH
647dc7c,2026-05-09,35.0,city,RG
647dc7c,2026-05-11,500.0,city,LK
647dc7c,2026-05-12,100.0,city,CM
647dc7c,2026-05-12,25.0,city,GK
647dc7c,2026-05-12,200.0,city,GZ
647dc7c,2026-05-12,100.0,city,TT
647dc7c,2026-05-13,200.0,city,HS
647dc7c,2026-05-13,500.0,city,WB
647dc7c,2026-05-15,250.0,city,AS
647dc7c,2026-05-16,100.0,city,KS
647dc7c,2026-05-16,50.0,city,PH
647dc7c,2026-05-16,37.0,city,RG
647dc7c,2026-05-17,100.0,city,TT
647dc7c,2026-05-18,100.0,city,RM
647dc7c,2026-05-18,10.0,city,VW
647dc7c,2026-05-19,100.0,city,DM
647dc7c,2026-05-19,5.0,city,KW
647dc7c,2026-05-20,125.0,city,AB
647dc7c,2026-05-20,20.0,city,AD
647dc7c,2026-05-20,50.0,city,AH
647dc7c,2026-05-20,25.0,city,RG
647dc7c,2026-05-21,1000.0,city,KB
647dc7c,2026-05-21,50.0,city,TA
647dc7c,2026-05-22,100.0,city,TT
647dc7c,2026-05-23,25.0,city,GT
647dc7c,2026-05-23,250.0,city,PC
647dc7c,2026-05-24,50.0,city,HR
647dc7c,2026-05-24,100.0,city,NK
647dc7c,2026-05-25,50.0,city,JK
647dc7c,2026-05-25,50.0,city,SM
647dc7c,2026-05-25,500.0,city,TL
647dc7c,2026-05-26,25.0,city,CS
647dc7c,2026-05-26,95.0,city,JL
647dc7c,2026-05-26,100.0,city,JS
647dc7c,2026-05-26,250.0,city,KJ
647dc7c,2026-05-26,100.0,city,PB
647dc7c,2026-05-26,500.0,city,PM
647dc7c,2026-05-27,500.0,city,AC
647dc7c,2026-05-27,50.0,city,BB
647dc7c,2026-05-27,50.0,city,BL
647dc7c,2026-05-27,50.0,city,CF
647dc7c,2026-05-27,50.0,city,CM
647dc7c,2026-05-27,100.0,city,DM
647dc7c,2026-05-27,250.0,city,EC
647dc7c,2026-05-27,50.0,city,GW
647dc7c,2026-05-27,30.0,city,JH
647dc7c,2026-05-27,250.0,city,LB
647dc7c,2026-05-27,200.0,city,MC
647dc7c,2026-05-27,100.0,city,MH
647dc7c,2026-05-27,250.0,city,PD
647dc7c,2026-05-27,1000.0,city,SH
647dc7c,2026-05-27,25.0,city,SL
647dc7c,2026-05-27,100.0,city,SM
647dc7c,2026-05-27,100.0,city,SM
647dc7c,2026-05-27,10.0,city,VW
647dc7c,2026-05-27,1000.0,city,WB
647dc7c,2026-05-27,100.0,city,WH
647dc7c,2026-05-28,100.0,city,AB
647dc7c,2026-05-28,250.0,city,DD
647dc7c,2026-05-28,500.0,city,NG
647dc7c,2026-05-28,1000.0,city,WA
647dc7c,2026-05-29,125.0,city,AB
647dc7c,2026-05-29,1000.0,city,RK
647dc7c,2026-05-29,250.0,city,TS
647dc7c,2026-05-30,500.0,city,DB
647dc7c,2026-05-30,500.0,city,MC
647dc7c,2026-05-31,500.0,city,LB
647dc7c,2026-05-31,100.0,city,PB
647dc7c,2026-06-01,30.0,city,JH
647dc7c,2026-06-01,250.0,city,NK
647dc7c,2026-06-04,50.0,city,CB
647dc7c,2026-06-04,100.0,city,GG
647dc7c,2026-06-04,500.0,city,JB
647dc7c,2026-06-04,20.0,city,JC
647dc7c,2026-06-04,50.0,city,LW
647dc7c,2026-06-04,500.0,city,RN
647dc7c,2026-06-04,21.0,city,TS
647dc7c,2026-06-05,25.0,city,JH
647dc7c,2026-06-05,500.0,city,JM
647dc7c,2026-06-06,100.0,city,JU
647dc7c,2026-06-06,5.0,city,RG
647dc7c,2026-06-07,45.0,city,KM
647dc7c,2026-06-08,500.0,city,CB
647dc7c,2026-06-08,44.85,city,KM
647dc7c,2026-06-08,100.0,city,MC
647dc7c,2026-06-08,81.27,city,SM
647dc7c,2026-06-08,25.0,city,SM
647dc7c,2026-06-10,125.0,city,DA
647dc7c,2026-06-11,50.0,city,CF
647dc7c,2026-06-11,30.0,city,JH
647dc7c,2026-06-12,3500.0,city,AB
647dc7c,2026-06-12,25.0,city,GK
647dc7c,2026-06-12,100.0,city,GZ
647dc7c,2026-06-12,200.0,city,GZ
647dc7c,2026-06-14,100.0,city,NG
647dc7c,2026-06-16,50.0,city,HR
647dc7c,2026-06-16,100.0,city,KS
647dc7c,2026-06-16,50.0,city,PH
647dc7c,2026-06-18,250.0,city,MP
647dc7c,2026-06-18,100.0,city,PB
647dc7c,2026-06-18,10.0,city,VW
647dc7c,2026-06-19,100.0,city,EG
647dc7c,2026-06-19,50.0,city,RM
647dc7c,2026-06-20,20.0,city,AD
647dc7c,2026-06-20,500.0,city,PS
647dc7c,2026-06-21,100.0,city,EG
647dc7c,2026-06-22,23.0,city,KM
647dc7c,2026-06-22,35.0,city,RG
647dc7c,2026-06-22,500.0,city,RN
647dc7c,2026-06-25,100.0,city,EG
647dc7c,2026-06-25,50.0,city,SC
647dc7c,2026-06-26,125.0,city,JU
647dc7c,2026-06-26,500.0,city,NL
647dc7c,2026-06-27,100.0,city,GW
647dc7c,2026-06-27,100.0,city,PB
647dc7c,2026-06-27,25.0,city,SL
647dc7c,2026-06-27,25.0,city,SM
647dc7c,2026-06-27,10.0,city,VW
647dc7c,2026-06-28,500.0,city,JG
647dc7c,2026-06-29,100.0,city,PH
647dc7c,2026-06-30,50.0,city,CM
647dc7c,2026-06-30,25.0,city,CS
647dc7c,2026-06-30,30.0,city,JH
647dc7c,2026-06-30,50.0,city,JS
647dc7c,2026-06-30,1000.0,city,MP
647dc7c,2026-06-30,30.0,city,TT
65d2318,2025-08-18,250.0,city,FA
65d2318,2026-04-09,70.0,city,AB
65d2318,2026-05-02,9.0,city,AB
65d2318,2026-05-04,250.0,ucb,GL
65d2318,2026-05-09,100.0,city,AB
65d2318,2026-05-30,100.0,city,AB
65d2318,2026-05-30,100.0,city,AB
668f552,2026-01-26,100.0,city,AW
681ed0e,2025-09-16,250.0,city,SB
681ed0e,2025-09-22,500.0,city,JM
681ed0e,2026-01-20,700.0,city,AB
681ed0e,2026-01-20,500.0,city,PW
681ed0e,2026-02-10,250.0,city,LH
681ed0e,2026-02-24,3500.0,city,SS
681ed0e,2026-02-24,3500.0,city,SS
681ed0e,2026-03-03,250.0,city,JG
681ed0e,2026-03-10,1045.46,city,JM
681ed0e,2026-03-10,3500.0,city,JM
681ed0e,2026-03-29,250.0,city,LH
681ed0e,2026-03-31,416.66,city,CC
681ed0e,2026-03-31,1666.66,city,JG
681ed0e,2026-03-31,166.66,city,LH
681ed0e,2026-03-31,3500.0,city,SG
681ed0e,2026-04-08,1428.57,city,GN
681ed0e,2026-04-25,250.0,ucb,GL
681ed0e,2026-05-05,140.0,city,AL
681ed0e,2026-05-05,100.0,city,MH
681ed0e,2026-05-12,3500.0,city,EF
681ed0e,2026-05-12,3500.0,city,EF
681ed0e,2026-05-12,1000.0,city,LW
681ed0e,2026-05-12,1000.0,city,LW
681ed0e,2026-05-13,250.0,city,JB
681ed0e,2026-05-29,300.0,city,AL
681ed0e,2026-06-11,277.77,city,CB
681ed0e,2026-06-11,250.0,city,JB
681ed0e,2026-06-11,277.77,city,LR
681ed0e,2026-06-16,333.33,city,KS
681ed0e,2026-06-16,40.0,ucb,GL
681ed0e,2026-06-16,9.62,ucb,GL
681ed0e,2026-06-18,1111.11,city,PW
686d71c,2026-03-19,250.0,city,RW
69973d4,2025-11-28,100.0,city,AB
69973d4,2025-11-28,100.0,city,AB
69973d4,2026-03-14,100.0,city,AB
69973d4,2026-03-30,100.0,city,AB
69973d4,2026-03-30,100.0,city,AB
69973d4,2026-04-26,250.0,city,AB
69973d4,2026-05-28,50.0,city,AB
69973d4,2026-05-28,50.0,city,AB
69973d4,2026-05-28,50.0,city,AB
69973d4,2026-06-13,100.0,city,AB
6a63cd9,2025-08-21,15.0,city,TU
6a63cd9,2025-08-30,5.0,city,TU
6a63cd9,2025-09-21,15.0,city,TU
6a63cd9,2025-09-30,5.0,city,TU
6a63cd9,2025-10-21,15.0,city,TU
6a63cd9,2025-10-30,5.0,city,TU
6a63cd9,2025-11-21,15.0,city,TU
6a63cd9,2025-11-30,5.0,city,TU
6a63cd9,2025-12-21,15.0,city,TU
6a63cd9,2025-12-30,5.0,city,TU
6a63cd9,2026-01-21,15.0,city,TU
6a63cd9,2026-01-30,5.0,city,TU
6a63cd9,2026-02-21,15.0,city,TU
6a63cd9,2026-02-28,5.0,city,TU
6a63cd9,2026-03-21,15.0,city,TU
6a63cd9,2026-03-30,5.0,city,TU
6a63cd9,2026-04-21,15.0,city,TU
6a63cd9,2026-04-30,5.0,city,TU
6a63cd9,2026-05-21,15.0,city,TU
6a63cd9,2026-05-30,5.0,city,TU
6a63cd9,2026-06-21,15.0,city,TU
6a63cd9,2026-06-30,5.0,city,TU
6aa9dc5,2025-11-10,360.0,city,RS
6aa9dc5,2026-04-01,10.0,ucb,JE
6aa9dc5,2026-05-01,10.0,ucb,JE
6aa9dc5,2026-05-12,6.0,ucb,JE
6aa9dc5,2026-06-01,10.0,ucb,JE
6b1a1d8,2025-11-29,100.0,city,MS
6b1a1d8,2025-12-14,25.0,city,JK
6b1a1d8,2025-12-21,36.0,city,DA
6b1a1d8,2025-12-23,50.0,city,BA
6b1a1d8,2026-01-03,50.0,city,RS
6cab15f,2025-08-26,500.0,city,JB
6cab15f,2025-08-26,25.0,city,LW
6cab15f,2025-08-27,25.0,city,LW
6cab15f,2025-09-26,25.0,city,LW
6cab15f,2025-10-01,150.0,city,SD
6cab15f,2025-10-02,100.0,city,MS
6cab15f,2025-10-11,3500.0,both,SS
6cab15f,2025-10-18,71.43,city,CG
6cab15f,2025-10-21,500.0,city,PW
6cab15f,2025-10-22,250.0,city,PW
6cab15f,2025-10-26,25.0,city,LW
6cab15f,2025-11-02,100.0,city,MS
6cab15f,2025-11-11,250.0,city,JB
6cab15f,2025-11-25,250.0,city,JB
6cab15f,2025-11-26,25.0,city,LW
6cab15f,2025-11-30,83.33,city,TM
6cab15f,2025-12-02,100.0,city,MS
6cab15f,2025-12-26,25.0,city,LW
6cab15f,2026-01-01,250.0,city,SM
6cab15f,2026-01-18,25.0,city,LH
6cab15f,2026-01-19,100.0,city,AM
6cab15f,2026-01-22,125.0,city,PB
6cab15f,2026-01-26,25.0,city,LW
6cab15f,2026-01-27,500.0,city,JB
6cab15f,2026-02-15,1000.0,city,JD
6cab15f,2026-02-18,25.0,city,LH
6cab15f,2026-02-21,500.0,city,GP
6cab15f,2026-02-24,500.0,city,JB
6cab15f,2026-02-26,25.0,city,LW
6cab15f,2026-02-26,3500.0,city,NS
6cab15f,2026-02-26,3500.0,city,NS
6cab15f,2026-02-28,20.0,city,DS
6cab15f,2026-03-18,25.0,city,LH
6cab15f,2026-03-26,25.0,city,LW
6cab15f,2026-03-31,20.0,city,DS
6cab15f,2026-04-01,250.0,city,NO
6cab15f,2026-04-01,150.0,city,SD
6cab15f,2026-04-08,1428.57,city,GN
6cab15f,2026-04-24,250.0,city,AB
6cab15f,2026-04-26,25.0,city,LW
6cab15f,2026-04-30,20.0,city,DS
6cab15f,2026-05-09,250.0,city,RB
6cab15f,2026-05-11,50.0,city,ME
6cab15f,2026-05-15,250.0,city,JW
6cab15f,2026-05-25,300.0,city,TL
6cab15f,2026-05-26,25.0,city,LW
6cab15f,2026-05-31,20.0,city,DS
6cab15f,2026-06-04,277.77,city,CB
6cab15f,2026-06-04,277.77,city,LR
6cab15f,2026-06-09,1111.11,city,PW
6cab15f,2026-06-11,500.0,city,BW
6cab15f,2026-06-23,71.43,city,JD
6cab15f,2026-06-26,25.0,city,LW
6cab15f,2026-06-29,100.0,city,LA
6cab15f,2026-06-30,150.0,city,SD
6e1321b,2025-11-13,250.0,city,EE
6e1321b,2025-11-13,62.5,city,LF
6e1321b,2025-11-23,2000.0,city,LF
6e1321b,2025-12-20,500.0,ucb,MT
6e1321b,2025-12-30,250.0,city,KM
6e1321b,2026-04-08,250.0,city,JR
6e1321b,2026-04-18,250.0,city,EE
6e1321b,2026-04-24,250.0,city,DM
6e1321b,2026-05-24,250.0,city,JR
6e1321b,2026-06-02,100.0,city,EE
6e1321b,2026-06-30,250.0,city,EE
6e13246,2025-11-20,100.0,city,JD
6e13246,2025-12-10,253.0,city,KD
6e13246,2025-12-10,500.0,city,SG
6e13246,2025-12-20,50.0,city,JD
6e13246,2026-01-15,3500.0,city,AB
6e13246,2026-02-07,154.5,city,DB
6e13246,2026-02-28,200.0,city,DB
6e13246,2026-05-09,503.0,city,AM
6e1bb4f,2025-08-27,35.0,city,LW
6e1bb4f,2025-09-17,500.0,city,AB
6e1bb4f,2025-09-27,35.0,city,LW
6e1bb4f,2025-10-27,35.0,city,LW
6e1bb4f,2025-10-29,25.0,city,SP
6e1bb4f,2025-11-27,35.0,city,LW
6e1bb4f,2025-11-29,25.0,city,SP
6e1bb4f,2025-12-23,500.0,city,AB
6e1bb4f,2025-12-27,35.0,city,LW
6e1bb4f,2025-12-29,15.0,city,SP
6e1bb4f,2026-01-06,250.0,city,ET
6e1bb4f,2026-01-27,35.0,city,LW
6e1bb4f,2026-01-29,15.0,city,SP
6e1bb4f,2026-02-06,125.0,city,ET
6e1bb4f,2026-02-15,250.0,city,AB
6e1bb4f,2026-02-27,35.0,city,LW
6e1bb4f,2026-02-28,15.0,city,SP
6e1bb4f,2026-03-11,250.0,city,MN
6e1bb4f,2026-03-27,35.0,city,LW
6e1bb4f,2026-03-29,15.0,city,SP
6e1bb4f,2026-03-31,50.0,city,ET
6e1bb4f,2026-04-08,500.0,city,AB
6e1bb4f,2026-04-12,50.0,city,TF
6e1bb4f,2026-04-27,35.0,city,LW
6e1bb4f,2026-04-29,15.0,city,SP
6e1bb4f,2026-05-21,50.0,city,TF
6e1bb4f,2026-05-27,35.0,city,LW
6e1bb4f,2026-05-29,15.0,city,SP
6e1bb4f,2026-06-10,100.0,city,MN
6e1bb4f,2026-06-27,35.0,city,LW
6eaf3d0,2025-09-15,100.0,city,AR
6eaf3d0,2025-10-10,17.5,city,NE
6eaf3d0,2025-10-15,500.0,city,DB
6eaf3d0,2025-11-10,17.5,city,NE
6eaf3d0,2025-12-10,17.5,city,NE
6eaf3d0,2026-01-10,17.5,city,NE
6eaf3d0,2026-01-28,500.0,city,JE
6eaf3d0,2026-02-10,17.5,city,NE
6eaf3d0,2026-03-10,17.5,city,NE
6eaf3d0,2026-04-10,17.5,city,NE
6eaf3d0,2026-05-10,17.5,city,NE
6eaf3d0,2026-06-10,17.5,city,NE
6ee3aa5,2025-12-12,1000.0,city,AM
6f25b6d,2026-02-27,250.0,city,MF
6f25b6d,2026-05-28,100.0,both,RN
6f25b6d,2026-06-09,500.0,city,HA
6f25b6d,2026-06-12,100.0,city,MF
6f25b6d,2026-06-13,3500.0,city,SS
6f25b6d,2026-06-14,100.0,both,RN
6f25b6d,2026-06-14,250.0,city,HF
6f25b6d,2026-06-16,250.0,city,HF
6f5efd9,2025-08-14,1000.0,city,DB
6f5efd9,2025-09-16,50.0,city,RT
6f5efd9,2025-09-21,250.0,city,MM
6f5efd9,2025-09-21,100.0,city,RT
6f5efd9,2025-09-26,3000.0,city,JK
6f5efd9,2025-10-02,200.0,city,JT
6f5efd9,2026-01-13,250.0,city,PZ
6f5efd9,2026-03-24,100.0,city,AB
6f5efd9,2026-03-27,250.0,city,PZ
6f5efd9,2026-03-31,500.0,city,AB
6f5efd9,2026-05-08,250.0,city,AB
6f5efd9,2026-05-08,250.0,city,AB
6f5efd9,2026-05-12,25.0,city,AB
6f5efd9,2026-05-14,2000.0,ucb,JG
6f5efd9,2026-05-29,100.0,city,AB
6f5efd9,2026-06-08,250.0,city,AB
6f88946,2025-08-21,1500.0,city,JK
6f88946,2025-09-02,500.0,city,CB
6f88946,2025-09-18,1000.0,ucb,MR
6f88946,2025-10-21,250.0,city,JB
6f88946,2025-12-31,250.0,city,AB
6f88946,2026-03-07,500.0,city,RB
6f88946,2026-05-13,250.0,city,AB
6f88946,2026-05-14,250.0,city,JB
6f88946,2026-06-30,3500.0,ucb,MR
6f9e4a6,2025-08-17,50.0,city,GW
6f9e4a6,2025-08-22,50.0,city,LB
6f9e4a6,2025-08-24,10.0,city,AB
6f9e4a6,2025-09-02,500.0,city,JB
6f9e4a6,2025-09-15,3500.0,city,ZP
6f9e4a6,2025-09-15,3500.0,city,ZP
6f9e4a6,2025-09-16,3500.0,city,DT
6f9e4a6,2025-09-16,3500.0,city,DT
6f9e4a6,2025-09-17,100.0,city,AB
6f9e4a6,2025-09-17,50.0,city,GW
6f9e4a6,2025-09-17,500.0,city,PB
6f9e4a6,2025-09-17,3500.0,city,PB
6f9e4a6,2025-09-22,50.0,city,LB
6f9e4a6,2025-09-29,1000.0,city,DA
6f9e4a6,2025-09-29,500.0,city,MS
6f9e4a6,2025-09-29,2000.0,city,MS
6f9e4a6,2025-09-29,3500.0,city,SS
6f9e4a6,2025-09-29,3500.0,city,SS
6f9e4a6,2025-09-30,500.0,city,PL
6f9e4a6,2025-10-01,15.0,city,SG
6f9e4a6,2025-10-04,10.0,city,NR
6f9e4a6,2025-10-08,15.0,city,SG
6f9e4a6,2025-10-17,50.0,city,AB
6f9e4a6,2025-10-22,50.0,city,LB
6f9e4a6,2025-10-29,3500.0,both,DK
6f9e4a6,2025-10-29,3500.0,both,DK
6f9e4a6,2025-10-31,15.0,city,SG
6f9e4a6,2025-11-02,100.0,city,AB
6f9e4a6,2025-11-04,10.0,city,NR
6f9e4a6,2025-11-17,10.0,city,NR
6f9e4a6,2025-11-18,50.0,city,KH
6f9e4a6,2025-11-18,10.0,city,NR
6f9e4a6,2025-11-20,1000.0,city,JB
6f9e4a6,2025-11-21,3500.0,city,GF
6f9e4a6,2025-11-21,3500.0,city,GF
6f9e4a6,2025-11-22,100.0,city,AB
6f9e4a6,2025-11-22,50.0,city,LB
6f9e4a6,2025-11-22,250.0,city,MF
6f9e4a6,2025-11-25,500.0,city,JB
6f9e4a6,2025-11-28,100.0,city,AB
6f9e4a6,2025-12-03,50.0,city,AB
6f9e4a6,2025-12-04,100.0,city,MF
6f9e4a6,2025-12-04,10.0,city,NR
6f9e4a6,2025-12-16,400.0,city,BG
6f9e4a6,2025-12-22,50.0,city,LB
6f9e4a6,2025-12-29,250.0,city,AB
6f9e4a6,2025-12-31,500.0,city,MS
6f9e4a6,2025-12-31,3000.0,city,RH
6f9e4a6,2026-01-02,15.0,city,SK
6f9e4a6,2026-01-04,10.0,city,NR
6f9e4a6,2026-01-04,13.5,city,SJ
6f9e4a6,2026-01-06,50.0,city,PB
6f9e4a6,2026-01-06,25.0,city,RD
6f9e4a6,2026-01-07,1000.0,city,DA
6f9e4a6,2026-01-08,27.0,city,SJ
6f9e4a6,2026-01-09,250.0,city,CC
6f9e4a6,2026-01-12,12.5,city,NR
6f9e4a6,2026-01-12,7.5,city,SK
6f9e4a6,2026-01-15,2500.0,city,KJ
6f9e4a6,2026-01-16,10.0,city,DS
6f9e4a6,2026-01-22,50.0,city,LB
6f9e4a6,2026-01-24,50.0,city,MF
6f9e4a6,2026-01-26,15.0,city,SG
6f9e4a6,2026-01-27,1000.0,city,JB
6f9e4a6,2026-01-28,100.0,city,CC
6f9e4a6,2026-01-29,15.0,city,SG
6f9e4a6,2026-01-30,15.0,city,MH
6f9e4a6,2026-01-30,25.0,city,SJ
6f9e4a6,2026-02-02,15.0,city,SK
6f9e4a6,2026-02-04,10.0,city,NR
6f9e4a6,2026-02-04,50.0,city,PB
6f9e4a6,2026-02-06,25.0,city,RD
6f9e4a6,2026-02-09,100.0,city,MF
6f9e4a6,2026-02-10,25.0,city,DS
6f9e4a6,2026-02-12,7.5,city,SK
6f9e4a6,2026-02-22,50.0,city,LB
6f9e4a6,2026-02-22,3335.0,city,MH
6f9e4a6,2026-02-22,165.0,city,MH
6f9e4a6,2026-02-28,15.0,city,MH
6f9e4a6,2026-02-28,15.0,city,SG
6f9e4a6,2026-03-02,15.0,city,SK
6f9e4a6,2026-03-04,10.0,city,NR
6f9e4a6,2026-03-06,25.0,city,RD
6f9e4a6,2026-03-07,1000.0,city,MS
6f9e4a6,2026-03-08,100.0,city,CC
6f9e4a6,2026-03-12,27.0,city,SJ
6f9e4a6,2026-03-12,7.5,city,SK
6f9e4a6,2026-03-13,50.0,city,AB
6f9e4a6,2026-03-20,250.0,city,CL
6f9e4a6,2026-03-22,50.0,city,LB
6f9e4a6,2026-03-26,500.0,city,PL
6f9e4a6,2026-03-27,50.0,city,LB
6f9e4a6,2026-03-27,27.0,city,SJ
6f9e4a6,2026-03-29,15.0,city,SG
6f9e4a6,2026-03-30,15.0,city,MH
6f9e4a6,2026-04-02,50.0,city,AB
6f9e4a6,2026-04-02,15.0,city,SK
6f9e4a6,2026-04-04,10.0,city,NR
6f9e4a6,2026-04-06,25.0,city,RD
6f9e4a6,2026-04-07,100.0,city,MF
6f9e4a6,2026-04-08,5.0,city,MB
6f9e4a6,2026-04-12,7.5,city,SK
6f9e4a6,2026-04-19,5.0,city,NR
6f9e4a6,2026-04-22,50.0,city,LB
6f9e4a6,2026-04-22,6.0,city,MB
6f9e4a6,2026-04-29,15.0,city,SG
6f9e4a6,2026-04-30,15.0,city,MH
6f9e4a6,2026-05-01,500.0,city,MF
6f9e4a6,2026-05-01,250.0,city,PL
6f9e4a6,2026-05-02,15.0,city,SK
6f9e4a6,2026-05-02,5.0,city,SK
6f9e4a6,2026-05-04,1.0,city,LB
6f9e4a6,2026-05-04,10.0,city,NR
6f9e4a6,2026-05-07,100.0,city,MF
6f9e4a6,2026-05-08,5.0,city,MB
6f9e4a6,2026-05-08,25.0,city,RD
6f9e4a6,2026-05-10,25.0,city,RD
6f9e4a6,2026-05-10,3.0,city,SK
6f9e4a6,2026-05-12,25.0,city,AB
6f9e4a6,2026-05-12,7.5,city,SK
6f9e4a6,2026-05-19,25.0,city,KH
6f9e4a6,2026-05-21,100.0,city,AL
6f9e4a6,2026-05-22,50.0,city,LB
6f9e4a6,2026-05-22,6.0,city,MB
6f9e4a6,2026-05-26,10.0,city,AB
6f9e4a6,2026-05-28,3305.0,city,BG
6f9e4a6,2026-05-30,15.0,city,MH
6f9e4a6,2026-05-30,27.0,city,SJ
6f9e4a6,2026-05-31,15.0,city,SG
6f9e4a6,2026-06-01,1000.0,city,MS
6f9e4a6,2026-06-01,500.0,city,RH
6f9e4a6,2026-06-01,500.0,city,RH
6f9e4a6,2026-06-02,50.0,city,GZ
6f9e4a6,2026-06-02,15.0,city,SK
6f9e4a6,2026-06-02,5.0,city,SK
6f9e4a6,2026-06-04,10.0,city,NR
6f9e4a6,2026-06-06,25.0,city,RD
6f9e4a6,2026-06-07,100.0,city,MF
6f9e4a6,2026-06-08,5.0,city,MB
6f9e4a6,2026-06-12,7.5,city,SK
6f9e4a6,2026-06-19,100.0,city,KD
6f9e4a6,2026-06-22,50.0,city,LB
6f9e4a6,2026-06-22,6.0,city,MB
6f9e4a6,2026-06-25,500.0,city,JB
6f9e4a6,2026-06-26,1000.0,city,DA
6f9e4a6,2026-06-30,15.0,city,MH
70c9f30,2025-08-10,62.0,city,LH
70c9f30,2025-09-03,70.0,city,BR
70c9f30,2025-09-06,5.0,city,LE
70c9f30,2025-09-10,62.0,city,LH
70c9f30,2025-09-22,500.0,city,FF
70c9f30,2025-10-06,5.0,city,LE
70c9f30,2025-10-10,62.0,city,LH
70c9f30,2025-11-06,5.0,city,LE
70c9f30,2025-11-10,62.0,city,LH
70c9f30,2025-11-11,15.0,city,BG
70c9f30,2025-12-06,5.0,city,LE
70c9f30,2025-12-10,62.0,city,LH
70c9f30,2026-01-06,5.0,city,LE
70c9f30,2026-01-10,62.0,city,LH
70c9f30,2026-02-03,200.0,city,EG
70c9f30,2026-02-06,5.0,city,LE
70c9f30,2026-02-10,62.0,city,LH
70c9f30,2026-03-06,5.0,city,LE
70c9f30,2026-03-10,62.0,city,LH
70c9f30,2026-04-10,62.0,city,LH
70c9f30,2026-05-10,62.0,city,LH
70c9f30,2026-05-28,30.0,city,WW
70c9f30,2026-06-20,20.0,city,WW
718913a,2026-04-14,500.0,city,AB
718913a,2026-05-10,150.0,city,AB
71d4782,2026-02-12,100.0,city,MP
71d4782,2026-02-22,250.0,city,RB
71d4782,2026-03-15,7000.0,city,PM
71d4782,2026-04-21,250.0,city,LP
71d4782,2026-05-08,100.0,city,CK
71d4782,2026-05-08,100.0,city,CK
71d4782,2026-05-08,100.0,city,CK
71d4782,2026-05-08,100.0,city,CK
71d4782,2026-05-11,250.0,both,JV
71d4782,2026-05-13,50.0,city,MP
71d4782,2026-05-13,250.0,city,RM
71d4782,2026-05-14,25.0,city,LP
71d4782,2026-05-15,250.0,city,IP
71d4782,2026-05-19,250.0,city,RM
7245740,2025-10-26,500.0,city,HF
7245740,2026-03-31,100.0,city,HF
7245740,2026-05-27,100.0,city,JB
7245740,2026-06-13,100.0,city,JB
728ffe1,2026-04-03,250.0,city,MA
728ffe1,2026-04-05,250.0,city,DK
730a782,2025-09-24,1000.0,city,AW
730a782,2025-11-25,500.0,city,JB
730a782,2026-02-15,250.0,city,PW
730a782,2026-02-24,500.0,city,JB
730a782,2026-03-06,100.0,city,SC
730a782,2026-03-15,250.0,city,PW
730a782,2026-03-31,250.0,city,JB
730a782,2026-04-01,100.0,city,KV
730a782,2026-04-30,500.0,city,PW
730a782,2026-06-06,250.0,city,PW
730a782,2026-06-29,1000.0,city,AW
7390c16,2025-08-31,3500.0,city,SS
7390c16,2025-12-30,250.0,city,DA
763858b,2025-08-19,7000.0,city,ZP
766a3dd,2025-09-11,100.0,city,HF
766a3dd,2025-09-27,400.0,city,HF
767489b,2025-08-12,500.0,city,SS
76a58f7,2025-10-05,100.0,city,RT
76a58f7,2025-10-08,100.0,city,RT
76a58f7,2025-12-06,50.0,city,RT
76a58f7,2026-01-05,50.0,city,KS
76a58f7,2026-02-05,50.0,city,KS
76a58f7,2026-03-05,50.0,city,KS
76a58f7,2026-03-14,250.0,city,PH
76a58f7,2026-04-05,50.0,city,KS
76a58f7,2026-04-20,15.0,city,HS
76a58f7,2026-04-27,15.0,city,HS
76a58f7,2026-04-30,250.0,city,AL
76a58f7,2026-05-04,15.0,city,HS
76a58f7,2026-05-05,50.0,city,KS
76a58f7,2026-05-11,15.0,city,HS
76a58f7,2026-05-18,15.0,city,HS
76a58f7,2026-05-23,20.0,city,JR
76a58f7,2026-05-27,25.0,city,JR
76a58f7,2026-05-27,20.0,city,JR
76a58f7,2026-06-01,15.0,city,HS
76a58f7,2026-06-02,15.0,city,JR
76dd80e,2025-12-05,250.0,city,HA
76dd80e,2026-01-22,250.0,city,HS
76dd80e,2026-06-19,500.0,city,HA
76dd80e,2026-06-28,250.0,city,HN
771d48b,2025-09-10,1000.0,city,JS
771d48b,2025-11-10,250.0,city,KA
771d48b,2025-11-10,500.0,city,PK
78b25a6,2025-08-20,25.0,city,RT
78b25a6,2025-08-21,500.0,city,JM
78b25a6,2025-10-02,25.0,city,KB
78b25a6,2025-10-24,100.0,city,RK
78b25a6,2025-11-02,25.0,city,KB
78b25a6,2025-11-21,100.0,city,MS
78b25a6,2025-11-28,500.0,city,BC
78b25a6,2025-12-02,25.0,city,KB
78b25a6,2025-12-31,100.0,city,MS
78b25a6,2026-01-20,25.0,city,KS
78b25a6,2026-02-02,25.0,city,KB
78b25a6,2026-02-04,100.0,city,AJ
78b25a6,2026-02-04,250.0,city,JB
78b25a6,2026-02-09,250.0,city,NJ
78b25a6,2026-02-13,100.0,city,MS
78b25a6,2026-02-20,25.0,city,KS
78b25a6,2026-02-27,50.0,city,RK
78b25a6,2026-02-28,100.0,city,JB
78b25a6,2026-03-02,25.0,city,KB
78b25a6,2026-03-05,500.0,city,AD
78b25a6,2026-03-10,100.0,city,AJ
78b25a6,2026-03-12,1000.0,city,BC
78b25a6,2026-03-20,25.0,city,KS
78b25a6,2026-03-21,3500.0,city,CB
78b25a6,2026-03-22,3500.0,city,JS
78b25a6,2026-03-24,1000.0,city,JB
78b25a6,2026-03-24,50.0,city,RK
78b25a6,2026-03-29,3500.0,city,DT
78b25a6,2026-03-29,3500.0,city,DT
78b25a6,2026-03-29,3500.0,city,DZ
78b25a6,2026-03-29,3500.0,city,DZ
78b25a6,2026-03-30,100.0,city,JL
78b25a6,2026-03-31,50.0,city,RK
78b25a6,2026-04-01,100.0,city,FB
78b25a6,2026-04-06,1000.0,city,AL
78b25a6,2026-04-08,100.0,city,JS
78b25a6,2026-04-16,250.0,ucb,LN
78b25a6,2026-04-20,25.0,city,KS
78b25a6,2026-04-23,1000.0,city,JW
78b25a6,2026-04-24,35.0,city,AD
78b25a6,2026-04-29,25.0,city,SM
78b25a6,2026-04-30,50.0,city,RK
78b25a6,2026-05-02,100.0,city,JB
78b25a6,2026-05-03,50.0,city,SM
78b25a6,2026-05-05,250.0,city,NG
78b25a6,2026-05-06,50.0,city,SM
78b25a6,2026-05-14,50.0,city,SM
78b25a6,2026-05-15,100.0,city,AJ
78b25a6,2026-05-19,50.0,city,HW
78b25a6,2026-05-19,25.0,city,SM
78b25a6,2026-05-20,25.0,city,KS
78b25a6,2026-05-27,25.0,city,JS
78b25a6,2026-05-29,100.0,city,JS
78b25a6,2026-06-02,50.0,city,HW
78b25a6,2026-06-03,3500.0,city,BW
78b25a6,2026-06-03,3500.0,city,BW
78b25a6,2026-06-05,25.0,city,SM
78b25a6,2026-06-07,3500.0,city,CZ
78b25a6,2026-06-07,3500.0,city,CZ
78b25a6,2026-06-07,25.0,city,SM
78b25a6,2026-06-09,25.0,city,AD
78b25a6,2026-06-20,25.0,city,KS
78b25a6,2026-06-29,100.0,city,FB
78be989,2025-12-31,3300.0,city,CH
78be989,2026-01-13,3500.0,city,LN
78ce990,2025-10-04,3500.0,city,BC
78ce990,2026-01-25,3500.0,city,BC
78ce990,2026-02-17,50.0,city,JA
78ce990,2026-03-19,300.0,city,JA
78ce990,2026-04-27,1000.0,ucb,RK
78ce990,2026-05-24,500.0,ucb,RK
7a1d0e4,2026-04-26,3500.0,city,SS
7d5a4de,2025-11-25,500.0,city,CM
7d5a4de,2026-04-21,500.0,city,JB
7d5a4de,2026-06-07,500.0,city,CM
7d85745,2025-08-26,250.0,city,JB
7d85745,2026-02-24,250.0,city,JB
7dca240,2026-04-11,2500.0,city,BE
7ec3544,2025-09-14,250.0,city,GG
7ec3544,2025-10-23,200.0,city,AB
7ec3544,2026-03-14,300.0,city,AB
7ec3544,2026-04-07,25.0,city,LW
7ec3544,2026-05-04,250.0,ucb,GL
7ec3544,2026-05-07,25.0,city,LW
7ec3544,2026-05-11,9.0,city,AB
7ec3544,2026-06-07,25.0,city,LW
7f92421,2026-06-18,3500.0,city,AB
7f92421,2026-06-18,3500.0,city,BW
7f92421,2026-06-18,3500.0,city,TL
7f92421,2026-06-23,3500.0,city,EA
7f92421,2026-06-23,3500.0,city,EL
7f92421,2026-06-23,3500.0,city,SV
7f92421,2026-06-23,3500.0,ucb,MC
7f92421,2026-06-23,3500.0,ucb,MC
7f92d86,2026-05-14,5.0,city,AD
7fa345a,2026-01-08,50.0,city,CB
7fa345a,2026-02-08,50.0,city,CB
7fa345a,2026-02-21,50.0,city,AB
7fa345a,2026-03-04,100.0,city,AB
7fa345a,2026-03-06,200.0,city,TM
7fa345a,2026-03-08,50.0,city,CB
7fa345a,2026-03-27,100.0,city,AB
7fa345a,2026-03-31,25.0,city,TM
7fa345a,2026-04-03,250.0,city,RD
7fa345a,2026-04-08,50.0,city,CB
7fa345a,2026-05-08,50.0,city,CB
7fa345a,2026-06-08,50.0,city,CB
7fa345a,2026-06-09,100.0,city,TM
7fccaf8,2025-08-01,30.0,both,PV
7fccaf8,2025-08-03,20.0,ucb,AR
7fccaf8,2025-08-03,25.0,ucb,JP
7fccaf8,2025-08-03,25.0,ucb,KH
7fccaf8,2025-08-05,18.0,both,DB
7fccaf8,2025-08-09,75.0,ucb,MG
7fccaf8,2025-08-10,9.0,both,DB
7fccaf8,2025-08-11,25.0,city,RB
7fccaf8,2025-08-11,100.0,city,SR
7fccaf8,2025-08-12,25.0,city,MS
7fccaf8,2025-08-13,10.0,city,RJ
7fccaf8,2025-08-13,50.0,city,SR
7fccaf8,2025-08-13,25.0,city,WJ
7fccaf8,2025-08-14,20.0,city,BC
7fccaf8,2025-08-14,3.0,city,RE
7fccaf8,2025-08-15,25.0,city,AW
7fccaf8,2025-08-15,20.0,city,LM
7fccaf8,2025-08-15,100.0,city,RA
7fccaf8,2025-08-16,47.0,city,BW
7fccaf8,2025-08-16,3.0,city,DM
7fccaf8,2025-08-16,3.0,city,GW
7fccaf8,2025-08-16,15.0,city,SC
7fccaf8,2025-08-17,20.0,both,HL
7fccaf8,2025-08-17,8.0,city,SR
7fccaf8,2025-08-17,30.0,city,ZK
7fccaf8,2025-08-18,50.0,city,FS
7fccaf8,2025-08-18,10.0,city,MP
7fccaf8,2025-08-18,20.0,city,MS
7fccaf8,2025-08-18,26.0,city,RR
7fccaf8,2025-08-19,18.0,both,DB
7fccaf8,2025-08-19,30.0,city,JS
7fccaf8,2025-08-19,25.0,city,LG
7fccaf8,2025-08-19,20.0,city,MK
7fccaf8,2025-08-19,8.0,city,RE
7fccaf8,2025-08-20,10.0,city,MS
7fccaf8,2025-08-20,25.0,city,MS
7fccaf8,2025-08-20,2.5,city,RE
7fccaf8,2025-08-21,50.0,city,HW
7fccaf8,2025-08-21,20.0,city,PW
7fccaf8,2025-08-22,50.0,city,CC
7fccaf8,2025-08-22,10.0,city,DO
7fccaf8,2025-08-22,27.0,city,RR
7fccaf8,2025-08-22,25.0,city,WL
7fccaf8,2025-08-24,50.0,city,EL
7fccaf8,2025-08-24,50.0,city,KR
7fccaf8,2025-08-24,100.0,city,SR
7fccaf8,2025-08-25,50.0,city,GB
7fccaf8,2025-08-25,50.0,city,KS
7fccaf8,2025-08-26,15.0,city,DO
7fccaf8,2025-08-26,10.0,ucb,MN
7fccaf8,2025-08-27,27.0,city,BC
7fccaf8,2025-08-27,50.0,city,JP
7fccaf8,2025-08-27,25.0,city,RB
7fccaf8,2025-08-27,3.0,city,RE
7fccaf8,2025-08-28,10.0,city,FB
7fccaf8,2025-08-28,25.0,city,LW
7fccaf8,2025-08-28,27.0,city,MF
7fccaf8,2025-08-28,27.0,city,SM
7fccaf8,2025-08-29,27.0,city,AH
7fccaf8,2025-08-29,20.0,city,BC
7fccaf8,2025-08-29,10.0,city,MS
7fccaf8,2025-08-29,25.0,city,SB
7fccaf8,2025-08-30,25.0,city,AO
7fccaf8,2025-08-30,25.0,city,CA
7fccaf8,2025-08-30,27.0,city,LO
7fccaf8,2025-08-30,20.0,ucb,KH
7fccaf8,2025-08-31,5.0,city,BC
7fccaf8,2025-08-31,10.0,city,BC
7fccaf8,2025-08-31,15.0,city,WW
7fccaf8,2025-09-01,30.0,both,PV
7fccaf8,2025-09-01,10.0,city,MS
7fccaf8,2025-09-01,50.0,city,RJ
7fccaf8,2025-09-01,50.0,city,SL
7fccaf8,2025-09-02,15.0,city,AH
7fccaf8,2025-09-02,5.0,city,BC
7fccaf8,2025-09-02,20.0,city,BC
7fccaf8,2025-09-02,5.0,city,MK
7fccaf8,2025-09-03,25.0,city,DM
7fccaf8,2025-09-03,50.0,city,JC
7fccaf8,2025-09-03,50.0,city,RD
7fccaf8,2025-09-03,25.0,ucb,JP
7fccaf8,2025-09-03,25.0,ucb,KH
7fccaf8,2025-09-04,27.0,city,DM
7fccaf8,2025-09-04,50.0,city,JP
7fccaf8,2025-09-04,50.0,city,JP
7fccaf8,2025-09-04,50.0,city,LW
7fccaf8,2025-09-05,18.0,both,DB
7fccaf8,2025-09-05,5.0,city,BC
7fccaf8,2025-09-05,50.0,city,DB
7fccaf8,2025-09-05,25.0,city,JF
7fccaf8,2025-09-06,250.0,city,RT
7fccaf8,2025-09-07,27.0,city,KP
7fccaf8,2025-09-08,14.0,city,MP
7fccaf8,2025-09-08,20.0,city,OD
7fccaf8,2025-09-09,49.12,both,HL
7fccaf8,2025-09-09,75.0,ucb,MG
7fccaf8,2025-09-10,9.0,both,DB
7fccaf8,2025-09-11,25.0,city,RB
7fccaf8,2025-09-12,25.0,city,MS
7fccaf8,2025-09-12,250.0,city,RT
7fccaf8,2025-09-13,10.0,city,RJ
7fccaf8,2025-09-13,50.0,city,SR
7fccaf8,2025-09-13,25.0,city,WJ
7fccaf8,2025-09-15,25.0,city,AW
7fccaf8,2025-09-15,20.0,city,LM
7fccaf8,2025-09-15,100.0,city,RA
7fccaf8,2025-09-16,47.0,city,BW
7fccaf8,2025-09-16,3.0,city,DM
7fccaf8,2025-09-16,3.0,city,GW
7fccaf8,2025-09-16,5.0,city,MS
7fccaf8,2025-09-16,15.0,city,SC
7fccaf8,2025-09-17,20.0,both,HL
7fccaf8,2025-09-17,8.0,city,SR
7fccaf8,2025-09-17,30.0,city,ZK
7fccaf8,2025-09-18,50.0,city,FS
7fccaf8,2025-09-18,20.0,city,MS
7fccaf8,2025-09-18,26.0,city,RR
7fccaf8,2025-09-19,18.0,both,DB
7fccaf8,2025-09-19,30.0,city,JS
7fccaf8,2025-09-19,20.0,city,MK
7fccaf8,2025-09-19,8.0,city,RE
7fccaf8,2025-09-20,25.0,city,MS
7fccaf8,2025-09-21,50.0,city,HW
7fccaf8,2025-09-21,20.0,city,PW
7fccaf8,2025-09-22,50.0,city,CC
7fccaf8,2025-09-22,27.0,city,RR
7fccaf8,2025-09-22,25.0,city,WL
7fccaf8,2025-09-23,28.0,city,MP
7fccaf8,2025-09-24,50.0,city,EL
7fccaf8,2025-09-24,50.0,city,KR
7fccaf8,2025-09-24,100.0,city,SR
7fccaf8,2025-09-25,50.0,city,GB
7fccaf8,2025-09-25,50.0,city,KS
7fccaf8,2025-09-26,1000.0,city,RD
7fccaf8,2025-09-26,1000.0,city,RD
7fccaf8,2025-09-26,10.0,ucb,MN
7fccaf8,2025-09-27,50.0,city,JP
7fccaf8,2025-09-27,5.0,city,MP
7fccaf8,2025-09-27,25.0,city,RB
7fccaf8,2025-09-28,10.0,city,FB
7fccaf8,2025-09-28,27.0,city,MF
7fccaf8,2025-09-28,27.0,city,SM
7fccaf8,2025-09-29,27.0,city,AH
7fccaf8,2025-09-29,20.0,city,BC
7fccaf8,2025-09-29,25.0,city,SB
7fccaf8,2025-09-30,25.0,city,AO
7fccaf8,2025-09-30,5.0,city,BC
7fccaf8,2025-09-30,10.0,city,BC
7fccaf8,2025-09-30,25.0,city,CA
7fccaf8,2025-09-30,27.0,city,LO
7fccaf8,2025-09-30,500.0,city,MR
7fccaf8,2025-09-30,5.0,city,PW
7fccaf8,2025-09-30,25.0,city,RJ
7fccaf8,2025-09-30,15.0,city,WW
7fccaf8,2025-09-30,20.0,ucb,KH
7fccaf8,2025-10-01,30.0,both,PV
7fccaf8,2025-10-01,20.0,city,GF
7fccaf8,2025-10-01,50.0,city,SL
7fccaf8,2025-10-02,15.0,city,AH
7fccaf8,2025-10-02,20.0,city,BC
7fccaf8,2025-10-02,5.0,city,BC
7fccaf8,2025-10-02,10.0,city,BE
7fccaf8,2025-10-02,3.0,city,LG
7fccaf8,2025-10-02,5.0,city,MK
7fccaf8,2025-10-02,5.0,city,MS
7fccaf8,2025-10-03,25.0,city,DM
7fccaf8,2025-10-03,20.0,city,GY
7fccaf8,2025-10-03,50.0,city,JC
7fccaf8,2025-10-03,100.0,city,KG
7fccaf8,2025-10-03,100.0,city,MH
7fccaf8,2025-10-03,10.0,city,MT
7fccaf8,2025-10-03,50.0,city,RD
7fccaf8,2025-10-03,25.0,ucb,JP
7fccaf8,2025-10-04,27.0,city,DM
7fccaf8,2025-10-04,50.0,city,JP
7fccaf8,2025-10-04,50.0,city,JP
7fccaf8,2025-10-04,27.0,city,LS
7fccaf8,2025-10-04,50.0,city,LW
7fccaf8,2025-10-05,18.0,both,DB
7fccaf8,2025-10-05,5.0,city,BC
7fccaf8,2025-10-05,50.0,city,DB
7fccaf8,2025-10-05,25.0,city,JF
7fccaf8,2025-10-06,5.0,city,MS
7fccaf8,2025-10-06,250.0,city,RT
7fccaf8,2025-10-06,20.0,city,TL
7fccaf8,2025-10-07,25.0,city,HN
7fccaf8,2025-10-07,27.0,city,KP
7fccaf8,2025-10-07,25.0,city,SB
7fccaf8,2025-10-08,10.0,city,HH
7fccaf8,2025-10-08,20.0,city,OD
7fccaf8,2025-10-09,25.0,city,HS
7fccaf8,2025-10-09,75.0,ucb,MG
7fccaf8,2025-10-10,9.0,both,DB
7fccaf8,2025-10-10,5.0,city,CF
7fccaf8,2025-10-10,50.0,city,GG
7fccaf8,2025-10-10,15.0,city,JS
7fccaf8,2025-10-11,5.0,city,LG
7fccaf8,2025-10-11,25.0,city,RB
7fccaf8,2025-10-12,10.0,city,JP
7fccaf8,2025-10-12,25.0,city,MS
7fccaf8,2025-10-12,20.0,city,RH
7fccaf8,2025-10-13,10.0,city,RJ
7fccaf8,2025-10-13,50.0,city,SR
7fccaf8,2025-10-13,25.0,city,WJ
7fccaf8,2025-10-14,25.0,city,JS
7fccaf8,2025-10-14,27.0,city,RR
7fccaf8,2025-10-15,25.0,city,AW
7fccaf8,2025-10-15,50.0,city,LG
7fccaf8,2025-10-15,20.0,city,LM
7fccaf8,2025-10-15,100.0,city,RA
7fccaf8,2025-10-15,25.0,city,VO
7fccaf8,2025-10-16,20.0,city,AM
7fccaf8,2025-10-16,47.0,city,BW
7fccaf8,2025-10-16,3.0,city,DM
7fccaf8,2025-10-16,3.0,city,GW
7fccaf8,2025-10-16,10.0,city,MS
7fccaf8,2025-10-16,15.0,city,SC
7fccaf8,2025-10-17,20.0,both,HL
7fccaf8,2025-10-17,20.0,city,CF
7fccaf8,2025-10-17,10.0,city,CF
7fccaf8,2025-10-17,25.0,city,GM
7fccaf8,2025-10-17,8.0,city,SR
7fccaf8,2025-10-17,30.0,city,ZK
7fccaf8,2025-10-18,15.0,city,EK
7fccaf8,2025-10-18,50.0,city,FS
7fccaf8,2025-10-18,15.0,city,JC
7fccaf8,2025-10-18,6.0,city,KV
7fccaf8,2025-10-18,20.0,city,MS
7fccaf8,2025-10-18,26.0,city,RR
7fccaf8,2025-10-19,18.0,both,DB
7fccaf8,2025-10-19,30.0,city,JS
7fccaf8,2025-10-19,20.0,city,MK
7fccaf8,2025-10-19,8.0,city,RE
7fccaf8,2025-10-19,10.0,city,WM
7fccaf8,2025-10-20,10.0,city,DG
7fccaf8,2025-10-20,25.0,city,MS
7fccaf8,2025-10-21,50.0,city,HW
7fccaf8,2025-10-21,50.0,city,LB
7fccaf8,2025-10-21,50.0,city,LW
7fccaf8,2025-10-21,20.0,city,PW
7fccaf8,2025-10-22,50.0,city,BE
7fccaf8,2025-10-22,50.0,city,CC
7fccaf8,2025-10-22,10.0,city,LG
7fccaf8,2025-10-22,27.0,city,RR
7fccaf8,2025-10-22,25.0,city,WL
7fccaf8,2025-10-22,15.0,ucb,AW
7fccaf8,2025-10-22,10.0,ucb,AW
7fccaf8,2025-10-23,10.0,city,MS
7fccaf8,2025-10-23,15.0,city,RK
7fccaf8,2025-10-23,250.0,city,SM
7fccaf8,2025-10-24,50.0,city,EL
7fccaf8,2025-10-24,50.0,city,KR
7fccaf8,2025-10-25,50.0,city,GB
7fccaf8,2025-10-25,5.0,city,LG
7fccaf8,2025-10-25,10.0,city,MC
7fccaf8,2025-10-25,15.0,city,RA
7fccaf8,2025-10-26,10.0,city,AB
7fccaf8,2025-10-26,500.0,city,HC
7fccaf8,2025-10-26,10.0,city,HC
7fccaf8,2025-10-26,10.0,ucb,MN
7fccaf8,2025-10-27,50.0,both,EH
7fccaf8,2025-10-27,50.0,city,KS
7fccaf8,2025-10-27,25.0,city,RB
7fccaf8,2025-10-27,27.0,ucb,AW
7fccaf8,2025-10-28,124.37,both,WT
7fccaf8,2025-10-28,10.0,city,FB
7fccaf8,2025-10-28,27.0,city,MF
7fccaf8,2025-10-28,14.0,city,MP
7fccaf8,2025-10-28,5.0,city,MS
7fccaf8,2025-10-28,27.0,city,SM
7fccaf8,2025-10-29,27.0,city,AH
7fccaf8,2025-10-29,20.0,city,BC
7fccaf8,2025-10-29,25.0,city,SB
7fccaf8,2025-10-30,25.0,city,AO
7fccaf8,2025-10-30,25.0,city,CA
7fccaf8,2025-10-30,5.0,city,CF
7fccaf8,2025-10-30,27.0,city,LO
7fccaf8,2025-10-30,10.0,city,MT
7fccaf8,2025-10-31,5.0,city,BC
7fccaf8,2025-10-31,10.0,city,BC
7fccaf8,2025-10-31,10.0,city,BE
7fccaf8,2025-10-31,20.0,city,LG
7fccaf8,2025-10-31,15.0,city,WW
7fccaf8,2025-11-01,30.0,both,PV
7fccaf8,2025-11-01,20.0,city,GF
7fccaf8,2025-11-01,50.0,city,SL
7fccaf8,2025-11-02,15.0,city,AH
7fccaf8,2025-11-02,5.0,city,BC
7fccaf8,2025-11-02,20.0,city,BC
7fccaf8,2025-11-02,3.0,city,LG
7fccaf8,2025-11-02,5.0,city,MK
7fccaf8,2025-11-03,25.0,city,DM
7fccaf8,2025-11-03,20.0,city,GY
7fccaf8,2025-11-03,50.0,city,JC
7fccaf8,2025-11-03,10.0,city,MT
7fccaf8,2025-11-03,50.0,city,RD
7fccaf8,2025-11-03,25.0,city,RJ
7fccaf8,2025-11-03,25.0,ucb,JP
7fccaf8,2025-11-04,27.0,city,DM
7fccaf8,2025-11-04,50.0,city,JP
7fccaf8,2025-11-04,50.0,city,JP
7fccaf8,2025-11-04,27.0,city,LS
7fccaf8,2025-11-04,50.0,city,LW
7fccaf8,2025-11-05,5.0,city,BC
7fccaf8,2025-11-05,50.0,city,DB
7fccaf8,2025-11-05,25.0,city,JF
7fccaf8,2025-11-06,50.0,city,KS
7fccaf8,2025-11-06,250.0,city,RT
7fccaf8,2025-11-06,20.0,city,TL
7fccaf8,2025-11-07,27.0,city,AW
7fccaf8,2025-11-07,50.0,city,AW
7fccaf8,2025-11-07,25.0,city,HN
7fccaf8,2025-11-07,27.0,city,KP
7fccaf8,2025-11-07,15.0,city,MS
7fccaf8,2025-11-07,25.0,city,SB
7fccaf8,2025-11-08,20.0,city,OD
7fccaf8,2025-11-09,18.0,both,DB
7fccaf8,2025-11-09,25.0,city,HS
7fccaf8,2025-11-09,75.0,ucb,MG
7fccaf8,2025-11-10,9.0,both,DB
7fccaf8,2025-11-10,5.0,city,CF
7fccaf8,2025-11-10,15.0,city,JS
7fccaf8,2025-11-11,25.0,city,AW
7fccaf8,2025-11-11,5.0,city,LG
7fccaf8,2025-11-11,25.0,city,RB
7fccaf8,2025-11-12,10.0,city,JP
7fccaf8,2025-11-12,28.0,city,MP
7fccaf8,2025-11-12,25.0,city,MS
7fccaf8,2025-11-12,58.37,city,PH
7fccaf8,2025-11-12,20.0,city,RH
7fccaf8,2025-11-13,10.0,city,MS
7fccaf8,2025-11-13,10.0,city,RJ
7fccaf8,2025-11-13,50.0,city,SR
7fccaf8,2025-11-13,25.0,city,WJ
7fccaf8,2025-11-14,25.0,city,JS
7fccaf8,2025-11-15,25.0,city,AW
7fccaf8,2025-11-15,20.0,city,LM
7fccaf8,2025-11-15,100.0,city,RA
7fccaf8,2025-11-15,25.0,city,VO
7fccaf8,2025-11-16,20.0,city,AM
7fccaf8,2025-11-16,3.0,city,DM
7fccaf8,2025-11-16,3.0,city,GW
7fccaf8,2025-11-16,15.0,city,SC
7fccaf8,2025-11-17,20.0,both,HL
7fccaf8,2025-11-17,10.0,city,CF
7fccaf8,2025-11-17,25.0,city,GM
7fccaf8,2025-11-17,30.0,city,ZK
7fccaf8,2025-11-18,15.0,city,EK
7fccaf8,2025-11-18,50.0,city,FS
7fccaf8,2025-11-18,15.0,city,JC
7fccaf8,2025-11-18,6.0,city,KV
7fccaf8,2025-11-18,20.0,city,MS
7fccaf8,2025-11-18,26.0,city,RR
7fccaf8,2025-11-19,18.0,both,DB
7fccaf8,2025-11-19,30.0,city,JS
7fccaf8,2025-11-19,10.0,city,MS
7fccaf8,2025-11-19,8.0,city,SR
7fccaf8,2025-11-19,10.0,city,WM
7fccaf8,2025-11-20,10.0,city,DG
7fccaf8,2025-11-20,25.0,city,MS
7fccaf8,2025-11-21,50.0,city,LB
7fccaf8,2025-11-21,20.0,city,MK
7fccaf8,2025-11-21,20.0,city,PW
7fccaf8,2025-11-22,50.0,city,BE
7fccaf8,2025-11-22,50.0,city,CC
7fccaf8,2025-11-22,27.0,city,RR
7fccaf8,2025-11-22,25.0,city,WL
7fccaf8,2025-11-22,50.0,city,WM
7fccaf8,2025-11-22,10.0,ucb,AW
7fccaf8,2025-11-23,15.0,city,RK
7fccaf8,2025-11-23,50.0,city,SR
7fccaf8,2025-11-24,30.0,city,CF
7fccaf8,2025-11-24,50.0,city,EL
7fccaf8,2025-11-24,50.0,city,KR
7fccaf8,2025-11-25,50.0,city,GB
7fccaf8,2025-11-25,5.0,city,LG
7fccaf8,2025-11-25,10.0,city,MC
7fccaf8,2025-11-26,10.0,city,AB
7fccaf8,2025-11-26,10.0,city,HC
7fccaf8,2025-11-26,10.0,ucb,MN
7fccaf8,2025-11-27,50.0,city,JP
7fccaf8,2025-11-27,25.0,city,RB
7fccaf8,2025-11-27,27.0,ucb,AW
7fccaf8,2025-11-28,10.0,city,FB
7fccaf8,2025-11-28,27.0,city,MF
7fccaf8,2025-11-28,27.0,city,SM
7fccaf8,2025-11-29,27.0,city,AH
7fccaf8,2025-11-29,20.0,city,BC
7fccaf8,2025-11-29,25.0,city,SB
7fccaf8,2025-11-30,25.0,city,AO
7fccaf8,2025-11-30,5.0,city,BC
7fccaf8,2025-11-30,10.0,city,BC
7fccaf8,2025-11-30,10.0,city,BE
7fccaf8,2025-11-30,25.0,city,CA
7fccaf8,2025-11-30,5.0,city,CF
7fccaf8,2025-11-30,27.0,city,LO
7fccaf8,2025-11-30,10.0,city,MS
7fccaf8,2025-11-30,10.0,city,MT
7fccaf8,2025-11-30,15.0,city,WW
7fccaf8,2025-12-01,30.0,both,PV
7fccaf8,2025-12-01,20.0,city,GF
7fccaf8,2025-12-01,50.0,city,SL
7fccaf8,2025-12-02,15.0,city,AH
7fccaf8,2025-12-02,20.0,city,BC
7fccaf8,2025-12-02,5.0,city,BC
7fccaf8,2025-12-02,3.0,city,LG
7fccaf8,2025-12-02,5.0,city,MK
7fccaf8,2025-12-02,10.0,city,RE
7fccaf8,2025-12-03,25.0,city,DM
7fccaf8,2025-12-03,20.0,city,GY
7fccaf8,2025-12-03,50.0,city,JC
7fccaf8,2025-12-03,10.0,city,MT
7fccaf8,2025-12-03,50.0,city,RD
7fccaf8,2025-12-03,25.0,ucb,JP
7fccaf8,2025-12-04,27.0,city,DM
7fccaf8,2025-12-04,50.0,city,JP
7fccaf8,2025-12-04,50.0,city,JP
7fccaf8,2025-12-04,27.0,city,LS
7fccaf8,2025-12-04,50.0,city,LW
7fccaf8,2025-12-04,7.5,city,MS
7fccaf8,2025-12-05,18.0,both,DB
7fccaf8,2025-12-05,5.0,city,BC
7fccaf8,2025-12-05,50.0,city,DB
7fccaf8,2025-12-06,250.0,city,RT
7fccaf8,2025-12-06,20.0,city,TL
7fccaf8,2025-12-07,25.0,city,HN
7fccaf8,2025-12-07,27.0,city,KP
7fccaf8,2025-12-07,25.0,city,SB
7fccaf8,2025-12-08,100.0,city,GG
7fccaf8,2025-12-08,20.0,city,OD
7fccaf8,2025-12-09,50.0,city,HS
7fccaf8,2025-12-09,75.0,ucb,MG
7fccaf8,2025-12-10,9.0,both,DB
7fccaf8,2025-12-10,5.0,city,CF
7fccaf8,2025-12-10,15.0,city,JS
7fccaf8,2025-12-11,25.0,city,AW
7fccaf8,2025-12-11,25.0,city,HS
7fccaf8,2025-12-11,5.0,city,LG
7fccaf8,2025-12-11,5.0,city,MS
7fccaf8,2025-12-11,25.0,city,RB
7fccaf8,2025-12-12,10.0,city,JP
7fccaf8,2025-12-12,25.0,city,MS
7fccaf8,2025-12-12,20.0,city,RH
7fccaf8,2025-12-13,10.0,city,RJ
7fccaf8,2025-12-13,50.0,city,SR
7fccaf8,2025-12-13,25.0,city,WJ
7fccaf8,2025-12-14,25.0,city,JS
7fccaf8,2025-12-15,25.0,city,AW
7fccaf8,2025-12-15,20.0,city,LM
7fccaf8,2025-12-15,100.0,city,RA
7fccaf8,2025-12-15,25.0,city,VO
7fccaf8,2025-12-16,20.0,city,AM
7fccaf8,2025-12-16,3.0,city,DM
7fccaf8,2025-12-16,3.0,city,GW
7fccaf8,2025-12-16,10.0,city,MS
7fccaf8,2025-12-16,15.0,city,SC
7fccaf8,2025-12-17,20.0,both,HL
7fccaf8,2025-12-17,20.0,city,CF
7fccaf8,2025-12-17,10.0,city,CF
7fccaf8,2025-12-17,5.0,city,CF
7fccaf8,2025-12-17,25.0,city,GM
7fccaf8,2025-12-17,30.0,city,HH
7fccaf8,2025-12-17,8.0,city,SR
7fccaf8,2025-12-17,30.0,city,ZK
7fccaf8,2025-12-18,15.0,city,EK
7fccaf8,2025-12-18,50.0,city,FS
7fccaf8,2025-12-18,15.0,city,JC
7fccaf8,2025-12-18,6.0,city,KV
7fccaf8,2025-12-18,25.0,city,MP
7fccaf8,2025-12-18,20.0,city,MS
7fccaf8,2025-12-18,26.0,city,RR
7fccaf8,2025-12-19,18.0,both,DB
7fccaf8,2025-12-19,30.0,city,JS
7fccaf8,2025-12-19,20.0,city,MK
7fccaf8,2025-12-19,10.0,city,WM
7fccaf8,2025-12-20,10.0,city,DG
7fccaf8,2025-12-20,25.0,city,MS
7fccaf8,2025-12-21,50.0,city,LB
7fccaf8,2025-12-21,20.0,city,PW
7fccaf8,2025-12-22,50.0,city,BE
7fccaf8,2025-12-22,50.0,city,CC
7fccaf8,2025-12-22,27.0,city,RR
7fccaf8,2025-12-22,25.0,city,WL
7fccaf8,2025-12-22,50.0,city,WM
7fccaf8,2025-12-22,10.0,ucb,AW
7fccaf8,2025-12-23,15.0,city,RK
7fccaf8,2025-12-24,50.0,city,EL
7fccaf8,2025-12-24,50.0,city,KR
7fccaf8,2025-12-24,100.0,city,SR
7fccaf8,2025-12-25,50.0,city,GB
7fccaf8,2025-12-25,5.0,city,LG
7fccaf8,2025-12-25,10.0,city,MC
7fccaf8,2025-12-25,100.0,city,SR
7fccaf8,2025-12-26,10.0,city,AB
7fccaf8,2025-12-26,10.0,city,HC
7fccaf8,2025-12-26,10.0,ucb,MN
7fccaf8,2025-12-27,50.0,city,JP
7fccaf8,2025-12-28,10.0,city,FB
7fccaf8,2025-12-28,50.0,city,GG
7fccaf8,2025-12-28,27.0,city,MF
7fccaf8,2025-12-28,27.0,city,SM
7fccaf8,2025-12-29,27.0,city,AH
7fccaf8,2025-12-29,20.0,city,BC
7fccaf8,2025-12-29,25.0,city,SB
7fccaf8,2025-12-29,27.0,ucb,AW
7fccaf8,2025-12-30,25.0,city,AO
7fccaf8,2025-12-30,5.0,city,CF
7fccaf8,2025-12-30,27.0,city,LO
7fccaf8,2025-12-30,10.0,city,MT
7fccaf8,2025-12-31,75.0,both,EH
7fccaf8,2025-12-31,10.0,city,BC
7fccaf8,2025-12-31,5.0,city,BC
7fccaf8,2025-12-31,10.0,city,BE
7fccaf8,2025-12-31,500.0,city,FK
7fccaf8,2025-12-31,10.0,city,RB
7fccaf8,2025-12-31,500.0,city,RL
7fccaf8,2025-12-31,15.0,city,WW
7fccaf8,2026-01-01,30.0,both,PV
7fccaf8,2026-01-01,20.0,city,GF
7fccaf8,2026-01-01,15.0,city,LL
7fccaf8,2026-01-01,50.0,city,SL
7fccaf8,2026-01-02,15.0,city,AH
7fccaf8,2026-01-02,20.0,city,BC
7fccaf8,2026-01-02,5.0,city,BC
7fccaf8,2026-01-02,5.0,city,MK
7fccaf8,2026-01-02,10.0,city,RE
7fccaf8,2026-01-03,25.0,city,DM
7fccaf8,2026-01-03,20.0,city,GY
7fccaf8,2026-01-03,50.0,city,JC
7fccaf8,2026-01-03,10.0,city,MT
7fccaf8,2026-01-03,50.0,city,RD
7fccaf8,2026-01-03,25.0,ucb,JP
7fccaf8,2026-01-04,27.0,city,DM
7fccaf8,2026-01-04,50.0,city,JP
7fccaf8,2026-01-04,50.0,city,JP
7fccaf8,2026-01-04,27.0,city,LS
7fccaf8,2026-01-04,50.0,city,LW
7fccaf8,2026-01-04,50.0,city,SR
7fccaf8,2026-01-04,15.0,city,SR
7fccaf8,2026-01-05,18.0,both,DB
7fccaf8,2026-01-05,5.0,city,BC
7fccaf8,2026-01-05,50.0,city,DB
7fccaf8,2026-01-06,20.0,city,TL
7fccaf8,2026-01-07,25.0,city,HN
7fccaf8,2026-01-07,27.0,city,KP
7fccaf8,2026-01-07,25.0,city,SB
7fccaf8,2026-01-08,20.0,city,OD
7fccaf8,2026-01-08,250.0,city,RT
7fccaf8,2026-01-09,25.0,city,HS
7fccaf8,2026-01-09,75.0,ucb,MG
7fccaf8,2026-01-10,9.0,both,DB
7fccaf8,2026-01-10,20.0,city,AL
7fccaf8,2026-01-10,5.0,city,CF
7fccaf8,2026-01-10,15.0,city,JS
7fccaf8,2026-01-11,25.0,city,AW
7fccaf8,2026-01-11,5.0,city,LG
7fccaf8,2026-01-11,25.0,city,RB
7fccaf8,2026-01-12,10.0,city,JP
7fccaf8,2026-01-12,25.0,city,MS
7fccaf8,2026-01-12,25.0,ucb,AW
7fccaf8,2026-01-12,27.0,ucb,RG
7fccaf8,2026-01-13,5.0,city,LG
7fccaf8,2026-01-13,14.0,city,MP
7fccaf8,2026-01-13,10.0,city,RJ
7fccaf8,2026-01-13,50.0,city,SR
7fccaf8,2026-01-13,25.0,city,WJ
7fccaf8,2026-01-13,20.0,ucb,AA
7fccaf8,2026-01-14,25.0,city,JS
7fccaf8,2026-01-14,5.0,city,RU
7fccaf8,2026-01-14,50.0,city,WW
7fccaf8,2026-01-15,25.0,city,AW
7fccaf8,2026-01-15,20.0,city,LM
7fccaf8,2026-01-15,100.0,city,RA
7fccaf8,2026-01-15,27.0,city,VK
7fccaf8,2026-01-15,25.0,city,VO
7fccaf8,2026-01-16,20.0,city,AM
7fccaf8,2026-01-16,3.0,city,DM
7fccaf8,2026-01-16,3.0,city,GW
7fccaf8,2026-01-16,15.0,city,SC
7fccaf8,2026-01-17,20.0,both,HL
7fccaf8,2026-01-17,20.0,city,CF
7fccaf8,2026-01-17,10.0,city,CF
7fccaf8,2026-01-17,25.0,city,GM
7fccaf8,2026-01-17,8.0,city,SR
7fccaf8,2026-01-17,30.0,city,ZK
7fccaf8,2026-01-18,15.0,city,EK
7fccaf8,2026-01-18,50.0,city,FS
7fccaf8,2026-01-18,15.0,city,JC
7fccaf8,2026-01-18,27.0,city,JG
7fccaf8,2026-01-18,6.0,city,KV
7fccaf8,2026-01-18,20.0,city,MS
7fccaf8,2026-01-18,26.0,city,RR
7fccaf8,2026-01-19,18.0,both,DB
7fccaf8,2026-01-19,30.0,city,JS
7fccaf8,2026-01-19,20.0,city,MK
7fccaf8,2026-01-19,10.0,city,WM
7fccaf8,2026-01-20,10.0,city,DG
7fccaf8,2026-01-20,25.0,city,MS
7fccaf8,2026-01-20,20.0,ucb,DR
7fccaf8,2026-01-21,50.0,city,LB
7fccaf8,2026-01-21,20.0,city,PW
7fccaf8,2026-01-21,10.0,city,RB
7fccaf8,2026-01-22,50.0,city,BE
7fccaf8,2026-01-22,50.0,city,CC
7fccaf8,2026-01-22,27.0,city,RR
7fccaf8,2026-01-22,25.0,city,WL
7fccaf8,2026-01-22,50.0,city,WM
7fccaf8,2026-01-22,10.0,ucb,AW
7fccaf8,2026-01-23,15.0,city,DW
7fccaf8,2026-01-23,100.0,city,MB
7fccaf8,2026-01-23,15.0,city,NW
7fccaf8,2026-01-23,15.0,city,RK
7fccaf8,2026-01-23,500.0,city,TK
7fccaf8,2026-01-24,50.0,city,AG
7fccaf8,2026-01-24,50.0,city,KR
7fccaf8,2026-01-24,10.0,city,KS
7fccaf8,2026-01-24,100.0,city,SR
7fccaf8,2026-01-25,50.0,city,GB
7fccaf8,2026-01-25,5.0,city,LG
7fccaf8,2026-01-25,10.0,city,MC
7fccaf8,2026-01-26,10.0,city,AB
7fccaf8,2026-01-26,10.0,city,HC
7fccaf8,2026-01-26,10.0,city,SC
7fccaf8,2026-01-26,20.0,city,SP
7fccaf8,2026-01-26,10.0,ucb,MN
7fccaf8,2026-01-27,25.0,city,JC
7fccaf8,2026-01-27,50.0,city,JP
7fccaf8,2026-01-27,10.0,city,NF
7fccaf8,2026-01-27,25.0,city,RB
7fccaf8,2026-01-27,27.0,ucb,AW
7fccaf8,2026-01-28,10.0,city,FB
7fccaf8,2026-01-28,15.0,city,JD
7fccaf8,2026-01-28,27.0,city,MF
7fccaf8,2026-01-28,27.0,city,SM
7fccaf8,2026-01-29,27.0,city,AH
7fccaf8,2026-01-29,20.0,city,BC
7fccaf8,2026-01-29,25.0,city,SB
7fccaf8,2026-01-30,25.0,city,AO
7fccaf8,2026-01-30,5.0,city,CF
7fccaf8,2026-01-30,27.0,city,LO
7fccaf8,2026-01-30,10.0,city,MT
7fccaf8,2026-01-31,5.0,city,BC
7fccaf8,2026-01-31,10.0,city,BC
7fccaf8,2026-01-31,10.0,city,BE
7fccaf8,2026-01-31,15.0,city,WW
7fccaf8,2026-01-31,12.5,city,ZK
7fccaf8,2026-02-01,30.0,both,PV
7fccaf8,2026-02-01,20.0,city,GF
7fccaf8,2026-02-01,15.0,city,LL
7fccaf8,2026-02-01,20.0,city,MF
7fccaf8,2026-02-01,14.0,city,MP
7fccaf8,2026-02-01,50.0,city,SL
7fccaf8,2026-02-02,15.0,city,AH
7fccaf8,2026-02-02,20.0,city,BC
7fccaf8,2026-02-02,5.0,city,BC
7fccaf8,2026-02-02,3.0,city,LG
7fccaf8,2026-02-02,5.0,city,MK
7fccaf8,2026-02-02,10.0,city,RE
7fccaf8,2026-02-03,40.0,both,DV
7fccaf8,2026-02-03,5.0,city,CF
7fccaf8,2026-02-03,25.0,city,DM
7fccaf8,2026-02-03,20.0,city,GY
7fccaf8,2026-02-03,50.0,city,JC
7fccaf8,2026-02-03,10.0,city,MT
7fccaf8,2026-02-03,50.0,city,RD
7fccaf8,2026-02-03,25.0,ucb,JP
7fccaf8,2026-02-04,50.0,city,DD
7fccaf8,2026-02-04,27.0,city,DM
7fccaf8,2026-02-04,50.0,city,JP
7fccaf8,2026-02-04,50.0,city,JP
7fccaf8,2026-02-04,25.0,city,LG
7fccaf8,2026-02-04,27.0,city,LS
7fccaf8,2026-02-04,50.0,city,LW
7fccaf8,2026-02-04,15.0,city,SR
7fccaf8,2026-02-05,18.0,both,DB
7fccaf8,2026-02-05,5.0,city,BC
7fccaf8,2026-02-05,50.0,city,DB
7fccaf8,2026-02-06,15.0,city,MP
7fccaf8,2026-02-06,20.0,city,TL
7fccaf8,2026-02-07,25.0,city,HN
7fccaf8,2026-02-07,27.0,city,KP
7fccaf8,2026-02-07,25.0,city,SB
7fccaf8,2026-02-08,20.0,city,OD
7fccaf8,2026-02-09,25.0,city,HS
7fccaf8,2026-02-09,250.0,city,MP
7fccaf8,2026-02-09,75.0,ucb,MG
7fccaf8,2026-02-10,9.0,both,DB
7fccaf8,2026-02-10,20.0,city,AL
7fccaf8,2026-02-10,5.0,city,CF
7fccaf8,2026-02-10,15.0,city,JS
7fccaf8,2026-02-10,7.5,city,LG
7fccaf8,2026-02-11,25.0,city,AW
7fccaf8,2026-02-11,5.0,city,LG
7fccaf8,2026-02-11,25.0,city,PK
7fccaf8,2026-02-11,25.0,city,RB
7fccaf8,2026-02-12,10.0,city,JP
7fccaf8,2026-02-12,25.0,city,MS
7fccaf8,2026-02-12,50.0,city,NS
7fccaf8,2026-02-12,250.0,city,RT
7fccaf8,2026-02-12,100.0,city,SM
7fccaf8,2026-02-13,25.0,both,DV
7fccaf8,2026-02-13,5.0,city,LG
7fccaf8,2026-02-13,10.0,city,RJ
7fccaf8,2026-02-13,50.0,city,RU
7fccaf8,2026-02-13,50.0,city,SR
7fccaf8,2026-02-13,25.0,city,WJ
7fccaf8,2026-02-13,20.0,ucb,AA
7fccaf8,2026-02-14,25.0,city,JS
7fccaf8,2026-02-15,25.0,city,AW
7fccaf8,2026-02-15,20.0,city,LM
7fccaf8,2026-02-15,100.0,city,RA
7fccaf8,2026-02-15,27.0,city,VK
7fccaf8,2026-02-15,25.0,city,VO
7fccaf8,2026-02-16,20.0,city,AM
7fccaf8,2026-02-16,3.0,city,DM
7fccaf8,2026-02-16,3.0,city,GW
7fccaf8,2026-02-16,15.0,city,SC
7fccaf8,2026-02-17,20.0,both,HL
7fccaf8,2026-02-17,10.0,city,CF
7fccaf8,2026-02-17,20.0,city,CF
7fccaf8,2026-02-17,20.0,city,DO
7fccaf8,2026-02-17,25.0,city,GM
7fccaf8,2026-02-17,25.0,city,JG
7fccaf8,2026-02-17,8.0,city,SR
7fccaf8,2026-02-17,30.0,city,ZK
7fccaf8,2026-02-18,10.0,city,EI
7fccaf8,2026-02-18,15.0,city,EK
7fccaf8,2026-02-18,50.0,city,FS
7fccaf8,2026-02-18,15.0,city,JC
7fccaf8,2026-02-18,20.0,city,MS
7fccaf8,2026-02-18,26.0,city,RR
7fccaf8,2026-02-19,18.0,both,DB
7fccaf8,2026-02-19,30.0,city,JS
7fccaf8,2026-02-19,20.0,city,MK
7fccaf8,2026-02-19,10.0,city,WM
7fccaf8,2026-02-20,10.0,city,DG
7fccaf8,2026-02-20,25.0,city,MS
7fccaf8,2026-02-20,20.0,ucb,DR
7fccaf8,2026-02-21,50.0,city,LB
7fccaf8,2026-02-21,20.0,city,PW
7fccaf8,2026-02-21,10.0,city,RB
7fccaf8,2026-02-22,50.0,city,CC
7fccaf8,2026-02-22,27.0,city,RR
7fccaf8,2026-02-22,25.0,city,WL
7fccaf8,2026-02-22,50.0,city,WM
7fccaf8,2026-02-22,10.0,ucb,AW
7fccaf8,2026-02-23,15.0,city,DW
7fccaf8,2026-02-23,15.0,city,NW
7fccaf8,2026-02-23,15.0,city,RK
7fccaf8,2026-02-24,50.0,city,KR
7fccaf8,2026-02-24,10.0,city,KS
7fccaf8,2026-02-24,100.0,city,SR
7fccaf8,2026-02-25,50.0,city,GB
7fccaf8,2026-02-25,5.0,city,LG
7fccaf8,2026-02-25,10.0,city,MC
7fccaf8,2026-02-26,30.0,both,DV
7fccaf8,2026-02-26,10.0,city,AB
7fccaf8,2026-02-26,10.0,city,HC
7fccaf8,2026-02-26,28.0,city,MP
7fccaf8,2026-02-26,10.0,city,SC
7fccaf8,2026-02-26,20.0,city,SP
7fccaf8,2026-02-26,10.0,ucb,MN
7fccaf8,2026-02-27,50.0,city,JP
7fccaf8,2026-02-27,10.0,city,NF
7fccaf8,2026-02-27,25.0,city,RB
7fccaf8,2026-02-27,27.0,ucb,AW
7fccaf8,2026-02-28,27.0,city,AH
7fccaf8,2026-02-28,25.0,city,AO
7fccaf8,2026-02-28,20.0,city,BC
7fccaf8,2026-02-28,5.0,city,BC
7fccaf8,2026-02-28,10.0,city,BC
7fccaf8,2026-02-28,5.0,city,CF
7fccaf8,2026-02-28,10.0,city,FB
7fccaf8,2026-02-28,15.0,city,JD
7fccaf8,2026-02-28,27.0,city,LO
7fccaf8,2026-02-28,27.0,city,MF
7fccaf8,2026-02-28,10.0,city,MT
7fccaf8,2026-02-28,25.0,city,SB
7fccaf8,2026-02-28,27.0,city,SM
7fccaf8,2026-02-28,25.0,city,WW
7fccaf8,2026-03-01,30.0,both,PV
7fccaf8,2026-03-01,20.0,city,GF
7fccaf8,2026-03-01,15.0,city,LL
7fccaf8,2026-03-01,20.0,city,MF
7fccaf8,2026-03-01,50.0,city,SL
7fccaf8,2026-03-02,15.0,city,AH
7fccaf8,2026-03-02,5.0,city,BC
7fccaf8,2026-03-02,20.0,city,BC
7fccaf8,2026-03-02,3.0,city,LG
7fccaf8,2026-03-02,5.0,city,MK
7fccaf8,2026-03-02,10.0,city,RE
7fccaf8,2026-03-03,25.0,city,DM
7fccaf8,2026-03-03,20.0,city,GY
7fccaf8,2026-03-03,50.0,city,JC
7fccaf8,2026-03-03,100.0,city,KS
7fccaf8,2026-03-03,10.0,city,MT
7fccaf8,2026-03-03,50.0,city,RD
7fccaf8,2026-03-03,25.0,ucb,JP
7fccaf8,2026-03-04,27.0,city,DM
7fccaf8,2026-03-04,50.0,city,JP
7fccaf8,2026-03-04,50.0,city,JP
7fccaf8,2026-03-04,27.0,city,LS
7fccaf8,2026-03-04,50.0,city,LW
7fccaf8,2026-03-04,25.0,city,LW
7fccaf8,2026-03-04,15.0,city,SR
7fccaf8,2026-03-05,18.0,both,DB
7fccaf8,2026-03-05,5.0,city,BC
7fccaf8,2026-03-05,50.0,city,DB
7fccaf8,2026-03-05,50.0,city,LW
7fccaf8,2026-03-06,250.0,city,RT
7fccaf8,2026-03-06,20.0,city,TL
7fccaf8,2026-03-06,50.0,city,ZK
7fccaf8,2026-03-07,25.0,city,HN
7fccaf8,2026-03-07,25.0,city,SB
7fccaf8,2026-03-08,20.0,city,OD
7fccaf8,2026-03-09,25.0,city,HS
7fccaf8,2026-03-09,75.0,ucb,MG
7fccaf8,2026-03-10,9.0,both,DB
7fccaf8,2026-03-10,20.0,city,AL
7fccaf8,2026-03-10,5.0,city,CF
7fccaf8,2026-03-10,15.0,city,JS
7fccaf8,2026-03-11,25.0,city,AW
7fccaf8,2026-03-11,5.0,city,LG
7fccaf8,2026-03-11,25.0,city,RB
7fccaf8,2026-03-11,25.0,city,ZK
7fccaf8,2026-03-12,10.0,city,JP
7fccaf8,2026-03-12,25.0,city,MS
7fccaf8,2026-03-13,5.0,city,LG
7fccaf8,2026-03-13,10.0,city,RJ
7fccaf8,2026-03-13,50.0,city,SR
7fccaf8,2026-03-13,25.0,city,WJ
7fccaf8,2026-03-13,20.0,ucb,AA
7fccaf8,2026-03-14,25.0,city,JS
7fccaf8,2026-03-14,100.0,city,RU
7fccaf8,2026-03-14,100.0,city,RU
7fccaf8,2026-03-15,25.0,city,AW
7fccaf8,2026-03-15,20.0,city,LM
7fccaf8,2026-03-15,100.0,city,RA
7fccaf8,2026-03-15,27.0,city,VK
7fccaf8,2026-03-15,25.0,city,VO
7fccaf8,2026-03-16,20.0,city,AM
7fccaf8,2026-03-16,3.0,city,DM
7fccaf8,2026-03-16,3.0,city,GW
7fccaf8,2026-03-16,15.0,city,SC
7fccaf8,2026-03-17,20.0,both,HL
7fccaf8,2026-03-17,20.0,city,CF
7fccaf8,2026-03-17,10.0,city,CF
7fccaf8,2026-03-17,25.0,city,GM
7fccaf8,2026-03-17,8.0,city,SR
7fccaf8,2026-03-17,30.0,city,ZK
7fccaf8,2026-03-18,1160.0,city,CV
7fccaf8,2026-03-18,15.0,city,EK
7fccaf8,2026-03-18,50.0,city,FS
7fccaf8,2026-03-18,15.0,city,JC
7fccaf8,2026-03-18,20.0,city,MS
7fccaf8,2026-03-18,26.0,city,RR
7fccaf8,2026-03-19,18.0,both,DB
7fccaf8,2026-03-19,30.0,city,JS
7fccaf8,2026-03-19,20.0,city,MK
7fccaf8,2026-03-19,10.0,city,WM
7fccaf8,2026-03-20,10.0,city,DG
7fccaf8,2026-03-20,25.0,city,MS
7fccaf8,2026-03-20,20.0,ucb,DR
7fccaf8,2026-03-21,50.0,city,LB
7fccaf8,2026-03-21,20.0,city,PW
7fccaf8,2026-03-21,10.0,city,RB
7fccaf8,2026-03-22,50.0,city,CC
7fccaf8,2026-03-22,27.0,city,RR
7fccaf8,2026-03-22,50.0,city,WM
7fccaf8,2026-03-22,10.0,ucb,AW
7fccaf8,2026-03-23,15.0,city,DW
7fccaf8,2026-03-23,15.0,city,NW
7fccaf8,2026-03-23,15.0,city,RK
7fccaf8,2026-03-24,50.0,city,KR
7fccaf8,2026-03-24,10.0,city,KS
7fccaf8,2026-03-24,100.0,city,SR
7fccaf8,2026-03-25,18.0,both,DB
7fccaf8,2026-03-25,50.0,city,GB
7fccaf8,2026-03-25,50.0,city,HH
7fccaf8,2026-03-25,5.0,city,LG
7fccaf8,2026-03-25,10.0,city,MC
7fccaf8,2026-03-25,250.0,city,SM
7fccaf8,2026-03-26,10.0,city,AB
7fccaf8,2026-03-26,10.0,city,HC
7fccaf8,2026-03-26,28.0,city,MP
7fccaf8,2026-03-26,10.0,city,SC
7fccaf8,2026-03-26,20.0,city,SP
7fccaf8,2026-03-26,10.0,ucb,MN
7fccaf8,2026-03-27,50.0,city,JP
7fccaf8,2026-03-27,10.0,city,NF
7fccaf8,2026-03-27,25.0,city,RB
7fccaf8,2026-03-28,10.0,city,FB
7fccaf8,2026-03-28,15.0,city,JD
7fccaf8,2026-03-28,27.0,city,MF
7fccaf8,2026-03-28,27.0,city,SM
7fccaf8,2026-03-29,27.0,city,AH
7fccaf8,2026-03-29,20.0,city,BC
7fccaf8,2026-03-29,25.0,city,SB
7fccaf8,2026-03-30,25.0,city,AO
7fccaf8,2026-03-30,5.0,city,CF
7fccaf8,2026-03-30,27.0,city,LO
7fccaf8,2026-03-30,10.0,city,MT
7fccaf8,2026-03-31,5.0,city,BC
7fccaf8,2026-03-31,10.0,city,BC
7fccaf8,2026-03-31,10.0,city,BE
7fccaf8,2026-03-31,25.0,city,WW
7fccaf8,2026-03-31,27.0,ucb,AW
7fccaf8,2026-04-01,30.0,both,PV
7fccaf8,2026-04-01,10.0,city,BA
7fccaf8,2026-04-01,20.0,city,GF
7fccaf8,2026-04-01,15.0,city,LL
7fccaf8,2026-04-01,50.0,city,SL
7fccaf8,2026-04-02,15.0,city,AH
7fccaf8,2026-04-02,5.0,city,BC
7fccaf8,2026-04-02,20.0,city,BC
7fccaf8,2026-04-02,3.0,city,LG
7fccaf8,2026-04-02,5.0,city,MK
7fccaf8,2026-04-02,10.0,city,RE
7fccaf8,2026-04-03,25.0,city,DM
7fccaf8,2026-04-03,20.0,city,GY
7fccaf8,2026-04-03,50.0,city,JC
7fccaf8,2026-04-03,10.0,city,MT
7fccaf8,2026-04-03,5.0,city,PB
7fccaf8,2026-04-03,50.0,city,RD
7fccaf8,2026-04-04,27.0,city,DM
7fccaf8,2026-04-04,50.0,city,JP
7fccaf8,2026-04-04,50.0,city,JP
7fccaf8,2026-04-04,27.0,city,LS
7fccaf8,2026-04-04,50.0,city,LW
7fccaf8,2026-04-04,20.0,city,SB
7fccaf8,2026-04-04,15.0,city,SR
7fccaf8,2026-04-05,18.0,both,DB
7fccaf8,2026-04-05,5.0,city,BC
7fccaf8,2026-04-05,50.0,city,DB
7fccaf8,2026-04-06,20.0,city,TL
7fccaf8,2026-04-07,25.0,city,HN
7fccaf8,2026-04-07,25.0,city,SB
7fccaf8,2026-04-08,25.0,city,JG
7fccaf8,2026-04-08,125.0,city,MF
7fccaf8,2026-04-08,12.5,city,MS
7fccaf8,2026-04-08,20.0,city,OD
7fccaf8,2026-04-09,25.0,city,HS
7fccaf8,2026-04-09,10.0,city,PB
7fccaf8,2026-04-09,75.0,ucb,MG
7fccaf8,2026-04-10,9.0,both,DB
7fccaf8,2026-04-10,20.0,city,AL
7fccaf8,2026-04-10,5.0,city,CF
7fccaf8,2026-04-10,5.5,city,GW
7fccaf8,2026-04-10,20.0,city,GW
7fccaf8,2026-04-10,15.0,city,JS
7fccaf8,2026-04-11,25.0,city,AW
7fccaf8,2026-04-11,27.0,city,KP
7fccaf8,2026-04-11,5.0,city,LG
7fccaf8,2026-04-11,25.0,city,RB
7fccaf8,2026-04-11,20.0,city,ZK
7fccaf8,2026-04-12,10.0,city,JP
7fccaf8,2026-04-12,25.0,city,MS
7fccaf8,2026-04-13,5.0,city,LG
7fccaf8,2026-04-13,10.0,city,RJ
7fccaf8,2026-04-13,50.0,city,SR
7fccaf8,2026-04-13,25.0,city,WJ
7fccaf8,2026-04-13,20.0,ucb,AA
7fccaf8,2026-04-14,10.0,city,GH
7fccaf8,2026-04-14,25.0,city,JS
7fccaf8,2026-04-15,72.0,both,DB
7fccaf8,2026-04-15,25.0,city,AW
7fccaf8,2026-04-15,20.0,city,LM
7fccaf8,2026-04-15,50.0,city,MS
7fccaf8,2026-04-15,100.0,city,RA
7fccaf8,2026-04-15,15.0,city,RB
7fccaf8,2026-04-15,100.0,city,TH
7fccaf8,2026-04-15,27.0,city,VK
7fccaf8,2026-04-15,25.0,city,VO
7fccaf8,2026-04-16,20.0,city,AM
7fccaf8,2026-04-16,3.0,city,DM
7fccaf8,2026-04-16,3.0,city,GW
7fccaf8,2026-04-16,25.0,city,MR
7fccaf8,2026-04-16,15.0,city,SC
7fccaf8,2026-04-16,25.0,city,ZK
7fccaf8,2026-04-17,20.0,both,HL
7fccaf8,2026-04-17,20.0,city,CF
7fccaf8,2026-04-17,10.0,city,CF
7fccaf8,2026-04-17,25.0,city,GM
7fccaf8,2026-04-17,8.0,city,SR
7fccaf8,2026-04-17,1000.0,city,TK
7fccaf8,2026-04-17,30.0,city,ZK
7fccaf8,2026-04-18,15.0,city,EK
7fccaf8,2026-04-18,50.0,city,FS
7fccaf8,2026-04-18,15.0,city,JC
7fccaf8,2026-04-18,10.0,city,LB
7fccaf8,2026-04-18,20.0,city,MS
7fccaf8,2026-04-18,26.0,city,RR
7fccaf8,2026-04-19,18.0,both,DB
7fccaf8,2026-04-19,30.0,city,JS
7fccaf8,2026-04-19,20.0,city,MK
7fccaf8,2026-04-19,10.0,city,SP
7fccaf8,2026-04-19,10.0,city,WM
7fccaf8,2026-04-20,10.0,city,DG
7fccaf8,2026-04-20,100.0,city,GG
7fccaf8,2026-04-20,28.0,city,MP
7fccaf8,2026-04-20,25.0,city,MS
7fccaf8,2026-04-20,50.0,city,RJ
7fccaf8,2026-04-20,20.0,ucb,DR
7fccaf8,2026-04-21,50.0,city,HH
7fccaf8,2026-04-21,50.0,city,LB
7fccaf8,2026-04-21,20.0,city,PW
7fccaf8,2026-04-21,10.0,city,RB
7fccaf8,2026-04-22,50.0,city,CC
7fccaf8,2026-04-22,25.0,city,GB
7fccaf8,2026-04-22,27.0,city,RR
7fccaf8,2026-04-22,25.0,city,WL
7fccaf8,2026-04-22,50.0,city,WM
7fccaf8,2026-04-22,10.0,ucb,AW
7fccaf8,2026-04-23,15.0,city,DW
7fccaf8,2026-04-23,15.0,city,NW
7fccaf8,2026-04-23,15.0,city,RK
7fccaf8,2026-04-24,50.0,city,KR
7fccaf8,2026-04-24,10.0,city,KS
7fccaf8,2026-04-24,100.0,city,SR
7fccaf8,2026-04-25,18.0,both,DB
7fccaf8,2026-04-25,50.0,city,GB
7fccaf8,2026-04-25,5.0,city,LG
7fccaf8,2026-04-25,10.0,city,MC
7fccaf8,2026-04-26,10.0,city,AB
7fccaf8,2026-04-26,10.0,city,HC
7fccaf8,2026-04-26,1000.0,city,MF
7fccaf8,2026-04-26,50.0,city,WW
7fccaf8,2026-04-26,10.0,ucb,MN
7fccaf8,2026-04-27,10.0,city,NF
7fccaf8,2026-04-27,25.0,city,RB
7fccaf8,2026-04-28,10.0,city,FB
7fccaf8,2026-04-28,15.0,city,JD
7fccaf8,2026-04-28,27.0,city,MF
7fccaf8,2026-04-28,27.0,city,SM
7fccaf8,2026-04-28,12.5,city,ZK
7fccaf8,2026-04-28,25.0,city,ZK
7fccaf8,2026-04-29,27.0,city,AH
7fccaf8,2026-04-29,20.0,city,BC
7fccaf8,2026-04-29,25.0,city,SB
7fccaf8,2026-04-29,27.0,ucb,AW
7fccaf8,2026-04-30,25.0,city,AO
7fccaf8,2026-04-30,5.0,city,BC
7fccaf8,2026-04-30,10.0,city,BC
7fccaf8,2026-04-30,10.0,city,BE
7fccaf8,2026-04-30,5.0,city,CF
7fccaf8,2026-04-30,27.0,city,LO
7fccaf8,2026-04-30,10.0,city,MT
7fccaf8,2026-04-30,25.0,city,WW
7fccaf8,2026-05-01,30.0,both,PV
7fccaf8,2026-05-01,10.0,city,BA
7fccaf8,2026-05-01,20.0,city,GF
7fccaf8,2026-05-01,15.0,city,LL
7fccaf8,2026-05-01,20.0,city,MF
7fccaf8,2026-05-01,50.0,city,SL
7fccaf8,2026-05-02,15.0,city,AH
7fccaf8,2026-05-02,20.0,city,BC
7fccaf8,2026-05-02,5.0,city,BC
7fccaf8,2026-05-02,3.0,city,LG
7fccaf8,2026-05-02,5.0,city,MK
7fccaf8,2026-05-02,10.0,city,RE
7fccaf8,2026-05-03,25.0,city,DM
7fccaf8,2026-05-03,20.0,city,GY
7fccaf8,2026-05-03,50.0,city,JC
7fccaf8,2026-05-03,10.0,city,MT
7fccaf8,2026-05-03,5.0,city,PB
7fccaf8,2026-05-03,50.0,city,RD
7fccaf8,2026-05-04,27.0,city,DM
7fccaf8,2026-05-04,27.0,city,LS
7fccaf8,2026-05-04,50.0,city,LW
7fccaf8,2026-05-04,20.0,city,SB
7fccaf8,2026-05-04,15.0,city,SR
7fccaf8,2026-05-05,18.0,both,DB
7fccaf8,2026-05-05,5.0,city,BC
7fccaf8,2026-05-05,50.0,city,DB
7fccaf8,2026-05-05,25.0,city,JG
7fccaf8,2026-05-06,20.0,city,TL
7fccaf8,2026-05-07,25.0,city,HN
7fccaf8,2026-05-07,25.0,city,SB
7fccaf8,2026-05-08,20.0,city,OD
7fccaf8,2026-05-09,25.0,city,HS
7fccaf8,2026-05-09,10.0,city,PB
7fccaf8,2026-05-09,100.0,city,PB
7fccaf8,2026-05-09,25.0,ucb,MG
7fccaf8,2026-05-10,9.0,both,DB
7fccaf8,2026-05-10,20.0,city,AL
7fccaf8,2026-05-10,5.0,city,CF
7fccaf8,2026-05-10,5.5,city,GW
7fccaf8,2026-05-10,15.0,city,JS
7fccaf8,2026-05-11,25.0,city,AW
7fccaf8,2026-05-11,5.0,city,LG
7fccaf8,2026-05-11,50.0,city,MP
7fccaf8,2026-05-11,25.0,city,RB
7fccaf8,2026-05-12,10.0,city,JP
7fccaf8,2026-05-12,25.0,city,MS
7fccaf8,2026-05-13,27.0,city,KP
7fccaf8,2026-05-13,10.0,city,LG
7fccaf8,2026-05-13,5.0,city,LG
7fccaf8,2026-05-13,10.0,city,RJ
7fccaf8,2026-05-13,50.0,city,SR
7fccaf8,2026-05-13,25.0,city,WJ
7fccaf8,2026-05-13,20.0,ucb,AA
7fccaf8,2026-05-14,10.0,city,GH
7fccaf8,2026-05-14,25.0,city,JS
7fccaf8,2026-05-15,25.0,city,AW
7fccaf8,2026-05-15,20.0,city,LM
7fccaf8,2026-05-15,100.0,city,RA
7fccaf8,2026-05-15,15.0,city,RB
7fccaf8,2026-05-15,27.0,city,VK
7fccaf8,2026-05-15,25.0,city,VO
7fccaf8,2026-05-16,20.0,city,AM
7fccaf8,2026-05-16,3.0,city,DM
7fccaf8,2026-05-16,3.0,city,GW
7fccaf8,2026-05-16,15.0,city,SC
7fccaf8,2026-05-17,20.0,both,HL
7fccaf8,2026-05-17,10.0,city,CF
7fccaf8,2026-05-17,20.0,city,CF
7fccaf8,2026-05-17,25.0,city,GM
7fccaf8,2026-05-17,8.0,city,SR
7fccaf8,2026-05-17,30.0,city,ZK
7fccaf8,2026-05-18,15.0,city,EK
7fccaf8,2026-05-18,50.0,city,FS
7fccaf8,2026-05-18,15.0,city,JC
7fccaf8,2026-05-18,10.0,city,LB
7fccaf8,2026-05-18,20.0,city,MS
7fccaf8,2026-05-18,26.0,city,RR
7fccaf8,2026-05-19,18.0,both,DB
7fccaf8,2026-05-19,30.0,city,JS
7fccaf8,2026-05-19,20.0,city,MK
7fccaf8,2026-05-19,10.0,city,MP
7fccaf8,2026-05-19,10.0,city,SP
7fccaf8,2026-05-19,10.0,city,WM
7fccaf8,2026-05-20,10.0,city,DG
7fccaf8,2026-05-20,25.0,city,MS
7fccaf8,2026-05-20,25.0,city,WW
7fccaf8,2026-05-20,20.0,ucb,DR
7fccaf8,2026-05-21,50.0,city,LB
7fccaf8,2026-05-21,20.0,city,PW
7fccaf8,2026-05-21,10.0,city,RB
7fccaf8,2026-05-22,50.0,city,CC
7fccaf8,2026-05-22,27.0,city,RR
7fccaf8,2026-05-22,25.0,city,WL
7fccaf8,2026-05-22,50.0,city,WM
7fccaf8,2026-05-22,10.0,ucb,AW
7fccaf8,2026-05-23,15.0,city,NW
7fccaf8,2026-05-23,15.0,city,RK
7fccaf8,2026-05-24,50.0,city,KR
7fccaf8,2026-05-24,10.0,city,KS
7fccaf8,2026-05-24,50.0,city,NS
7fccaf8,2026-05-24,100.0,city,SR
7fccaf8,2026-05-25,18.0,both,DB
7fccaf8,2026-05-25,50.0,city,GB
7fccaf8,2026-05-25,5.0,city,LG
7fccaf8,2026-05-25,10.0,city,MC
7fccaf8,2026-05-25,50.0,city,WW
7fccaf8,2026-05-26,10.0,city,AB
7fccaf8,2026-05-26,10.0,city,HC
7fccaf8,2026-05-26,10.0,ucb,MN
7fccaf8,2026-05-27,10.0,city,NF
7fccaf8,2026-05-27,10.0,city,NF
7fccaf8,2026-05-27,25.0,city,RB
7fccaf8,2026-05-28,10.0,city,FB
7fccaf8,2026-05-28,15.0,city,JD
7fccaf8,2026-05-28,27.0,city,MF
7fccaf8,2026-05-28,27.0,city,SM
7fccaf8,2026-05-29,20.0,both,DV
7fccaf8,2026-05-29,27.0,city,AH
7fccaf8,2026-05-29,10.0,city,AT
7fccaf8,2026-05-29,20.0,city,BC
7fccaf8,2026-05-29,25.0,city,SB
7fccaf8,2026-05-29,27.0,ucb,AW
7fccaf8,2026-05-30,25.0,city,AO
7fccaf8,2026-05-30,5.0,city,CF
7fccaf8,2026-05-30,25.0,city,HH
7fccaf8,2026-05-30,27.0,city,LO
7fccaf8,2026-05-30,10.0,city,MT
7fccaf8,2026-05-31,5.0,city,BC
7fccaf8,2026-05-31,10.0,city,BC
7fccaf8,2026-05-31,10.0,city,BE
7fccaf8,2026-05-31,25.0,city,WW
7fccaf8,2026-06-01,10.0,city,BA
7fccaf8,2026-06-01,20.0,city,GF
7fccaf8,2026-06-01,15.0,city,LL
7fccaf8,2026-06-01,20.0,city,MF
7fccaf8,2026-06-01,50.0,city,SL
7fccaf8,2026-06-02,15.0,city,AH
7fccaf8,2026-06-02,20.0,city,BC
7fccaf8,2026-06-02,5.0,city,BC
7fccaf8,2026-06-02,27.0,city,JQ
7fccaf8,2026-06-02,500.0,city,JQ
7fccaf8,2026-06-02,3.0,city,LG
7fccaf8,2026-06-02,5.0,city,MK
7fccaf8,2026-06-02,10.0,city,RE
7fccaf8,2026-06-03,25.0,city,DM
7fccaf8,2026-06-03,20.0,city,GY
7fccaf8,2026-06-03,50.0,city,JC
7fccaf8,2026-06-03,10.0,city,MT
7fccaf8,2026-06-03,5.0,city,PB
7fccaf8,2026-06-03,50.0,city,RD
7fccaf8,2026-06-04,27.0,city,DM
7fccaf8,2026-06-04,27.0,city,LS
7fccaf8,2026-06-04,50.0,city,LW
7fccaf8,2026-06-04,20.0,city,SB
7fccaf8,2026-06-04,15.0,city,SR
7fccaf8,2026-06-05,18.0,both,DB
7fccaf8,2026-06-05,5.0,city,BC
7fccaf8,2026-06-05,50.0,city,DB
7fccaf8,2026-06-05,25.0,city,JF
7fccaf8,2026-06-06,20.0,city,TL
7fccaf8,2026-06-07,25.0,city,HN
7fccaf8,2026-06-07,27.0,city,KP
7fccaf8,2026-06-08,20.0,city,OD
7fccaf8,2026-06-09,25.0,city,HS
7fccaf8,2026-06-09,10.0,city,PB
7fccaf8,2026-06-09,25.0,ucb,MG
7fccaf8,2026-06-10,9.0,both,DB
7fccaf8,2026-06-10,20.0,city,AL
7fccaf8,2026-06-10,5.0,city,CF
7fccaf8,2026-06-10,5.5,city,GW
7fccaf8,2026-06-10,15.0,city,JS
7fccaf8,2026-06-10,5.0,city,RB
7fccaf8,2026-06-11,25.0,city,AW
7fccaf8,2026-06-11,5.0,city,LG
7fccaf8,2026-06-11,25.0,city,RB
7fccaf8,2026-06-12,10.0,city,JP
7fccaf8,2026-06-12,1.0,city,MS
7fccaf8,2026-06-13,20.0,city,JP
7fccaf8,2026-06-13,5.0,city,LG
7fccaf8,2026-06-13,10.0,city,RJ
7fccaf8,2026-06-13,50.0,city,SR
7fccaf8,2026-06-13,25.0,city,WJ
7fccaf8,2026-06-13,20.0,ucb,AA
7fccaf8,2026-06-14,10.0,city,GH
7fccaf8,2026-06-14,25.0,city,JS
7fccaf8,2026-06-15,20.0,city,LM
7fccaf8,2026-06-15,10.0,city,PK
7fccaf8,2026-06-15,100.0,city,RA
7fccaf8,2026-06-15,15.0,city,RB
7fccaf8,2026-06-15,27.0,city,VK
7fccaf8,2026-06-15,25.0,city,VO
7fccaf8,2026-06-16,20.0,city,AM
7fccaf8,2026-06-16,3.0,city,DM
7fccaf8,2026-06-16,3.0,city,GW
7fccaf8,2026-06-16,250.0,city,S
7fccaf8,2026-06-16,15.0,city,SC
7fccaf8,2026-06-17,20.0,both,HL
7fccaf8,2026-06-17,100.0,city,BD
7fccaf8,2026-06-17,10.0,city,BD
7fccaf8,2026-06-17,20.0,city,CF
7fccaf8,2026-06-17,10.0,city,CF
7fccaf8,2026-06-17,25.0,city,GM
7fccaf8,2026-06-17,8.0,city,SR
7fccaf8,2026-06-17,30.0,city,ZK
7fccaf8,2026-06-18,15.0,city,EK
7fccaf8,2026-06-18,50.0,city,FS
7fccaf8,2026-06-18,15.0,city,JC
7fccaf8,2026-06-18,10.0,city,LB
7fccaf8,2026-06-18,20.0,city,MS
7fccaf8,2026-06-18,26.0,city,RR
7fccaf8,2026-06-19,18.0,both,DB
7fccaf8,2026-06-19,20.0,city,DH
7fccaf8,2026-06-19,30.0,city,JS
7fccaf8,2026-06-19,20.0,city,MK
7fccaf8,2026-06-19,10.0,city,NF
7fccaf8,2026-06-19,10.0,city,SP
7fccaf8,2026-06-19,10.0,city,WM
7fccaf8,2026-06-20,10.0,city,DG
7fccaf8,2026-06-20,50.0,city,WW
7fccaf8,2026-06-20,20.0,ucb,DR
7fccaf8,2026-06-21,10.0,city,ID
7fccaf8,2026-06-21,50.0,city,LB
7fccaf8,2026-06-21,20.0,city,PW
7fccaf8,2026-06-21,10.0,city,RB
7fccaf8,2026-06-22,50.0,city,AG
7fccaf8,2026-06-22,50.0,city,CC
7fccaf8,2026-06-22,50.0,city,MB
7fccaf8,2026-06-22,27.0,city,RR
7fccaf8,2026-06-22,25.0,city,WL
7fccaf8,2026-06-22,50.0,city,WM
7fccaf8,2026-06-22,10.0,ucb,AW
7fccaf8,2026-06-23,15.0,city,NW
7fccaf8,2026-06-23,15.0,city,RK
7fccaf8,2026-06-23,100.0,city,TA
7fccaf8,2026-06-24,50.0,city,KR
7fccaf8,2026-06-24,10.0,city,KS
7fccaf8,2026-06-24,100.0,city,SR
7fccaf8,2026-06-25,18.0,both,DB
7fccaf8,2026-06-25,5.0,city,LG
7fccaf8,2026-06-25,10.0,city,MC
7fccaf8,2026-06-26,10.0,city,AB
7fccaf8,2026-06-26,10.0,city,HC
7fccaf8,2026-06-26,25.0,city,RJ
7fccaf8,2026-06-26,10.0,ucb,MN
7fccaf8,2026-06-27,50.0,city,JP
7fccaf8,2026-06-27,10.0,city,MP
7fccaf8,2026-06-27,10.0,city,NF
7fccaf8,2026-06-27,10.0,city,NF
7fccaf8,2026-06-27,25.0,city,RB
7fccaf8,2026-06-28,10.0,city,FB
7fccaf8,2026-06-28,15.0,city,JD
7fccaf8,2026-06-28,27.0,city,MF
7fccaf8,2026-06-28,27.0,city,SM
7fccaf8,2026-06-29,27.0,city,AH
7fccaf8,2026-06-29,20.0,city,BC
7fccaf8,2026-06-29,25.0,city,SB
7fccaf8,2026-06-30,10.0,city,BC
7fccaf8,2026-06-30,5.0,city,BC
7fccaf8,2026-06-30,10.0,city,BE
7fccaf8,2026-06-30,5.0,city,CF
7fccaf8,2026-06-30,27.0,city,LO
7fccaf8,2026-06-30,10.0,city,MT
7fccaf8,2026-06-30,25.0,city,WW
808216a,2026-03-20,500.0,city,JB
808216a,2026-05-20,7000.0,city,JK
808216a,2026-05-20,7000.0,city,TL
808216a,2026-06-07,500.0,city,AB
812256a,2025-11-25,200.0,city,AL
812256a,2025-12-31,100.0,city,AL
812256a,2026-04-30,500.0,city,JB
81d6f30,2025-09-30,300.0,city,DK
81e1cea,2025-09-11,1000.0,city,MI
827a2f7,2025-12-13,500.0,city,AK
827a2f7,2026-01-31,100.0,city,HL
827a2f7,2026-02-10,250.0,city,HS
827a2f7,2026-02-13,250.0,city,JM
827a2f7,2026-02-26,50.0,city,HL
827a2f7,2026-03-03,400.0,city,AK
827a2f7,2026-03-05,250.0,city,AL
827a2f7,2026-03-17,100.0,city,HL
827a2f7,2026-03-21,300.0,city,AK
827a2f7,2026-04-06,100.0,city,AL
827a2f7,2026-04-06,100.0,city,TB
827a2f7,2026-05-03,250.0,city,TB
827a2f7,2026-05-16,3500.0,city,AK
827a2f7,2026-05-16,3500.0,city,EA
827a2f7,2026-05-16,3500.0,city,TR
827a2f7,2026-05-18,3500.0,city,EN
827a2f7,2026-05-21,200.0,city,AL
827a2f7,2026-05-21,250.0,city,MF
827a2f7,2026-05-22,3500.0,city,BW
827a2f7,2026-05-22,3500.0,city,ED
827a2f7,2026-05-23,3500.0,city,ZP
827a2f7,2026-05-26,250.0,city,JB
827a2f7,2026-05-28,3500.0,city,KN
827a2f7,2026-05-31,3500.0,city,CZ
827a2f7,2026-06-02,3500.0,city,JK
827a2f7,2026-06-03,100.0,city,TB
827a2f7,2026-06-04,3500.0,city,DT
827a2f7,2026-06-05,3500.0,city,AL
827a2f7,2026-06-05,3500.0,city,PB
827a2f7,2026-06-16,100.0,city,AL
83e9b72,2025-11-07,1000.0,ucb,CC
851301e,2025-08-13,100.0,city,LC
851301e,2025-08-17,10.0,city,JW
851301e,2025-08-18,100.0,city,CB
851301e,2025-08-24,10.0,city,SS
851301e,2025-08-28,25.0,city,LW
851301e,2025-09-17,10.0,city,JW
851301e,2025-09-24,50.0,city,DA
851301e,2025-09-24,10.0,city,SS
851301e,2025-09-28,25.0,city,LW
851301e,2025-10-17,10.0,city,JW
851301e,2025-10-22,100.0,city,HK
851301e,2025-10-24,10.0,city,SS
851301e,2025-10-28,25.0,city,LW
851301e,2025-11-28,25.0,city,LW
851301e,2025-12-17,10.0,city,JW
851301e,2025-12-28,25.0,city,LW
851301e,2026-01-17,10.0,city,JW
851301e,2026-01-28,25.0,city,LW
851301e,2026-02-17,10.0,city,JW
851301e,2026-02-28,25.0,city,LW
851301e,2026-03-17,10.0,city,JW
851301e,2026-03-23,100.0,city,DA
851301e,2026-03-28,25.0,city,LW
851301e,2026-04-17,10.0,city,JW
851301e,2026-04-28,25.0,city,LW
851301e,2026-05-14,100.0,city,LC
851301e,2026-05-17,10.0,city,JW
851301e,2026-05-28,25.0,city,LW
851301e,2026-06-15,250.0,city,MN
851301e,2026-06-17,10.0,city,JW
851301e,2026-06-28,25.0,city,LW
8537eeb,2025-09-23,500.0,ucb,TB
8537eeb,2026-02-25,100.0,city,DE
85541a2,2026-03-25,3500.0,city,PB
85541a2,2026-03-25,3500.0,city,PB
85774c2,2026-03-20,500.0,city,PK
85aa9dd,2026-04-16,30.0,city,PN
85aa9dd,2026-05-27,30.0,city,PN
85aa9dd,2026-05-27,25.0,city,PN
85aa9dd,2026-06-06,75.0,city,PN
85cf3b1,2026-03-17,25.0,city,GB
85cf3b1,2026-03-19,50.0,city,GG
85cf3b1,2026-03-19,10.0,city,ME
85cf3b1,2026-03-28,25.0,city,BM
85cf3b1,2026-03-29,10.0,city,MS
85cf3b1,2026-03-31,5.0,city,SF
85cf3b1,2026-04-25,10.0,city,FC
85cf3b1,2026-05-25,10.0,city,FC
85cf3b1,2026-05-26,20.0,city,AN
85cf3b1,2026-05-30,3.0,city,SF
85cf3b1,2026-06-19,5.0,city,SF
85cf3b1,2026-06-25,10.0,city,FC
85cf3b1,2026-06-30,3.0,city,SF
85cf3b1,2026-07-25,10.0,city,FC
860210b,2025-10-07,20.0,city,CA
860210b,2025-11-30,22.0,city,CA
860210b,2026-01-11,20.0,city,CA
860210b,2026-02-11,100.0,city,RD
860210b,2026-03-03,200.0,city,AL
88a0871,2025-08-20,4.0,city,TT
88a0871,2025-08-20,5.0,ucb,AR
88a0871,2025-08-21,10.0,city,BG
88a0871,2025-08-26,4.0,city,TT
88a0871,2025-08-31,25.0,city,LG
88a0871,2025-09-05,25.0,city,EK
88a0871,2025-09-05,12.5,city,EK
88a0871,2025-09-06,20.0,city,AJ
88a0871,2025-09-18,5.0,ucb,AR
88a0871,2025-09-20,4.0,city,TT
88a0871,2025-09-21,10.0,city,BG
88a0871,2025-09-26,4.0,city,TT
88a0871,2025-09-30,25.0,city,LG
88a0871,2025-10-05,25.0,city,EK
88a0871,2025-10-05,12.5,city,EK
88a0871,2025-10-06,20.0,city,AJ
88a0871,2025-10-15,25.0,city,RB
88a0871,2025-10-18,5.0,ucb,AR
88a0871,2025-10-20,4.0,city,TT
88a0871,2025-10-21,10.0,city,BG
88a0871,2025-10-26,4.0,city,TT
88a0871,2025-10-29,50.0,city,JH
88a0871,2025-10-31,25.0,city,LG
88a0871,2025-11-05,12.5,city,EK
88a0871,2025-11-05,25.0,city,EK
88a0871,2025-11-06,20.0,city,AJ
88a0871,2025-11-18,5.0,ucb,AR
88a0871,2025-11-20,4.0,city,TT
88a0871,2025-11-21,10.0,city,BG
88a0871,2025-11-26,4.0,city,TT
88a0871,2025-11-30,25.0,city,LG
88a0871,2025-12-05,25.0,city,EK
88a0871,2025-12-05,12.5,city,EK
88a0871,2025-12-06,20.0,city,AJ
88a0871,2025-12-15,50.0,city,JH
88a0871,2025-12-18,5.0,ucb,AR
88a0871,2025-12-20,4.0,city,TT
88a0871,2025-12-21,10.0,city,BG
88a0871,2025-12-26,4.0,city,TT
88a0871,2025-12-31,25.0,city,LG
88a0871,2026-01-05,12.5,city,EK
88a0871,2026-01-05,25.0,city,EK
88a0871,2026-01-06,20.0,city,AJ
88a0871,2026-01-20,4.0,city,TT
88a0871,2026-01-21,10.0,city,BG
88a0871,2026-01-25,5.0,city,LD
88a0871,2026-01-26,4.0,city,TT
88a0871,2026-01-31,25.0,city,LG
88a0871,2026-02-05,25.0,city,EK
88a0871,2026-02-05,12.5,city,EK
88a0871,2026-02-06,20.0,city,AJ
88a0871,2026-02-20,4.0,city,TT
88a0871,2026-02-21,10.0,city,BG
88a0871,2026-02-25,5.0,city,LD
88a0871,2026-02-26,4.0,city,TT
88a0871,2026-02-28,25.0,city,LG
88a0871,2026-03-05,25.0,city,EK
88a0871,2026-03-05,12.5,city,EK
88a0871,2026-03-06,20.0,city,AJ
88a0871,2026-03-20,4.0,city,TT
88a0871,2026-03-21,10.0,city,BG
88a0871,2026-03-25,5.0,city,LD
88a0871,2026-03-26,4.0,city,TT
88a0871,2026-03-28,25.0,ucb,AR
88a0871,2026-03-28,5.0,ucb,AR
88a0871,2026-03-31,25.0,city,LG
88a0871,2026-04-01,25.0,city,TB
88a0871,2026-04-05,12.5,city,EK
88a0871,2026-04-05,25.0,city,EK
88a0871,2026-04-06,20.0,city,AJ
88a0871,2026-04-20,4.0,city,TT
88a0871,2026-04-21,10.0,city,BG
88a0871,2026-04-25,5.0,city,LD
88a0871,2026-04-30,25.0,city,LG
88a0871,2026-05-05,25.0,city,EK
88a0871,2026-05-05,12.5,city,EK
88a0871,2026-05-06,20.0,city,AJ
88a0871,2026-05-21,10.0,city,BG
88a0871,2026-05-25,5.0,city,LD
88a0871,2026-05-31,25.0,city,LG
88a0871,2026-06-05,12.5,city,EK
88a0871,2026-06-05,25.0,city,EK
88a0871,2026-06-06,20.0,city,AJ
88a0871,2026-06-21,10.0,city,BG
88a0871,2026-06-30,25.0,city,LG
88aa52d,2025-10-31,500.0,city,AB
88aa52d,2025-12-05,100.0,city,JB
88aa52d,2026-01-05,100.0,city,AB
88b75ce,2025-08-12,5.0,city,LB
88b75ce,2025-08-14,1.0,city,LB
88b75ce,2025-09-02,12.0,city,LB
88b75ce,2025-10-09,8.5,city,LB
88b75ce,2025-10-14,10.0,city,LB
88b75ce,2025-11-19,10.0,city,LB
88b75ce,2025-12-15,25.0,city,LB
88cb465,2025-11-10,1000.0,city,SH
88cb465,2026-01-19,700.0,city,AB
8927f02,2025-08-13,50.0,city,PR
8927f02,2025-08-21,10.0,city,RG
8927f02,2025-08-28,25.0,city,HS
8927f02,2025-09-02,250.0,city,AB
8927f02,2025-09-02,250.0,ucb,RK
8927f02,2025-09-04,100.0,city,JC
8927f02,2025-09-04,250.0,city,KH
8927f02,2025-09-04,100.0,city,MS
8927f02,2025-09-06,250.0,city,JS
8927f02,2025-09-08,100.0,city,JK
8927f02,2025-09-09,250.0,city,AK
8927f02,2025-09-09,50.0,city,KT
8927f02,2025-09-12,250.0,city,AB
8927f02,2025-09-13,200.0,city,AP
8927f02,2025-09-17,250.0,city,PR
8927f02,2025-09-18,500.0,city,BB
8927f02,2025-09-18,100.0,city,RG
8927f02,2025-09-19,250.0,city,AH
8927f02,2025-09-19,250.0,city,DD
8927f02,2025-09-20,100.0,city,CF
8927f02,2025-09-20,250.0,city,MP
8927f02,2025-09-20,500.0,city,RS
8927f02,2025-09-22,500.0,city,PR
8927f02,2025-09-23,250.0,city,BM
8927f02,2025-09-23,100.0,city,RG
8927f02,2025-09-24,500.0,city,HA
8927f02,2025-09-27,750.0,city,SP
8927f02,2025-09-28,25.0,city,HS
8927f02,2025-09-29,100.0,city,JB
8927f02,2025-09-29,50.0,city,LM
8927f02,2025-09-29,50.0,city,TS
8927f02,2025-09-30,500.0,city,HS
8927f02,2025-09-30,200.0,city,JC
8927f02,2025-09-30,200.0,city,JM
8927f02,2025-09-30,300.0,city,JM
8927f02,2025-09-30,300.0,city,KA
8927f02,2025-09-30,500.0,city,MS
8927f02,2025-09-30,250.0,city,SP
8927f02,2025-10-04,250.0,city,JT
8927f02,2025-10-08,250.0,city,KH
8927f02,2025-10-10,50.0,city,PR
8927f02,2025-10-13,35.0,city,PF
8927f02,2025-10-14,35.0,city,CW
8927f02,2025-10-15,50.0,city,RB
8927f02,2025-10-17,250.0,city,AS
8927f02,2025-10-21,500.0,city,AL
8927f02,2025-10-30,1000.0,city,TC
8927f02,2025-11-01,50.0,city,PR
8927f02,2025-11-03,15.0,city,RG
8927f02,2025-11-05,250.0,city,KH
8927f02,2025-11-05,100.0,city,LM
8927f02,2025-11-05,25.0,city,PF
8927f02,2025-11-06,33.0,city,RH
8927f02,2025-11-06,33.0,city,RH
8927f02,2025-11-13,35.0,city,PF
8927f02,2025-11-14,35.0,city,CW
8927f02,2025-11-17,1000.0,city,GL
8927f02,2025-11-18,250.0,city,KH
8927f02,2025-11-20,100.0,city,LM
8927f02,2025-11-22,1000.0,both,CL
8927f02,2025-11-23,50.0,city,RH
8927f02,2025-11-29,10.0,city,AL
8927f02,2025-12-02,50.0,city,RD
8927f02,2025-12-06,50.0,city,MS
8927f02,2025-12-09,50.0,city,JC
8927f02,2025-12-09,125.0,city,RD
8927f02,2025-12-10,250.0,city,AH
8927f02,2025-12-10,25.0,city,AL
8927f02,2025-12-11,35.0,city,RG
8927f02,2025-12-13,35.0,city,PF
8927f02,2025-12-14,35.0,city,CW
8927f02,2025-12-14,250.0,city,RD
8927f02,2025-12-15,1000.0,city,AH
8927f02,2025-12-15,1000.0,city,AH
8927f02,2025-12-15,250.0,city,DN
8927f02,2025-12-15,500.0,city,GG
8927f02,2025-12-15,1000.0,city,KM
8927f02,2025-12-15,250.0,city,MS
8927f02,2025-12-15,500.0,city,SH
8927f02,2025-12-16,1000.0,both,CL
8927f02,2025-12-16,250.0,city,CF
8927f02,2025-12-16,250.0,city,KH
8927f02,2025-12-16,250.0,city,RH
8927f02,2025-12-16,1000.0,ucb,DE
8927f02,2025-12-18,250.0,city,RD
8927f02,2025-12-18,500.0,city,RS
8927f02,2025-12-21,1000.0,city,TO
8927f02,2025-12-23,1.47,city,JW
8927f02,2025-12-27,27.0,city,RB
8927f02,2025-12-27,1000.0,city,RD
8927f02,2025-12-31,100.0,city,AL
8927f02,2026-01-07,1.47,city,JW
8927f02,2026-01-13,25.0,city,JW
8927f02,2026-01-13,35.0,city,PF
8927f02,2026-01-15,100.0,city,AC
8927f02,2026-01-15,27.0,city,SC
8927f02,2026-01-20,25.0,city,JW
8927f02,2026-01-23,250.0,city,MP
8927f02,2026-01-27,500.0,city,CL
8927f02,2026-01-27,25.0,city,JW
8927f02,2026-01-27,250.0,city,MM
8927f02,2026-01-29,100.0,city,RD
8927f02,2026-01-29,500.0,city,WT
8927f02,2026-02-01,1.47,city,JW
8927f02,2026-02-03,200.0,city,AL
8927f02,2026-02-03,250.0,city,HS
8927f02,2026-02-06,1.0,city,JW
8927f02,2026-02-09,50.0,city,JW
8927f02,2026-02-09,833.33,ucb,MO
8927f02,2026-02-13,1.0,city,JW
8927f02,2026-02-13,35.0,city,PF
8927f02,2026-02-14,35.0,city,CW
8927f02,2026-02-14,100.0,city,JB
8927f02,2026-02-14,1.0,city,JW
8927f02,2026-02-16,25.0,city,JC
8927f02,2026-02-16,250.0,city,JM
8927f02,2026-02-17,200.0,city,CC
8927f02,2026-02-17,125.0,city,TC
8927f02,2026-02-18,125.0,city,AH
8927f02,2026-02-18,250.0,city,AL
8927f02,2026-02-18,1.0,city,JW
8927f02,2026-02-18,125.0,city,MS
8927f02,2026-02-18,500.0,city,SG
8927f02,2026-02-19,100.0,city,AC
8927f02,2026-02-19,500.0,city,LM
8927f02,2026-02-19,250.0,city,RH
8927f02,2026-02-20,500.0,city,DD
8927f02,2026-02-20,500.0,city,HL
8927f02,2026-02-20,250.0,city,IH
8927f02,2026-02-20,250.0,city,RD
8927f02,2026-02-21,250.0,city,RG
8927f02,2026-02-22,1.47,city,JW
8927f02,2026-02-23,250.0,city,MH
8927f02,2026-02-25,125.0,city,DH
8927f02,2026-02-25,125.0,city,JC
8927f02,2026-02-26,125.0,city,PK
8927f02,2026-02-27,125.0,city,JK
8927f02,2026-02-28,150.0,city,AC
8927f02,2026-03-01,500.0,city,MD
8927f02,2026-03-02,1.0,city,JW
8927f02,2026-03-03,250.0,city,BM
8927f02,2026-03-03,500.0,city,MM
8927f02,2026-03-03,500.0,city,PR
8927f02,2026-03-04,100.0,city,KT
8927f02,2026-03-04,125.0,city,LM
8927f02,2026-03-04,100.0,city,ML
8927f02,2026-03-05,200.0,city,JF
8927f02,2026-03-05,500.0,city,RD
8927f02,2026-03-05,500.0,city,RE
8927f02,2026-03-05,250.0,city,TS
8927f02,2026-03-07,250.0,city,DH
8927f02,2026-03-07,25.0,city,RB
8927f02,2026-03-08,1000.0,city,AH
8927f02,2026-03-08,100.0,city,AL
8927f02,2026-03-08,250.0,city,BM
8927f02,2026-03-08,1600.0,city,BM
8927f02,2026-03-08,200.0,city,DM
8927f02,2026-03-08,100.0,city,JC
8927f02,2026-03-08,100.0,city,JF
8927f02,2026-03-08,250.0,city,MD
8927f02,2026-03-08,100.0,city,MH
8927f02,2026-03-08,500.0,city,MS
8927f02,2026-03-08,100.0,city,PF
8927f02,2026-03-08,1000.0,city,PK
8927f02,2026-03-08,250.0,city,RB
8927f02,2026-03-08,250.0,city,RH
8927f02,2026-03-08,1000.0,city,SC
8927f02,2026-03-09,6.25,city,JW
8927f02,2026-03-09,400.0,city,PR
8927f02,2026-03-09,600.0,city,PR
8927f02,2026-03-10,100.0,city,DH
8927f02,2026-03-10,1.47,city,JW
8927f02,2026-03-13,35.0,city,PF
8927f02,2026-03-13,226.22,city,RB
8927f02,2026-03-14,35.0,city,CW
8927f02,2026-03-17,50.0,city,JW
8927f02,2026-03-18,250.0,city,CC
8927f02,2026-03-18,100.0,city,TC
8927f02,2026-03-19,100.0,city,BM
8927f02,2026-03-19,250.0,city,CC
8927f02,2026-03-19,100.0,city,RD
8927f02,2026-03-21,100.0,city,HS
8927f02,2026-03-23,100.0,city,RD
8927f02,2026-03-24,25.0,city,JW
8927f02,2026-03-27,22.0,city,RG
8927f02,2026-03-28,50.0,city,LM
8927f02,2026-03-28,1000.0,city,SC
8927f02,2026-03-29,1000.0,city,KH
8927f02,2026-03-31,500.0,city,CH
8927f02,2026-04-01,250.0,city,SD
8927f02,2026-04-07,1.47,city,JW
8927f02,2026-04-07,125.0,city,RD
8927f02,2026-04-07,25.0,city,RG
8927f02,2026-04-08,35.0,city,RG
8927f02,2026-04-10,100.0,city,RD
8927f02,2026-04-13,1.47,city,JW
8927f02,2026-04-13,35.0,city,PF
8927f02,2026-04-14,35.0,city,CW
8927f02,2026-04-14,50.0,city,JW
8927f02,2026-04-16,50.0,city,DL
8927f02,2026-04-18,1.47,city,JW
8927f02,2026-04-19,50.0,city,AL
8927f02,2026-04-24,175.0,city,BB
8927f02,2026-04-24,100.0,city,RD
8927f02,2026-04-24,500.0,city,WT
8927f02,2026-04-29,250.0,city,AL
8927f02,2026-05-01,500.0,city,TC
8927f02,2026-05-05,100.0,city,JF
8927f02,2026-05-05,500.0,city,JF
8927f02,2026-05-05,250.0,city,JM
8927f02,2026-05-05,25.0,city,JW
8927f02,2026-05-05,50.0,city,JW
8927f02,2026-05-05,100.0,city,RD
8927f02,2026-05-06,12.5,city,JW
8927f02,2026-05-07,27.0,city,JW
8927f02,2026-05-07,125.0,city,JW
8927f02,2026-05-08,100.0,city,JB
8927f02,2026-05-08,50.0,city,LM
8927f02,2026-05-10,500.0,city,DH
8927f02,2026-05-10,100.0,city,RG
8927f02,2026-05-11,500.0,city,HS
8927f02,2026-05-12,750.0,city,AL
8927f02,2026-05-12,50.0,city,JW
8927f02,2026-05-12,25.0,city,JW
8927f02,2026-05-12,50.0,city,RD
8927f02,2026-05-12,1000.0,city,SP
8927f02,2026-05-13,100.0,city,AB
8927f02,2026-05-13,100.0,city,BS
8927f02,2026-05-13,35.0,city,PF
8927f02,2026-05-13,600.0,city,WB
8927f02,2026-05-14,25.0,city,RP
8927f02,2026-05-16,35.0,city,CW
8927f02,2026-05-16,50.0,city,DL
8927f02,2026-05-16,2.94,city,JW
8927f02,2026-05-16,13.5,city,JW
8927f02,2026-05-17,1000.0,city,JD
8927f02,2026-05-17,1.47,city,JW
8927f02,2026-05-18,1.86,city,JW
8927f02,2026-05-19,100.0,city,AG
8927f02,2026-05-19,250.0,city,MM
8927f02,2026-05-19,250.0,city,TA
8927f02,2026-05-19,100.0,city,TA
8927f02,2026-05-19,90.0,ucb,CA
8927f02,2026-05-20,2.78,city,JW
8927f02,2026-05-20,250.0,city,RB
8927f02,2026-05-22,35.0,city,RG
8927f02,2026-05-23,100.0,city,DD
8927f02,2026-05-23,35.0,city,RG
8927f02,2026-05-23,3000.0,city,TS
8927f02,2026-05-24,200.0,city,DF
8927f02,2026-05-24,100.0,city,JB
8927f02,2026-05-24,250.0,city,JR
8927f02,2026-05-24,35.0,city,RG
8927f02,2026-05-25,1.73,city,JW
8927f02,2026-05-25,50.0,city,PF
8927f02,2026-05-25,1000.0,city,PK
8927f02,2026-05-25,10.0,city,RG
8927f02,2026-05-26,300.0,city,HA
8927f02,2026-05-27,250.0,city,BB
8927f02,2026-05-27,1.45,city,JW
8927f02,2026-05-27,1000.0,city,WB
8927f02,2026-05-28,25.0,city,JW
8927f02,2026-05-29,100.0,city,RS
8927f02,2026-05-30,250.0,city,HS
8927f02,2026-05-30,25.0,city,MP
8927f02,2026-06-04,2.78,city,JW
8927f02,2026-06-06,5.0,city,RG
8927f02,2026-06-07,30.0,city,JW
8927f02,2026-06-07,27.0,city,JW
8927f02,2026-06-09,500.0,city,AS
8927f02,2026-06-09,50.0,city,JW
8927f02,2026-06-11,35.0,city,JC
8927f02,2026-06-11,500.0,city,SH
8927f02,2026-06-12,250.0,ucb,GL
8927f02,2026-06-13,500.0,city,JB
8927f02,2026-06-13,35.0,city,PF
8927f02,2026-06-15,250.0,city,RP
8927f02,2026-06-16,50.0,city,DL
8927f02,2026-06-17,1.0,city,JW
8927f02,2026-06-17,10.0,city,MS
8927f02,2026-06-18,100.0,city,RM
8927f02,2026-06-19,100.0,city,LM
8927f02,2026-06-20,25.0,ucb,CA
8927f02,2026-06-21,100.0,city,BC
8927f02,2026-06-23,100.0,city,DD
8927f02,2026-06-24,250.0,city,HS
8927f02,2026-06-24,1.45,city,JW
8927f02,2026-06-24,125.0,city,RB
8927f02,2026-06-25,100.0,city,CC
8927f02,2026-06-25,250.0,city,KH
8927f02,2026-06-25,500.0,city,WT
8927f02,2026-06-26,10.0,city,RG
8927f02,2026-06-29,100.0,city,DF
8927f02,2026-06-29,250.0,city,JB
8927f02,2026-06-29,9.61,city,JW
8927f02,2026-06-29,83.34,city,RD
8927f02,2026-06-30,100.0,city,AB
8927f02,2026-06-30,50.0,city,JW
8927f02,2026-06-30,35.0,city,LM
8927f02,2026-06-30,150.0,city,SD
8931dc8,2026-03-09,3500.0,city,SS
8931dc8,2026-03-09,3500.0,city,SS
8931dc8,2026-03-12,500.0,city,DH
8931dc8,2026-03-17,500.0,city,BW
8931dc8,2026-03-17,750.0,city,DT
8931dc8,2026-03-17,700.0,city,GW
8931dc8,2026-03-17,250.0,city,HS
8931dc8,2026-03-17,1500.0,city,JG
8931dc8,2026-03-17,400.0,city,JG
8931dc8,2026-03-17,3500.0,city,JG
8931dc8,2026-03-17,1000.0,city,JH
8931dc8,2026-03-17,500.0,city,JR
8931dc8,2026-03-17,500.0,city,JS
8931dc8,2026-03-17,1000.0,city,NB
8931dc8,2026-03-17,500.0,city,PS
8931dc8,2026-03-17,250.0,city,WJ
8931dc8,2026-03-24,500.0,city,DR
8931dc8,2026-03-24,250.0,city,KB
8931dc8,2026-03-31,1000.0,city,LR
89c504e,2026-04-21,50.0,city,GS
89c504e,2026-05-21,50.0,city,GS
89c504e,2026-06-21,50.0,city,GS
8a8f44d,2026-02-18,1000.0,city,DH
8a8f44d,2026-02-18,1000.0,city,DH
8c17057,2025-09-08,100.0,city,PA
8c17057,2025-12-20,50.0,city,PA
8c17057,2026-01-13,250.0,city,PZ
8c17057,2026-01-22,1000.0,both,DK
8c17057,2026-01-22,1000.0,city,MH
8c17057,2026-02-13,100.0,city,PA
8c17057,2026-03-27,500.0,city,BS
8c17057,2026-04-01,500.0,city,MM
8c17057,2026-04-25,100.0,city,PA
8c17057,2026-05-08,100.0,city,PA
8cd7090,2025-08-30,50.0,city,RR
8cd7090,2025-09-18,50.0,city,RR
8e2c3a3,2025-12-01,1000.0,both,DM
8e2c3a3,2025-12-30,1339.0,both,DM
8e2c3a3,2025-12-30,750.0,both,DM
8e2c3a3,2026-06-09,250.0,city,XO
8e35fae,2026-01-26,3500.0,city,DZ
8e35fae,2026-01-26,3500.0,city,DZ
8e35fae,2026-02-02,3500.0,city,SV
8e35fae,2026-02-02,3500.0,city,SV
8e35fae,2026-02-09,3500.0,city,ZP
8e35fae,2026-02-09,3500.0,city,ZP
8e58bb3,2025-09-30,250.0,ucb,TS
8e68fc3,2025-08-20,25.0,city,LW
8e68fc3,2025-08-23,250.0,city,JM
8e68fc3,2025-08-26,50.0,city,LH
8e68fc3,2025-08-27,25.0,city,LW
8e68fc3,2025-09-09,100.0,city,AB
8e68fc3,2025-09-10,17.5,city,EK
8e68fc3,2025-09-20,25.0,city,LW
8e68fc3,2025-09-26,200.0,city,EB
8e68fc3,2025-09-26,50.0,city,LH
8e68fc3,2025-10-16,50.0,city,EB
8e68fc3,2025-10-20,25.0,city,LW
8e68fc3,2025-10-26,25.0,city,LH
8e68fc3,2025-10-29,25.0,city,BG
8e68fc3,2025-10-31,25.0,city,BG
8e68fc3,2025-10-31,25.0,city,BG
8e68fc3,2025-11-16,1000.0,city,AG
8e68fc3,2025-11-16,40.0,city,DS
8e68fc3,2025-11-16,1500.0,city,DT
8e68fc3,2025-11-20,25.0,city,LW
8e68fc3,2025-11-21,100.0,city,CD
8e68fc3,2025-11-25,25.0,city,EK
8e68fc3,2025-11-26,17.5,city,BG
8e68fc3,2025-11-26,12.5,city,BG
8e68fc3,2025-11-26,25.0,city,LH
8e68fc3,2025-11-29,250.0,city,PC
8e68fc3,2025-11-29,250.0,city,PC
8e68fc3,2025-12-01,100.0,city,EB
8e68fc3,2025-12-16,40.0,city,DS
8e68fc3,2025-12-20,25.0,city,LW
8e68fc3,2025-12-26,25.0,city,LH
8e68fc3,2025-12-30,10.0,city,BG
8e68fc3,2025-12-31,25.0,city,BG
8e68fc3,2026-01-16,40.0,city,DS
8e68fc3,2026-01-20,200.0,city,CD
8e68fc3,2026-01-20,50.0,city,EK
8e68fc3,2026-01-20,25.0,city,LW
8e68fc3,2026-01-26,25.0,city,LH
8e68fc3,2026-02-10,50.0,city,EK
8e68fc3,2026-02-10,50.0,city,KS
8e68fc3,2026-02-10,200.0,city,MC
8e68fc3,2026-02-12,100.0,city,RZ
8e68fc3,2026-02-16,40.0,city,DS
8e68fc3,2026-02-20,25.0,city,LW
8e68fc3,2026-02-22,12.5,city,EK
8e68fc3,2026-02-22,12.5,city,EK
8e68fc3,2026-02-26,25.0,city,LH
8e68fc3,2026-03-10,250.0,city,AB
8e68fc3,2026-03-16,40.0,city,DS
8e68fc3,2026-03-20,25.0,city,LW
8e68fc3,2026-03-24,500.0,city,AB
8e68fc3,2026-03-26,25.0,city,LH
8e6a52a,2025-08-28,40.0,city,KB
8e6a52a,2025-09-22,100.0,city,CS
8e6a52a,2025-09-28,40.0,city,KB
8e6a52a,2025-10-01,20.0,both,PV
8e6a52a,2025-10-01,25.0,city,SS
8e6a52a,2025-10-08,250.0,city,SM
8e6a52a,2025-10-28,40.0,city,KB
8e6a52a,2025-10-30,100.0,city,CS
8e6a52a,2025-11-01,20.0,both,PV
8e6a52a,2025-11-01,25.0,city,SS
8e6a52a,2025-11-28,40.0,city,KB
8e6a52a,2025-11-30,50.0,city,CS
8e6a52a,2025-12-01,20.0,both,PV
8e6a52a,2025-12-01,25.0,city,SS
8e6a52a,2025-12-28,40.0,city,KB
8e6a52a,2026-01-01,20.0,both,PV
8e6a52a,2026-01-01,25.0,city,SS
8e6a52a,2026-01-28,40.0,city,KB
8e6a52a,2026-02-01,20.0,both,PV
8e6a52a,2026-02-01,25.0,city,SS
8e6a52a,2026-02-28,40.0,city,KB
8e6a52a,2026-03-01,20.0,both,PV
8e6a52a,2026-03-01,25.0,city,SS
8e6a52a,2026-03-28,40.0,city,KB
8e6a52a,2026-04-01,20.0,both,PV
8e6a52a,2026-04-01,25.0,city,SS
8e6a52a,2026-04-02,50.0,city,SL
8e6a52a,2026-04-18,50.0,city,MA
8e6a52a,2026-04-25,250.0,city,SM
8e6a52a,2026-04-28,40.0,city,KB
8e6a52a,2026-05-01,20.0,both,PV
8e6a52a,2026-05-01,25.0,city,SS
8e6a52a,2026-05-02,50.0,city,SL
8e6a52a,2026-05-11,50.0,city,MA
8e6a52a,2026-05-12,1500.0,city,RS
8e6a52a,2026-05-28,40.0,city,KB
8e6a52a,2026-06-01,20.0,both,PV
8e6a52a,2026-06-01,25.0,city,SS
8e6a52a,2026-06-02,50.0,city,SL
8e6a52a,2026-06-09,50.0,city,MA
8e6a52a,2026-06-18,25.0,city,MA
8e6a52a,2026-06-21,50.0,city,EY
8e6a52a,2026-06-24,50.0,city,EY
8e6a52a,2026-06-28,40.0,city,KB
90290ac,2025-08-13,50.0,city,SR
90290ac,2025-08-26,100.0,city,FW
90290ac,2025-08-29,50.0,city,FA
90290ac,2025-09-02,100.0,city,EH
90290ac,2025-09-02,25.0,city,JW
90290ac,2025-09-07,75.0,city,SR
90290ac,2025-09-13,50.0,city,SR
90290ac,2025-09-14,250.0,city,JG
90290ac,2025-09-15,400.0,city,ES
90290ac,2025-09-15,50.0,city,JH
90290ac,2025-09-15,10.0,city,KS
90290ac,2025-09-15,50.0,city,LW
90290ac,2025-09-19,100.0,city,MF
90290ac,2025-09-21,50.0,city,PM
90290ac,2025-09-29,50.0,city,FA
90290ac,2025-10-01,25.0,city,LR
90290ac,2025-10-02,100.0,city,EH
90290ac,2025-10-02,25.0,city,JW
90290ac,2025-10-03,25.0,city,ML
90290ac,2025-10-05,25.0,city,AP
90290ac,2025-10-07,75.0,city,SR
90290ac,2025-10-13,50.0,city,SR
90290ac,2025-10-21,50.0,city,JH
90290ac,2025-11-01,25.0,city,LR
90290ac,2025-11-02,100.0,city,EH
90290ac,2025-11-02,25.0,city,JW
90290ac,2025-11-03,25.0,city,ML
90290ac,2025-11-05,25.0,city,AP
90290ac,2025-11-07,75.0,city,SR
90290ac,2025-11-12,200.0,city,JT
90290ac,2025-11-13,50.0,city,SR
90290ac,2025-11-21,25.0,city,BG
90290ac,2025-11-24,50.0,city,TT
90290ac,2025-11-25,25.0,city,BG
90290ac,2025-11-25,12.5,city,BG
90290ac,2025-11-27,12.5,city,BG
90290ac,2025-11-30,25.0,city,BG
90290ac,2025-12-01,25.0,city,LR
90290ac,2025-12-02,25.0,city,JW
90290ac,2025-12-03,25.0,city,ML
90290ac,2025-12-04,12.5,city,BG
90290ac,2025-12-05,25.0,city,AP
90290ac,2025-12-06,3500.0,city,DZ
90290ac,2025-12-06,1500.0,city,DZ
90290ac,2025-12-07,75.0,city,SR
90290ac,2025-12-09,75.0,city,FW
90290ac,2025-12-13,12.5,city,BG
90290ac,2025-12-13,50.0,city,SR
90290ac,2025-12-16,5.0,city,BG
90290ac,2025-12-17,25.0,city,BG
90290ac,2025-12-19,25.0,city,BG
90290ac,2025-12-31,50.0,city,TT
90290ac,2025-12-31,50.0,city,TT
90290ac,2026-01-01,25.0,city,LR
90290ac,2026-01-02,25.0,city,JW
90290ac,2026-01-03,10.0,city,KW
90290ac,2026-01-03,25.0,city,ML
90290ac,2026-01-05,25.0,city,AP
90290ac,2026-01-07,75.0,city,SR
90290ac,2026-01-13,50.0,city,SR
90290ac,2026-01-30,18.0,city,SP
90290ac,2026-02-01,25.0,city,LR
90290ac,2026-02-02,25.0,city,JW
90290ac,2026-02-03,10.0,city,KW
90290ac,2026-02-03,25.0,city,ML
90290ac,2026-02-07,75.0,city,SR
90290ac,2026-02-10,250.0,city,CH
90290ac,2026-02-10,50.0,city,TT
90290ac,2026-02-13,50.0,city,SR
90290ac,2026-02-18,100.0,city,LB
90290ac,2026-02-28,18.0,city,SP
90290ac,2026-03-01,25.0,city,LR
90290ac,2026-03-02,25.0,city,JW
90290ac,2026-03-03,10.0,city,KW
90290ac,2026-03-03,25.0,city,ML
90290ac,2026-03-07,75.0,city,SR
90290ac,2026-03-13,50.0,city,SR
90290ac,2026-03-24,50.0,city,JH
90290ac,2026-03-29,100.0,city,PM
90290ac,2026-03-30,18.0,city,SP
90290ac,2026-03-31,50.0,city,BP
90290ac,2026-04-01,25.0,city,LR
90290ac,2026-04-02,25.0,city,JW
90290ac,2026-04-03,10.0,city,KW
90290ac,2026-04-03,25.0,city,ML
90290ac,2026-04-07,75.0,city,SR
90290ac,2026-04-08,100.0,city,MC
90290ac,2026-04-13,50.0,city,SR
90290ac,2026-04-23,25.0,city,SP
90290ac,2026-04-30,18.0,city,SP
90290ac,2026-05-01,25.0,city,LR
90290ac,2026-05-02,25.0,city,JW
90290ac,2026-05-03,10.0,city,KW
90290ac,2026-05-03,25.0,city,ML
90290ac,2026-05-07,75.0,city,SR
90290ac,2026-05-13,50.0,city,SR
90290ac,2026-06-01,25.0,city,LR
90290ac,2026-06-02,25.0,city,JW
90290ac,2026-06-03,25.0,city,ML
90290ac,2026-06-07,75.0,city,SR
90290ac,2026-06-13,50.0,city,SR
90290ac,2026-06-15,50.0,city,JH
90290ac,2026-06-18,50.0,city,TT
90290ac,2026-06-26,200.0,city,MC
90290ac,2026-06-29,100.0,city,FW
90290ac,2026-06-30,100.0,city,PA
9073f7c,2026-01-28,500.0,city,JL
9073f7c,2026-01-28,250.0,city,KM
9073f7c,2026-01-29,250.0,city,DT
9073f7c,2026-01-31,250.0,city,NG
9073f7c,2026-02-06,300.0,city,AG
9073f7c,2026-02-06,500.0,city,PG
9073f7c,2026-02-18,250.0,city,ET
9073f7c,2026-02-23,250.0,city,CM
9073f7c,2026-02-28,225.0,city,HK
9073f7c,2026-03-01,250.0,city,HS
9073f7c,2026-03-02,250.0,city,RP
9073f7c,2026-03-12,100.0,city,AW
9073f7c,2026-03-12,100.0,city,KA
9073f7c,2026-03-13,500.0,city,AB
9073f7c,2026-03-13,100.0,city,DT
9073f7c,2026-03-22,500.0,city,DT
9073f7c,2026-03-28,50.0,city,ET
9073f7c,2026-04-04,250.0,city,JB
9073f7c,2026-04-10,50.0,city,RP
9073f7c,2026-04-12,100.0,city,HS
9073f7c,2026-04-21,100.0,city,ET
9073f7c,2026-04-28,25.0,city,AB
9073f7c,2026-04-30,250.0,city,NG
9073f7c,2026-05-04,200.0,city,SS
9073f7c,2026-05-04,100.0,city,SS
9073f7c,2026-05-06,200.0,city,JR
9073f7c,2026-05-08,500.0,city,AB
9073f7c,2026-05-12,100.0,city,FB
9073f7c,2026-05-16,50.0,city,NG
9073f7c,2026-05-17,250.0,city,PC
9073f7c,2026-05-18,100.0,city,ET
9073f7c,2026-05-23,250.0,city,CF
9073f7c,2026-05-24,50.0,city,LS
9073f7c,2026-05-27,1000.0,city,AS
9073f7c,2026-05-27,1000.0,city,BF
9073f7c,2026-05-28,100.0,city,AJ
9073f7c,2026-05-29,25.0,city,LW
9073f7c,2026-06-06,50.0,city,CB
9073f7c,2026-06-07,500.0,city,MC
9073f7c,2026-06-08,500.0,city,HL
9073f7c,2026-06-11,250.0,city,AB
9073f7c,2026-06-15,200.0,city,WG
9073f7c,2026-06-19,25.0,city,CB
9073f7c,2026-06-23,200.0,city,DT
9073f7c,2026-06-23,200.0,city,JT
9073f7c,2026-06-23,100.0,ucb,DH
9073f7c,2026-06-24,100.0,city,AJ
9073f7c,2026-06-29,100.0,city,FB
9073f7c,2026-06-29,25.0,city,LW
9073f7c,2026-06-30,100.0,city,MA
9089c03,2025-09-18,3000.0,city,JM
9089c03,2025-09-18,1500.0,city,PK
9089c03,2025-10-24,250.0,city,EB
9089c03,2026-03-06,1000.0,city,JC
9089c03,2026-03-30,250.0,city,KJ
90b7300,2025-08-11,100.0,city,TR
90b7300,2025-08-12,500.0,city,MH
90b7300,2025-08-12,500.0,city,MH
90b7300,2025-08-12,3500.0,city,MH
90b7300,2025-08-14,35.0,city,MC
90b7300,2025-08-14,10.0,city,TR
90b7300,2025-08-15,200.0,city,IB
90b7300,2025-08-15,20.0,city,WW
90b7300,2025-08-18,1000.0,city,PK
90b7300,2025-08-23,100.0,city,KH
90b7300,2025-08-23,20.0,city,NA
90b7300,2025-08-24,350.0,city,JV
90b7300,2025-08-25,500.0,city,JG
90b7300,2025-08-25,100.0,city,TR
90b7300,2025-08-26,250.0,city,MS
90b7300,2025-08-29,100.0,city,AS
90b7300,2025-09-04,2500.0,city,CL
90b7300,2025-09-04,50.0,city,LL
90b7300,2025-09-04,300.0,city,SS
90b7300,2025-09-13,1000.0,city,DE
90b7300,2025-09-14,35.0,city,MC
90b7300,2025-09-14,10.0,city,TR
90b7300,2025-09-15,20.0,city,WW
90b7300,2025-09-17,15.0,city,SJ
90b7300,2025-09-23,20.0,city,NA
90b7300,2025-09-29,30.0,city,DC
90b7300,2025-09-30,250.0,city,EV
90b7300,2025-09-30,1000.0,city,LS
90b7300,2025-10-04,50.0,city,LL
90b7300,2025-10-14,35.0,city,MC
90b7300,2025-10-14,10.0,city,TR
90b7300,2025-10-15,20.0,city,WW
90b7300,2025-10-23,20.0,city,NA
90b7300,2025-10-27,25.0,city,LW
90b7300,2025-10-31,25.0,city,MM
90b7300,2025-11-04,50.0,city,LL
90b7300,2025-11-14,35.0,city,MC
90b7300,2025-11-14,10.0,city,TR
90b7300,2025-11-15,20.0,city,WW
90b7300,2025-11-18,500.0,city,CL
90b7300,2025-11-18,150.0,city,DR
90b7300,2025-11-18,150.0,city,PT
90b7300,2025-11-19,100.0,city,DC
90b7300,2025-11-19,100.0,city,WB
90b7300,2025-11-23,20.0,city,NA
90b7300,2025-11-26,100.0,city,TR
90b7300,2025-11-27,25.0,city,LW
90b7300,2025-11-30,100.0,city,LA
90b7300,2025-11-30,25.0,city,MM
90b7300,2025-12-04,100.0,city,KH
90b7300,2025-12-04,50.0,city,LL
90b7300,2025-12-14,35.0,city,MC
90b7300,2025-12-14,10.0,city,TR
90b7300,2025-12-15,20.0,city,WW
90b7300,2025-12-23,20.0,city,NA
90b7300,2025-12-23,250.0,city,VW
90b7300,2025-12-27,25.0,city,LW
90b7300,2025-12-31,500.0,city,CL
90b7300,2025-12-31,500.0,city,EE
90b7300,2025-12-31,25.0,city,MM
90b7300,2025-12-31,1000.0,city,RL
90b7300,2026-01-04,50.0,city,LL
90b7300,2026-01-12,100.0,city,JK
90b7300,2026-01-12,100.0,city,KH
90b7300,2026-01-13,100.0,city,WB
90b7300,2026-01-14,250.0,city,CH
90b7300,2026-01-14,10.0,city,TR
90b7300,2026-01-15,3500.0,city,GH
90b7300,2026-01-15,3500.0,city,GH
90b7300,2026-01-15,20.0,city,WW
90b7300,2026-01-20,1000.0,city,BC
90b7300,2026-01-22,100.0,city,AM
90b7300,2026-01-23,100.0,city,LA
90b7300,2026-01-23,250.0,city,MB
90b7300,2026-01-23,20.0,city,NA
90b7300,2026-01-27,25.0,city,LW
90b7300,2026-01-30,500.0,city,AB
90b7300,2026-01-31,25.0,city,MM
90b7300,2026-02-02,250.0,city,RB
90b7300,2026-02-03,150.0,city,DC
90b7300,2026-02-04,50.0,city,LL
90b7300,2026-02-05,250.0,city,JK
90b7300,2026-02-05,250.0,city,JW
90b7300,2026-02-05,100.0,city,TR
90b7300,2026-02-06,200.0,city,JO
90b7300,2026-02-10,200.0,city,IK
90b7300,2026-02-14,35.0,city,MC
90b7300,2026-02-14,10.0,city,TR
90b7300,2026-02-15,20.0,city,WW
90b7300,2026-02-16,250.0,city,JS
90b7300,2026-02-17,100.0,city,DC
90b7300,2026-02-18,200.0,city,AM
90b7300,2026-02-18,100.0,city,IB
90b7300,2026-02-18,150.0,city,TL
90b7300,2026-02-19,250.0,city,AH
90b7300,2026-02-23,20.0,city,NA
90b7300,2026-02-27,250.0,city,DG
90b7300,2026-02-27,2300.0,city,KH
90b7300,2026-02-27,200.0,city,KH
90b7300,2026-02-27,25.0,city,LW
90b7300,2026-02-28,25.0,city,MM
90b7300,2026-03-02,1000.0,city,CF
90b7300,2026-03-04,50.0,city,LL
90b7300,2026-03-05,100.0,city,WB
90b7300,2026-03-10,100.0,city,AS
90b7300,2026-03-11,200.0,city,AM
90b7300,2026-03-11,250.0,city,VW
90b7300,2026-03-12,100.0,city,MC
90b7300,2026-03-14,250.0,city,AS
90b7300,2026-03-14,100.0,city,JW
90b7300,2026-03-14,35.0,city,MC
90b7300,2026-03-14,10.0,city,TR
90b7300,2026-03-15,20.0,city,WW
90b7300,2026-03-18,500.0,city,BA
90b7300,2026-03-18,1000.0,city,JA
90b7300,2026-03-19,250.0,city,ST
90b7300,2026-03-20,1000.0,city,AS
90b7300,2026-03-23,20.0,city,NA
90b7300,2026-03-27,25.0,city,LW
90b7300,2026-03-31,25.0,city,MM
90b7300,2026-03-31,250.0,city,SB
90b7300,2026-04-04,50.0,city,LL
90b7300,2026-04-14,35.0,city,MC
90b7300,2026-04-14,10.0,city,TR
90b7300,2026-04-15,20.0,city,WW
90b7300,2026-04-22,250.0,city,RD
90b7300,2026-04-23,20.0,city,NA
90b7300,2026-04-27,250.0,city,LA
90b7300,2026-04-27,25.0,city,LW
90b7300,2026-04-28,1200.0,city,KH
90b7300,2026-04-29,25.0,city,PW
90b7300,2026-04-30,25.0,city,MM
90b7300,2026-05-01,250.0,city,BA
90b7300,2026-05-01,500.0,city,JO
90b7300,2026-05-03,250.0,city,SB
90b7300,2026-05-04,250.0,city,JG
90b7300,2026-05-04,50.0,city,LL
90b7300,2026-05-05,1000.0,city,PG
90b7300,2026-05-06,250.0,city,LA
90b7300,2026-05-06,100.0,city,MS
90b7300,2026-05-10,1000.0,city,SL
90b7300,2026-05-11,100.0,city,JM
90b7300,2026-05-13,1000.0,city,PK
90b7300,2026-05-14,35.0,city,MC
90b7300,2026-05-14,10.0,city,TR
90b7300,2026-05-15,500.0,city,NE
90b7300,2026-05-15,20.0,city,WW
90b7300,2026-05-23,20.0,city,NA
90b7300,2026-05-25,250.0,city,LP
90b7300,2026-05-27,25.0,city,LW
90b7300,2026-05-27,300.0,city,YY
90b7300,2026-05-28,1000.0,city,AS
90b7300,2026-05-29,300.0,city,JD
90b7300,2026-05-29,300.0,city,LP
90b7300,2026-05-29,300.0,city,MS
90b7300,2026-05-29,25.0,city,PW
90b7300,2026-05-29,250.0,city,SB
90b7300,2026-05-29,2500.0,city,SL
90b7300,2026-05-30,250.0,city,RA
90b7300,2026-05-31,25.0,city,MM
90b7300,2026-06-02,1000.0,city,NA
90b7300,2026-06-02,2500.0,city,NA
90b7300,2026-06-04,50.0,city,LL
90b7300,2026-06-09,150.0,city,HM
90b7300,2026-06-11,100.0,city,JA
90b7300,2026-06-11,25.0,city,LA
90b7300,2026-06-14,10.0,city,TR
90b7300,2026-06-14,250.0,ucb,DM
90b7300,2026-06-15,20.0,city,WW
90b7300,2026-06-19,25.0,city,MC
90b7300,2026-06-20,50.0,city,HM
90b7300,2026-06-24,100.0,city,AS
90b7300,2026-06-26,250.0,city,RB
90b7300,2026-06-27,25.0,city,LW
90b7300,2026-06-29,25.0,city,PW
90b7300,2026-06-30,25.0,city,MM
916aa6e,2025-10-01,100.0,city,AB
916aa6e,2025-10-18,71.42,city,CG
916aa6e,2025-11-19,500.0,city,JB
916aa6e,2026-03-19,50.0,city,AB
916aa6e,2026-03-19,50.0,city,AB
916aa6e,2026-04-16,500.0,city,JB
916aa6e,2026-05-04,250.0,ucb,GL
91e1638,2026-04-01,50.0,city,GG
91e1638,2026-04-06,125.0,city,AB
91e1638,2026-04-09,100.0,city,DA
91e1638,2026-04-13,50.0,city,GG
91e1638,2026-04-21,50.0,city,GG
91e1638,2026-04-28,25.0,city,AB
91e1638,2026-05-07,100.0,city,AB
91e1638,2026-05-20,250.0,city,WS
91e1638,2026-06-05,50.0,city,GZ
91e1638,2026-06-05,28.0,city,JB
91e1638,2026-06-07,10.0,city,AW
91e1638,2026-06-10,50.0,city,AW
91e1638,2026-06-12,28.0,city,JB
91e1638,2026-06-17,50.0,city,AW
91e1638,2026-06-19,28.0,city,JB
91e1638,2026-06-22,100.0,city,WS
9319647,2026-02-26,1000.0,city,BG
9319647,2026-04-13,250.0,ucb,DJ
93473c4,2025-08-21,25.0,city,BG
93473c4,2025-09-21,25.0,city,BG
93473c4,2025-10-21,25.0,city,BG
934d14c,2025-11-16,250.0,city,PZ
934d14c,2026-01-13,100.0,city,PZ
93c361e,2026-05-13,250.0,city,JB
93cb331,2025-09-23,250.0,city,LM
93cb331,2026-01-18,500.0,city,LK
93cb331,2026-02-18,125.0,city,AB
93cb331,2026-02-19,25.0,city,MN
93cb331,2026-02-20,100.0,city,AW
93cb331,2026-02-23,125.0,city,AB
93cb331,2026-03-03,100.0,city,DL
93cb331,2026-03-09,100.0,city,AB
93cb331,2026-03-09,100.0,city,DL
93cb331,2026-03-11,500.0,city,AB
93cb331,2026-03-17,1000.0,city,SS
93cb331,2026-03-19,25.0,city,MN
93cb331,2026-03-24,100.0,city,AW
93cb331,2026-03-24,50.0,city,LE
93cb331,2026-03-25,50.0,city,LE
93cb331,2026-03-31,100.0,city,PR
93cb331,2026-03-31,150.0,city,SD
93cb331,2026-04-06,150.0,city,DL
93cb331,2026-04-06,25.0,city,LW
93cb331,2026-04-07,20.26,city,LW
93cb331,2026-04-14,100.0,city,AW
93cb331,2026-04-17,37.0,city,LW
93cb331,2026-04-19,25.0,city,MN
93cb331,2026-04-25,10.0,city,LE
93cb331,2026-05-03,25.0,city,LW
93cb331,2026-05-14,100.0,city,AW
93cb331,2026-05-17,37.0,city,LW
93cb331,2026-05-19,20.26,city,LW
93cb331,2026-05-19,25.0,city,MN
93cb331,2026-05-27,25.0,city,LW
93cb331,2026-06-03,25.0,city,LW
93cb331,2026-06-08,20.26,city,LW
93cb331,2026-06-17,37.0,city,LW
93cb331,2026-06-19,25.0,city,MN
93cb331,2026-06-27,25.0,city,LW
940ba79,2025-08-12,3500.0,city,DE
940e7fd,2026-03-31,250.0,city,PK
942519b,2025-08-15,250.0,city,RG
942519b,2025-09-08,250.0,city,GG
942519b,2025-09-13,500.0,city,HP
942519b,2025-09-30,500.0,city,FL
942519b,2025-10-17,3500.0,city,SS
942519b,2025-10-17,3500.0,city,SS
942519b,2025-11-25,250.0,city,JB
942519b,2025-12-31,1000.0,city,HK
942519b,2026-01-27,1000.0,city,JB
942519b,2026-03-31,250.0,city,JB
942519b,2026-03-31,200.0,ucb,GL
942519b,2026-04-06,250.0,city,WS
942519b,2026-04-07,200.0,city,RG
942519b,2026-04-08,1428.58,city,GN
942519b,2026-04-10,500.0,city,HK
942519b,2026-04-10,1500.0,city,HK
942519b,2026-05-22,100.0,city,AB
942519b,2026-05-27,100.0,city,AB
942519b,2026-05-27,300.0,city,AL
942519b,2026-05-28,100.0,city,AB
942519b,2026-06-13,250.0,city,RH
942519b,2026-06-14,100.0,city,AB
94dc20d,2025-08-19,1000.0,city,RS
94dc20d,2025-09-02,500.0,city,JB
94dc20d,2025-12-19,1000.0,city,AW
95dbda4,2026-01-03,50.0,city,JC
95dbda4,2026-02-03,50.0,city,JC
95dbda4,2026-03-03,50.0,city,JC
968e840,2026-01-07,300.0,city,MZ
96bcc1a,2026-02-11,50.0,city,GG
96bcc1a,2026-02-23,50.0,city,GG
96bcc1a,2026-02-27,50.0,city,GG
96bcc1a,2026-03-11,50.0,city,GG
96bcc1a,2026-03-23,500.0,city,HH
96bcc1a,2026-03-25,500.0,city,KW
96bcc1a,2026-03-31,100.0,city,GG
9807907,2026-06-11,250.0,city,AB
983f993,2025-11-01,50.0,city,FS
983f993,2025-11-08,50.0,city,FS
983f993,2025-11-13,300.0,city,WT
983f993,2025-11-28,250.0,city,RM
983f993,2025-12-31,50.0,city,FS
983f993,2026-01-18,100.0,city,GG
983f993,2026-01-29,25.0,city,LW
983f993,2026-02-04,25.0,city,FS
983f993,2026-02-18,50.0,city,GG
983f993,2026-02-28,25.0,city,LW
983f993,2026-02-28,100.0,city,PR
983f993,2026-02-28,50.0,city,PR
983f993,2026-03-11,75.0,city,PR
983f993,2026-03-29,25.0,city,LW
98c878f,2025-09-27,333.33,city,KS
98c878f,2025-11-22,500.0,city,AB
98c878f,2026-03-09,1045.45,city,JM
98c878f,2026-03-09,3500.0,city,JM
98c878f,2026-04-28,50.0,city,AB
98c878f,2026-05-11,250.0,city,AB
98c878f,2026-05-28,250.0,city,JB
98c878f,2026-06-11,500.0,city,JB
98c878f,2026-06-29,250.0,city,CC
98c878f,2026-06-29,312.5,city,GK
98c878f,2026-06-29,1500.0,city,JG
98c878f,2026-06-29,666.67,city,PL
98c878f,2026-06-29,375.0,city,PS
98c878f,2026-06-29,3500.0,city,SG
98c878f,2026-06-30,300.0,city,PB
9901150,2026-02-18,250.0,city,SH
9901150,2026-03-13,250.0,city,BC
9901150,2026-03-21,500.0,city,GP
9901150,2026-03-30,1000.0,city,EE
9901150,2026-04-11,50.0,city,SH
9901150,2026-05-11,50.0,city,SH
9901150,2026-06-11,50.0,city,SH
993ec71,2025-09-24,3500.0,city,SV
993ec71,2025-09-25,3500.0,city,SV
993ec71,2025-09-27,3500.0,city,AB
993ec71,2025-09-27,3500.0,city,AB
993ec71,2025-09-29,4000.0,city,DZ
993ec71,2025-09-29,4000.0,city,SV
99d43f6,2026-02-17,7000.0,city,SS
99d43f6,2026-04-26,500.0,city,JB
9a00093,2026-01-20,1800.0,ucb,SS
9a5a211,2025-08-28,1000.0,city,JK
9a5a211,2026-05-19,1000.0,city,JS
9a5a211,2026-05-20,1000.0,city,EN
9ab8785,2026-05-06,15.0,city,MS
9ab8785,2026-05-29,8.0,city,MS
9ab8785,2026-06-06,15.0,city,MS
9ab8785,2026-06-29,8.0,city,MS
9be48a5,2025-08-13,3500.0,city,RD
9be48a5,2025-08-13,130.0,city,RD
9be48a5,2025-08-29,250.0,city,JB
9be48a5,2025-09-12,300.0,city,MP
9be48a5,2025-09-18,250.0,city,JB
9c02747,2025-08-26,500.0,city,JB
9c02747,2025-09-01,250.0,city,SD
9c02747,2025-12-08,1035.25,ucb,MO
9c02747,2026-04-01,250.0,city,SD
9c02747,2026-06-30,250.0,city,SD
9c27e5a,2026-02-12,3500.0,city,PM
9c27e5a,2026-02-12,3500.0,city,PM
9c54b85,2026-05-05,500.0,city,JF
9cd7a4f,2026-03-31,250.0,city,JB
9cfe5a2,2026-05-08,500.0,ucb,DM
9e8604f,2025-08-14,50.0,city,AM
9e8604f,2025-08-22,25.0,city,NL
9e8604f,2025-09-02,50.0,city,JH
9e8604f,2025-09-08,50.0,city,AM
9e8604f,2025-09-18,12.5,city,AM
9e8604f,2025-09-22,25.0,city,NL
9e8604f,2025-10-08,50.0,both,DT
9e8604f,2025-10-13,60.0,city,MV
9e8604f,2025-10-19,25.0,city,AM
9e8604f,2025-10-19,50.0,city,AM
9e8604f,2025-10-22,25.0,city,NL
9e8604f,2025-10-27,25.0,city,MV
9e8604f,2025-11-03,1000.0,city,AD
9e8604f,2025-11-08,50.0,both,DT
9e8604f,2025-11-12,25.0,city,JH
9e8604f,2025-11-13,50.0,city,AM
9e8604f,2025-11-13,60.0,city,MV
9e8604f,2025-11-22,25.0,city,NL
9eda34d,2025-10-02,1000.0,city,SL
9f56595,2025-08-15,250.0,city,JB
9f56595,2025-09-17,500.0,city,AB
9f56595,2025-11-05,250.0,city,AJ
9f56595,2025-11-07,250.0,city,JB
9f56595,2025-12-10,250.0,city,JB
9f56595,2025-12-23,250.0,city,AB
9f56595,2026-02-23,250.0,city,AB
9f56595,2026-03-12,100.0,city,AJ
9f56595,2026-05-13,250.0,city,AJ
9f56595,2026-05-28,200.0,city,JT
9f56595,2026-06-30,3500.0,city,AF
9f56595,2026-06-30,3500.0,city,AF
9f74e38,2025-11-04,2000.0,city,DC
9f74e38,2025-11-04,2000.0,city,HY
9f74e38,2026-02-19,1500.0,city,WM
9f74e38,2026-06-28,1500.0,city,DC
9f74e38,2026-06-30,1500.0,city,HY
a03d2ab,2025-08-11,2000.0,city,KF
a03d2ab,2025-08-11,25.0,city,TF
a03d2ab,2025-08-22,100.0,city,AB
a03d2ab,2025-09-01,500.0,city,WT
a03d2ab,2025-09-03,100.0,city,TF
a03d2ab,2025-09-19,100.0,city,TF
a03d2ab,2025-09-21,25.0,city,KS
a03d2ab,2025-09-21,35.0,city,KS
a03d2ab,2025-09-22,500.0,city,BF
a03d2ab,2025-09-23,25.0,city,KS
a03d2ab,2025-09-23,25.0,city,KS
a03d2ab,2025-09-29,0.0,city,AB
a03d2ab,2025-09-29,200.0,city,AB
a03d2ab,2025-09-30,2000.0,city,JS
a03d2ab,2025-10-05,50.0,city,WS
a03d2ab,2025-10-05,250.0,city,WS
a03d2ab,2025-10-21,500.0,city,KG
a03d2ab,2025-10-22,250.0,city,EC
a03d2ab,2025-10-23,50.0,city,TF
a03d2ab,2025-10-31,1300.0,city,AB
a03d2ab,2025-10-31,500.0,city,TB
a03d2ab,2025-11-01,200.0,city,EB
a03d2ab,2025-11-04,400.0,city,AJ
a03d2ab,2025-11-04,2000.0,city,BF
a03d2ab,2025-11-05,50.0,city,WS
a03d2ab,2025-12-01,100.0,city,EB
a03d2ab,2025-12-01,400.0,city,EB
a03d2ab,2025-12-05,50.0,city,WS
a03d2ab,2025-12-09,250.0,both,SC
a03d2ab,2026-01-14,100.0,both,SC
a03d2ab,2026-01-14,500.0,city,JB
a03d2ab,2026-01-27,500.0,city,JB
a03d2ab,2026-02-20,250.0,city,JH
a03d2ab,2026-02-23,100.0,city,AB
a03d2ab,2026-02-24,100.0,city,HW
a03d2ab,2026-03-13,100.0,city,AB
a03d2ab,2026-03-13,100.0,city,AB
a03d2ab,2026-03-29,50.0,city,HW
a03d2ab,2026-04-23,100.0,city,AB
a03d2ab,2026-05-01,250.0,city,AB
a03d2ab,2026-05-08,50.0,city,HW
a03d2ab,2026-05-15,25.0,city,HW
a03d2ab,2026-05-15,30.0,city,SF
a03d2ab,2026-05-15,50.0,city,SF
a03d2ab,2026-05-21,250.0,city,AB
a03d2ab,2026-05-22,40.0,city,SF
a03d2ab,2026-05-24,50.0,city,HW
a03d2ab,2026-06-16,200.0,city,AL
a075850,2025-08-15,20.0,city,LW
a075850,2025-08-31,25.0,city,LW
a075850,2025-09-15,20.0,city,LW
a075850,2025-09-30,25.0,city,LW
a075850,2025-10-15,20.0,city,LW
a075850,2025-10-31,25.0,city,LW
a075850,2025-11-15,20.0,city,LW
a075850,2025-11-30,25.0,city,LW
a075850,2025-12-15,20.0,city,LW
a075850,2025-12-31,25.0,city,LW
a075850,2026-01-15,20.0,city,LW
a075850,2026-01-31,25.0,city,LW
a075850,2026-02-15,20.0,city,LW
a075850,2026-02-28,25.0,city,LW
a075850,2026-03-15,20.0,city,LW
a075850,2026-03-31,25.0,city,LW
a075850,2026-04-15,20.0,city,LW
a075850,2026-04-30,25.0,city,LW
a075850,2026-05-15,20.0,city,LW
a075850,2026-05-31,25.0,city,LW
a075850,2026-06-15,20.0,city,LW
a075850,2026-06-30,25.0,city,LW
a098eff,2025-10-24,250.0,city,AB
a098eff,2025-12-12,250.0,city,AB
a098eff,2026-01-31,500.0,city,AB
a098eff,2026-02-16,25.0,city,AB
a098eff,2026-05-03,250.0,city,CH
a0a5625,2025-12-08,10.0,city,MC
a0a5625,2026-01-17,10.0,city,RE
a0a5625,2026-03-02,5.0,city,TS
a0a5625,2026-03-25,25.0,city,CR
a0a5625,2026-04-30,250.0,city,SM
a295144,2025-12-31,250.0,city,EH
a295144,2026-01-10,62.5,city,TM
a295144,2026-01-18,166.67,city,TM
a295144,2026-01-22,250.0,city,HS
a2fb1e2,2025-11-13,250.0,city,AB
a2fb1e2,2025-12-12,250.0,city,AB
a31f7ee,2026-03-20,500.0,city,HF
a46fd10,2025-12-11,500.0,city,TF
a46fd10,2026-04-16,250.0,city,CS
a4829c5,2025-08-27,25.0,city,RM
a4829c5,2025-09-20,3500.0,city,JG
a4829c5,2025-09-27,25.0,city,RM
a4829c5,2025-09-30,1500.0,city,RR
a4829c5,2025-09-30,3500.0,city,RR
a4829c5,2026-01-07,100.0,city,GG
a4829c5,2026-01-16,100.0,city,GG
a4829c5,2026-02-05,3500.0,city,TL
a4829c5,2026-02-05,3500.0,city,TL
a4829c5,2026-02-08,75.0,city,GG
a4829c5,2026-02-09,833.33,ucb,MO
a4829c5,2026-03-11,50.0,city,GG
a4829c5,2026-03-24,3500.0,city,EA
a4829c5,2026-03-24,3500.0,city,EA
a4829c5,2026-03-29,2000.0,city,DF
a4829c5,2026-03-29,3500.0,city,DT
a4829c5,2026-03-29,3500.0,city,EL
a4829c5,2026-03-29,3500.0,city,JC
a4829c5,2026-03-29,3500.0,city,JC
a4829c5,2026-03-30,3500.0,city,AL
a4829c5,2026-03-30,3500.0,city,AL
a4829c5,2026-03-31,3500.0,city,AT
a4829c5,2026-03-31,3500.0,city,AT
a4829c5,2026-03-31,3500.0,city,IM
a4829c5,2026-03-31,1000.0,city,OG
a4829c5,2026-03-31,3500.0,city,SJ
a4829c5,2026-03-31,3500.0,city,SJ
a4829c5,2026-04-01,3000.0,city,KN
a4829c5,2026-05-15,3500.0,city,NG
a4829c5,2026-05-15,1500.0,city,NG
a4829c5,2026-05-16,50.0,city,GG
a4829c5,2026-05-28,500.0,city,KN
a4829c5,2026-06-01,200.0,city,KR
a4829c5,2026-06-03,100.0,city,OG
a4829c5,2026-06-04,3500.0,city,BG
a4829c5,2026-06-07,3500.0,city,CZ
a4829c5,2026-06-09,500.0,city,AS
a4829c5,2026-06-10,3500.0,city,AS
a4829c5,2026-06-11,3500.0,city,AK
a4829c5,2026-06-11,3500.0,city,TL
a4829c5,2026-06-11,3500.0,ucb,MC
a4829c5,2026-06-13,3500.0,city,MT
a4829c5,2026-06-15,3500.0,city,AM
a4829c5,2026-06-15,3500.0,city,TK
a4829c5,2026-06-27,3500.0,city,TT
a512384,2025-10-04,100.0,city,HN
a512384,2025-11-29,1000.0,both,HB
a512384,2025-12-05,250.0,city,HA
a512384,2025-12-19,3400.0,city,HN
a512384,2025-12-19,3500.0,city,HN
a512384,2026-04-01,50.0,both,PV
a512384,2026-04-12,100.0,city,HS
a512384,2026-05-01,50.0,both,PV
a512384,2026-06-01,50.0,both,PV
a52c553,2026-02-23,125.0,city,AB
a52c553,2026-03-30,500.0,city,JB
a52c553,2026-05-15,250.0,city,JB
a54c5ed,2025-10-21,27.0,city,SK
a5e08bb,2025-09-17,250.0,ucb,DM
a5e08bb,2026-05-17,150.0,city,SD
a5e08bb,2026-06-30,150.0,city,SD
a60ddc5,2026-01-24,100.0,city,FS
a6136ba,2025-08-18,3500.0,city,JK
a6136ba,2025-08-18,3500.0,city,JK
a6136ba,2025-08-19,3500.0,city,PB
a6136ba,2025-08-19,3500.0,city,PB
a6136ba,2025-08-19,3500.0,city,ZP
a6136ba,2025-08-19,3500.0,city,ZP
a6136ba,2025-08-20,3500.0,city,TT
a6136ba,2025-08-26,3500.0,city,DT
a6136ba,2025-08-26,3500.0,city,DT
a6136ba,2025-08-28,3500.0,city,KJ
a6136ba,2025-08-28,1500.0,city,KJ
a6136ba,2025-09-29,1000.0,city,AD
a6136ba,2025-10-14,1000.0,city,MJ
a6136ba,2025-11-22,3500.0,city,HC
a6136ba,2025-11-22,2500.0,city,MJ
a6136ba,2025-12-09,500.0,city,KD
a6136ba,2025-12-11,3500.0,city,HC
a6136ba,2025-12-11,3500.0,city,MJ
a6136ba,2026-01-09,50.0,city,KD
a6136ba,2026-01-18,3500.0,city,SL
a6136ba,2026-01-18,3500.0,city,SL
a6136ba,2026-02-09,50.0,city,KD
a6136ba,2026-02-11,1000.0,city,DB
a6136ba,2026-03-09,50.0,city,KD
a6136ba,2026-03-11,3500.0,city,AL
a6136ba,2026-03-11,3500.0,city,CZ
a6136ba,2026-03-11,3500.0,city,DZ
a6136ba,2026-03-11,3500.0,city,JG
a6136ba,2026-03-11,3500.0,city,TL
a6136ba,2026-03-17,3500.0,city,EL
a6136ba,2026-03-17,3500.0,city,PM
a6191bc,2025-08-16,3500.0,city,ZP
a6191bc,2025-08-16,3500.0,city,ZP
a6191bc,2025-08-18,2500.0,city,JK
a6191bc,2025-08-18,3500.0,city,JK
a6191bc,2026-05-16,3500.0,city,TL
a6191bc,2026-05-16,3500.0,city,TL
a74ada2,2026-03-31,300.0,city,AB
a74ada2,2026-05-13,250.0,city,AB
a7c4e0b,2026-04-23,10.0,both,AP
a7c7cb9,2025-08-26,250.0,city,JB
a7c7cb9,2025-09-20,250.0,city,AD
a7c7cb9,2025-11-28,500.0,city,CD
a7c7cb9,2025-12-04,250.0,city,AD
a7c7cb9,2026-02-24,500.0,city,JB
a7c7cb9,2026-03-07,250.0,city,MH
a7c7cb9,2026-03-15,100.0,city,AD
a7c7cb9,2026-04-01,100.0,city,MH
a7c7cb9,2026-04-10,100.0,city,MH
a7c7cb9,2026-05-13,250.0,city,JB
a7f9797,2025-10-08,3500.0,city,MG
a7f9797,2026-05-18,3500.0,city,AB
a7f9797,2026-05-21,3500.0,city,TL
a7f9797,2026-06-23,25.0,city,PI
a7f9797,2026-06-23,10.0,city,PI
a7f9797,2026-06-23,25.0,city,PI
a7f9797,2026-06-23,25.0,city,PI
a7f9797,2026-06-23,47.0,city,PI
a7f9797,2026-06-23,25.0,city,PI
a7f9797,2026-06-23,25.0,city,PI
a7f9797,2026-06-23,44.65,city,PI
a7f9797,2026-06-23,44.65,city,PI
a812ea8,2025-08-17,500.0,city,DG
a812ea8,2025-08-22,20.0,both,LK
a812ea8,2025-09-02,1000.0,city,JB
a812ea8,2025-09-17,500.0,city,JB
a812ea8,2025-09-22,20.0,both,LK
a812ea8,2025-10-22,20.0,both,LK
a812ea8,2025-11-22,20.0,both,LK
a812ea8,2025-12-10,1000.0,city,AB
a812ea8,2025-12-15,100.0,city,DG
a812ea8,2025-12-16,500.0,ucb,SC
a812ea8,2025-12-22,20.0,both,LK
a812ea8,2025-12-23,500.0,city,MP
a812ea8,2026-01-15,100.0,city,DG
a812ea8,2026-01-16,200.0,both,BJ
a812ea8,2026-01-22,20.0,both,LK
a812ea8,2026-01-24,500.0,ucb,RB
a812ea8,2026-01-29,100.0,ucb,MC
a812ea8,2026-02-15,100.0,city,DG
a812ea8,2026-02-22,20.0,both,LK
a812ea8,2026-02-26,100.0,city,DA
a812ea8,2026-02-26,500.0,city,JB
a812ea8,2026-03-05,100.0,ucb,AF
a812ea8,2026-03-14,200.0,ucb,AF
a812ea8,2026-03-15,100.0,city,DG
a812ea8,2026-03-22,20.0,both,LK
a812ea8,2026-04-15,100.0,city,DG
a812ea8,2026-04-22,20.0,both,LK
a812ea8,2026-04-22,150.0,ucb,MC
a812ea8,2026-05-14,3500.0,city,PB
a812ea8,2026-05-15,100.0,city,DG
a812ea8,2026-05-22,20.0,both,LK
a812ea8,2026-06-15,100.0,city,DG
a812ea8,2026-06-22,20.0,both,LK
a812ea8,2026-06-30,250.0,city,JZ
a812ea8,2026-06-30,3500.0,ucb,MR
a81a2a7,2025-08-29,500.0,city,SP
a81a2a7,2025-09-03,750.0,city,KE
a81a2a7,2025-09-15,250.0,city,MM
a81a2a7,2025-09-15,250.0,city,NS
a81a2a7,2025-09-29,250.0,city,YM
a81a2a7,2025-09-30,1000.0,city,SG
a81a2a7,2025-10-15,5.0,city,SC
a81a2a7,2025-11-26,200.0,city,SC
a81a2a7,2025-12-14,100.0,city,SG
a81a2a7,2025-12-15,500.0,city,FL
a81a2a7,2025-12-23,250.0,city,HL
a81a2a7,2026-02-02,500.0,both,AR
a81a2a7,2026-03-29,25.0,city,SG
a81a2a7,2026-03-30,250.0,city,MK
a81a2a7,2026-04-21,100.0,both,AR
a81a2a7,2026-05-04,100.0,both,AR
a81a2a7,2026-06-17,1000.0,city,BG
a81a2a7,2026-06-29,125.0,city,SG
a88b5ad,2025-09-27,500.0,city,LS
a8abf84,2025-10-24,3500.0,city,SS
a8abf84,2025-10-26,3500.0,city,MQ
a8abf84,2026-02-23,125.0,city,AB
a8abf84,2026-03-01,100.0,city,AB
a8abf84,2026-03-20,250.0,city,AB
a8abf84,2026-03-27,250.0,city,AB
a8abf84,2026-03-27,100.0,city,AB
a8abf84,2026-05-21,250.0,city,AB
a8abf84,2026-05-21,250.0,city,AB
a987f0c,2025-08-26,50.0,city,LW
a987f0c,2025-08-29,25.0,city,LW
a987f0c,2025-09-01,25.0,city,LW
a987f0c,2025-09-05,25.0,city,LW
a987f0c,2025-09-10,500.0,city,BC
a987f0c,2025-09-26,250.0,city,ES
a987f0c,2025-09-26,50.0,city,LW
a987f0c,2025-09-29,25.0,city,LW
a987f0c,2025-10-01,25.0,city,LW
a987f0c,2025-10-06,50.0,city,LW
a987f0c,2025-10-13,500.0,city,KG
a987f0c,2025-10-24,1500.0,city,KM
a987f0c,2025-10-26,50.0,city,LW
a987f0c,2025-10-29,25.0,city,LW
a987f0c,2025-11-01,25.0,city,LW
a987f0c,2025-11-06,250.0,city,LM
a987f0c,2025-11-09,100.0,city,HW
a987f0c,2025-11-10,200.0,city,BC
a987f0c,2025-11-11,1065.0,city,AB
a987f0c,2025-11-13,250.0,city,AB
a987f0c,2025-11-21,100.0,city,HW
a987f0c,2025-11-24,12.5,city,LW
a987f0c,2025-11-26,50.0,city,LW
a987f0c,2025-11-29,25.0,city,LW
a987f0c,2025-12-01,100.0,city,EB
a987f0c,2025-12-01,25.0,city,LW
a987f0c,2025-12-07,100.0,city,EB
a987f0c,2025-12-07,50.0,city,LW
a987f0c,2025-12-11,500.0,city,BC
a987f0c,2025-12-16,1000.0,city,AB
a987f0c,2025-12-24,12.5,city,LW
a987f0c,2025-12-26,50.0,city,LW
a987f0c,2025-12-27,50.0,city,LW
a987f0c,2025-12-29,25.0,city,LW
a987f0c,2026-01-01,25.0,city,LW
a987f0c,2026-01-24,12.5,city,LW
a987f0c,2026-01-26,25.0,city,DS
a987f0c,2026-01-26,50.0,city,LW
a987f0c,2026-01-29,25.0,city,LW
a987f0c,2026-02-01,25.0,city,LW
a987f0c,2026-02-04,150.0,city,AJ
a987f0c,2026-02-05,50.0,city,PA
a987f0c,2026-02-11,500.0,city,TB
a987f0c,2026-02-17,150.0,city,CB
a987f0c,2026-02-17,100.0,city,PA
a987f0c,2026-02-20,20.0,city,DS
a987f0c,2026-02-24,12.5,city,LW
a987f0c,2026-02-26,25.0,city,DS
a987f0c,2026-02-26,50.0,city,LW
a987f0c,2026-02-28,25.0,city,LW
a987f0c,2026-03-01,25.0,city,LW
a987f0c,2026-03-07,250.0,city,CH
a987f0c,2026-03-08,12.5,city,LW
a987f0c,2026-03-09,100.0,city,PA
a987f0c,2026-03-10,200.0,city,MN
a987f0c,2026-03-12,2000.0,city,PW
a987f0c,2026-03-13,150.0,city,AJ
a987f0c,2026-03-16,20.0,city,DS
a987f0c,2026-03-24,12.5,city,LW
a987f0c,2026-03-26,25.0,city,DS
a987f0c,2026-03-26,50.0,city,LW
a987f0c,2026-03-29,25.0,city,LW
a987f0c,2026-03-31,150.0,city,AJ
a987f0c,2026-03-31,250.0,ucb,GL
a9d80f4,2025-09-15,1000.0,both,LS
a9d80f4,2025-09-22,250.0,city,JB
a9d80f4,2025-09-24,250.0,city,SK
a9d80f4,2025-10-01,500.0,city,PG
a9d80f4,2025-11-09,250.0,city,MM
a9d80f4,2025-11-12,750.0,city,SK
a9d80f4,2025-11-17,1500.0,city,DH
a9d80f4,2025-11-18,1000.0,city,AC
a9d80f4,2025-11-19,1000.0,city,AD
a9d80f4,2025-11-28,250.0,ucb,LF
a9d80f4,2026-01-22,500.0,city,MH
a9d80f4,2026-02-07,250.0,city,LP
a9d80f4,2026-02-12,150.0,city,IB
a9d80f4,2026-02-16,250.0,city,JZ
a9d80f4,2026-02-16,250.0,ucb,LB
a9d80f4,2026-02-17,1000.0,city,LS
a9d80f4,2026-02-19,500.0,city,CM
a9d80f4,2026-02-19,500.0,city,DH
a9d80f4,2026-02-19,250.0,city,KD
a9d80f4,2026-03-31,200.0,city,AD
a9d80f4,2026-04-01,250.0,ucb,RS
a9d80f4,2026-04-12,500.0,ucb,DJ
a9d80f4,2026-04-20,250.0,city,AB
a9d80f4,2026-04-21,500.0,city,LS
a9d80f4,2026-05-27,250.0,city,AB
a9d9627,2025-09-08,3500.0,city,SS
a9d9627,2026-03-01,500.0,city,JT
a9d9627,2026-03-09,3500.0,city,JM
a9d9627,2026-03-09,1045.46,city,JM
aa981eb,2025-11-04,200.0,city,DS
aa981eb,2025-12-04,200.0,city,DS
aa981eb,2025-12-12,65.0,city,DS
aa981eb,2026-04-02,30.0,city,DS
aa981eb,2026-04-04,200.0,city,DS
aa981eb,2026-04-04,15.0,city,DS
aa981eb,2026-05-04,200.0,city,DS
acaaaa3,2025-08-16,250.0,city,DK
acaaaa3,2025-08-26,10.0,city,AB
acaaaa3,2025-08-28,37.5,city,LW
acaaaa3,2025-08-29,1000.0,city,JM
acaaaa3,2025-08-31,250.0,city,CB
acaaaa3,2025-09-25,100.0,city,LW
acaaaa3,2025-09-26,250.0,city,ES
acaaaa3,2025-09-29,500.0,city,DK
acaaaa3,2025-09-29,250.0,city,TS
acaaaa3,2025-10-15,2500.0,city,BE
acaaaa3,2025-10-24,100.0,city,LW
acaaaa3,2025-10-27,50.0,city,LJ
acaaaa3,2025-10-28,50.0,city,CB
acaaaa3,2025-10-29,50.0,city,DK
acaaaa3,2025-10-30,100.0,city,LJ
acaaaa3,2025-11-20,500.0,city,JB
acaaaa3,2025-11-28,50.0,city,CB
acaaaa3,2025-11-29,50.0,city,DK
acaaaa3,2025-12-10,2000.0,city,PW
acaaaa3,2025-12-28,50.0,city,CB
acaaaa3,2025-12-29,50.0,city,DK
acaaaa3,2026-01-08,500.0,city,SF
acaaaa3,2026-01-14,400.0,city,AL
acaaaa3,2026-01-27,1000.0,city,JB
acaaaa3,2026-01-27,500.0,city,JK
acaaaa3,2026-01-28,50.0,city,CB
acaaaa3,2026-01-29,50.0,city,DK
acaaaa3,2026-02-03,1000.0,city,KB
acaaaa3,2026-02-20,250.0,city,CS
acaaaa3,2026-02-28,50.0,city,CB
acaaaa3,2026-02-28,50.0,city,DK
acaaaa3,2026-02-28,50.0,city,GZ
acaaaa3,2026-02-28,25.0,city,ML
acaaaa3,2026-03-04,500.0,city,TB
acaaaa3,2026-03-05,100.0,city,AL
acaaaa3,2026-03-09,125.0,city,TM
acaaaa3,2026-03-09,200.0,city,TM
acaaaa3,2026-03-24,125.0,city,AB
acaaaa3,2026-03-27,250.0,city,SB
acaaaa3,2026-03-28,50.0,city,CB
acaaaa3,2026-03-28,50.0,city,GZ
acaaaa3,2026-03-29,50.0,city,DK
acaaaa3,2026-03-31,250.0,city,JB
acaaaa3,2026-03-31,25.0,city,ML
acaaaa3,2026-04-21,1000.0,ucb,RK
acaaaa3,2026-04-28,50.0,city,CB
acaaaa3,2026-04-28,50.0,city,GZ
acaaaa3,2026-04-29,50.0,city,DK
acaaaa3,2026-04-29,20.0,city,PT
acaaaa3,2026-04-30,25.0,city,ML
acaaaa3,2026-05-11,75.0,city,CV
acaaaa3,2026-05-22,250.0,city,AB
acaaaa3,2026-05-28,50.0,city,CB
acaaaa3,2026-05-28,50.0,city,GZ
acaaaa3,2026-05-28,250.0,city,SB
acaaaa3,2026-05-29,50.0,city,DK
acaaaa3,2026-05-29,20.0,city,PT
acaaaa3,2026-05-31,25.0,city,ML
acaaaa3,2026-06-03,1000.0,city,DB
acaaaa3,2026-06-11,200.0,city,AB
acaaaa3,2026-06-17,250.0,city,SB
acaaaa3,2026-06-28,50.0,city,CB
acaaaa3,2026-06-28,50.0,city,GZ
acaaaa3,2026-06-29,50.0,city,DK
acaaaa3,2026-06-29,20.0,city,PT
acaaaa3,2026-06-30,25.0,city,ML
ace3492,2025-08-18,50.0,city,JL
ace3492,2025-08-28,500.0,city,JB
ace3492,2025-09-01,150.0,city,SD
ace3492,2025-09-02,100.0,city,AJ
ace3492,2025-09-03,500.0,city,AC
ace3492,2025-09-18,50.0,city,JL
ace3492,2025-10-14,500.0,city,GP
ace3492,2025-10-18,50.0,city,JL
ace3492,2025-10-29,3500.0,both,DK
ace3492,2025-10-29,3500.0,both,DK
ace3492,2025-11-18,50.0,city,JL
ace3492,2025-12-06,100.0,city,AJ
ace3492,2025-12-18,50.0,city,JL
ace3492,2025-12-29,200.0,city,SS
ace3492,2025-12-29,3300.0,city,SS
ace3492,2026-01-18,50.0,city,JL
ace3492,2026-02-15,1000.0,city,JD
ace3492,2026-02-18,50.0,city,JL
ace3492,2026-02-21,500.0,city,GP
ace3492,2026-02-24,500.0,city,JB
ace3492,2026-03-18,50.0,city,JL
ace3492,2026-03-29,1000.0,city,DS
ace3492,2026-03-31,250.0,city,NO
ace3492,2026-04-18,50.0,city,JL
ace3492,2026-04-23,500.0,city,BE
ace3492,2026-04-23,500.0,city,DS
ace3492,2026-05-18,50.0,city,JL
ace3492,2026-06-18,50.0,city,JL
ace3492,2026-06-30,3300.0,city,AB
ace3492,2026-06-30,3500.0,city,BG
ace3492,2026-06-30,150.0,city,SD
adadf88,2025-09-05,3500.0,city,JE
adadf88,2025-09-09,3500.0,city,FE
adadf88,2025-09-09,65.0,city,FE
adadf88,2025-09-15,1000.0,city,JK
adadf88,2025-09-16,7000.0,city,DE
adadf88,2025-09-21,500.0,city,CC
adadf88,2025-09-24,20.0,city,HA
adadf88,2025-10-05,50.0,city,JL
adadf88,2025-10-05,250.0,city,MF
adadf88,2025-10-09,54.27,city,EV
adadf88,2025-10-13,30.0,city,TH
adadf88,2025-10-14,200.0,city,BC
adadf88,2025-11-12,250.0,city,MF
adadf88,2025-11-13,30.0,city,TH
adadf88,2025-12-05,500.0,city,HA
adadf88,2025-12-12,1000.0,city,JK
adadf88,2025-12-13,30.0,city,TH
adadf88,2025-12-17,1000.0,city,HN
adadf88,2025-12-27,100.0,city,EV
adadf88,2026-01-01,40.0,both,PV
adadf88,2026-01-13,30.0,city,TH
adadf88,2026-01-22,25.0,city,RR
adadf88,2026-01-25,50.0,city,RR
adadf88,2026-01-30,100.0,city,TB
adadf88,2026-02-01,40.0,both,PV
adadf88,2026-02-13,30.0,city,TH
adadf88,2026-02-17,20.0,city,CC
adadf88,2026-02-23,100.0,city,RR
adadf88,2026-03-01,40.0,both,PV
adadf88,2026-03-13,30.0,city,TH
adadf88,2026-03-22,25.0,city,RR
adadf88,2026-03-31,350.0,city,EV
adccec7,2025-10-14,2000.0,city,TD
adccec7,2026-04-01,300.0,city,RS
adccec7,2026-05-21,300.0,city,AL
aeea3c6,2026-05-15,500.0,city,AB
aeea3c6,2026-05-15,200.0,city,AB
b0a50dc,2025-10-18,71.43,city,CG
b0a50dc,2025-11-13,7000.0,both,SS
b0a50dc,2026-04-08,1428.57,city,GN
b0a50dc,2026-05-04,250.0,ucb,GL
b0a50dc,2026-05-12,500.0,city,JR
b0a50dc,2026-05-20,500.0,city,JB
b0d4a84,2025-08-25,50.0,city,AB
b0d4a84,2025-08-28,250.0,city,AB
b0d4a84,2025-09-29,100.0,city,AB
b0d4a84,2025-11-16,250.0,city,AL
b0d4a84,2025-12-17,10.0,city,AB
b0d4a84,2026-01-02,250.0,city,AB
b0d4a84,2026-02-21,100.0,city,AB
b0d4a84,2026-03-31,250.0,city,CH
b0d4a84,2026-04-13,7000.0,city,SS
b18a87a,2026-01-15,100.0,city,MF
b18a87a,2026-01-29,270.0,city,MS
b18a87a,2026-01-29,100.0,city,RD
b18a87a,2026-02-03,125.0,city,MF
b18a87a,2026-02-21,500.0,city,TB
b18a87a,2026-03-17,1000.0,city,SS
b18a87a,2026-03-19,2500.0,city,SS
b18a87a,2026-03-19,1000.0,city,SS
b18a87a,2026-04-08,125.0,city,MF
b1c75bb,2025-09-01,3500.0,city,MP
b1c75bb,2025-09-01,3500.0,city,MP
b1c75bb,2025-09-01,3500.0,city,MP
b1c75bb,2025-09-01,3500.0,city,MP
b1c75bb,2025-09-07,3500.0,city,CB
b1c75bb,2025-09-07,3500.0,city,CB
b1c75bb,2025-09-07,3500.0,city,TB
b1c75bb,2025-09-07,3500.0,city,TB
b1c75bb,2025-09-23,100.0,city,MG
b1c75bb,2025-09-23,100.0,city,MG
b1c75bb,2025-12-11,500.0,city,MJ
b1c75bb,2025-12-31,3500.0,city,MJ
b1c75bb,2025-12-31,3000.0,city,MJ
b1c75bb,2025-12-31,3500.0,city,MJ
b28eaf7,2026-03-09,3500.0,city,JM
b28eaf7,2026-03-09,1045.45,city,JM
b2c7c23,2025-08-13,50.0,city,LW
b2c7c23,2025-08-13,20.0,city,PH
b2c7c23,2025-08-14,100.0,city,LW
b2c7c23,2025-08-15,35.0,city,FD
b2c7c23,2025-08-20,25.0,city,JC
b2c7c23,2025-08-24,50.0,city,LW
b2c7c23,2025-08-27,10.0,city,DK
b2c7c23,2025-09-01,20.0,city,AH
b2c7c23,2025-09-01,35.0,city,EE
b2c7c23,2025-09-01,10.0,city,LW
b2c7c23,2025-09-01,20.0,city,SB
b2c7c23,2025-09-01,25.0,city,SP
b2c7c23,2025-09-05,50.0,city,PH
b2c7c23,2025-09-15,35.0,city,FD
b2c7c23,2025-09-15,50.0,city,LW
b2c7c23,2025-09-15,100.0,city,LW
b2c7c23,2025-09-15,20.0,city,PH
b2c7c23,2025-09-22,25.0,city,JC
b2c7c23,2025-09-27,10.0,city,DK
b2c7c23,2025-09-29,20.0,city,AH
b2c7c23,2025-09-30,35.0,city,EE
b2c7c23,2025-09-30,25.0,city,SP
b2c7c23,2025-10-01,20.0,city,SB
b2c7c23,2025-10-02,10.0,city,JS
b2c7c23,2025-10-04,35.0,city,FB
b2c7c23,2025-10-05,50.0,city,PH
b2c7c23,2025-10-08,25.0,city,JB
b2c7c23,2025-10-10,22.0,city,LL
b2c7c23,2025-10-13,20.0,city,PH
b2c7c23,2025-10-14,10.0,city,LH
b2c7c23,2025-10-14,100.0,city,LW
b2c7c23,2025-10-15,25.0,city,BM
b2c7c23,2025-10-15,35.0,city,FD
b2c7c23,2025-10-20,25.0,city,JC
b2c7c23,2025-10-27,10.0,city,DK
b2c7c23,2025-10-28,25.0,city,KS
b2c7c23,2025-10-29,20.0,city,AH
b2c7c23,2025-10-30,35.0,city,EE
b2c7c23,2025-10-30,25.0,city,SP
b2c7c23,2025-11-01,20.0,city,SB
b2c7c23,2025-11-02,10.0,city,JS
b2c7c23,2025-11-04,35.0,city,FB
b2c7c23,2025-11-05,50.0,city,PH
b2c7c23,2025-11-08,25.0,city,JB
b2c7c23,2025-11-10,22.0,city,LL
b2c7c23,2025-11-13,20.0,city,PH
b2c7c23,2025-11-14,10.0,city,LH
b2c7c23,2025-11-14,100.0,city,LW
b2c7c23,2025-11-15,25.0,city,BM
b2c7c23,2025-11-15,35.0,city,FD
b2c7c23,2025-11-20,25.0,city,JC
b2c7c23,2025-11-27,10.0,city,DK
b2c7c23,2025-11-28,25.0,city,KS
b2c7c23,2025-11-29,20.0,city,AH
b2c7c23,2025-11-30,35.0,city,EE
b2c7c23,2025-11-30,25.0,city,SP
b2c7c23,2025-12-01,20.0,city,SB
b2c7c23,2025-12-02,10.0,city,JS
b2c7c23,2025-12-04,35.0,city,FB
b2c7c23,2025-12-05,50.0,city,PH
b2c7c23,2025-12-08,25.0,city,JB
b2c7c23,2025-12-10,22.0,city,LL
b2c7c23,2025-12-13,20.0,city,PH
b2c7c23,2025-12-14,10.0,city,LH
b2c7c23,2025-12-15,25.0,city,BM
b2c7c23,2025-12-15,35.0,city,FD
b2c7c23,2025-12-20,25.0,city,JC
b2c7c23,2025-12-27,10.0,city,DK
b2c7c23,2025-12-28,25.0,city,KS
b2c7c23,2025-12-29,20.0,city,AH
b2c7c23,2025-12-30,35.0,city,EE
b2c7c23,2026-01-01,20.0,city,SB
b2c7c23,2026-01-04,35.0,city,FB
b2c7c23,2026-01-04,10.0,city,JS
b2c7c23,2026-01-05,50.0,city,PH
b2c7c23,2026-01-08,25.0,city,JB
b2c7c23,2026-01-10,22.0,city,LL
b2c7c23,2026-01-13,20.0,city,PH
b2c7c23,2026-01-14,10.0,city,LH
b2c7c23,2026-01-15,25.0,city,BM
b2c7c23,2026-01-15,35.0,city,FD
b2c7c23,2026-01-20,25.0,city,JC
b2c7c23,2026-01-20,10.0,city,RE
b2c7c23,2026-01-27,10.0,city,DK
b2c7c23,2026-01-28,25.0,city,KS
b2c7c23,2026-01-29,20.0,city,AH
b2c7c23,2026-01-30,35.0,city,EE
b2c7c23,2026-01-30,10.0,city,LL
b2c7c23,2026-02-01,20.0,city,SB
b2c7c23,2026-02-02,10.0,city,JS
b2c7c23,2026-02-04,35.0,city,FB
b2c7c23,2026-02-05,50.0,city,PH
b2c7c23,2026-02-08,25.0,city,JB
b2c7c23,2026-02-10,22.0,city,LL
b2c7c23,2026-02-13,20.0,city,PH
b2c7c23,2026-02-14,10.0,city,LH
b2c7c23,2026-02-15,25.0,city,BM
b2c7c23,2026-02-15,35.0,city,FD
b2c7c23,2026-02-20,25.0,city,JC
b2c7c23,2026-02-20,10.0,city,RE
b2c7c23,2026-02-27,10.0,city,DK
b2c7c23,2026-02-28,20.0,city,AH
b2c7c23,2026-02-28,35.0,city,EE
b2c7c23,2026-02-28,25.0,city,KS
b2c7c23,2026-02-28,10.0,city,LL
b2c7c23,2026-03-01,20.0,city,SB
b2c7c23,2026-03-02,10.0,city,JS
b2c7c23,2026-03-04,35.0,city,FB
b2c7c23,2026-03-05,50.0,city,PH
b2c7c23,2026-03-08,25.0,city,JB
b2c7c23,2026-03-10,22.0,city,LL
b2c7c23,2026-03-13,20.0,city,PH
b2c7c23,2026-03-14,10.0,city,LH
b2c7c23,2026-03-15,35.0,city,FD
b2c7c23,2026-03-20,25.0,city,JC
b2c7c23,2026-03-20,10.0,city,RE
b2c7c23,2026-03-27,10.0,city,DK
b2c7c23,2026-03-28,25.0,city,KS
b2c7c23,2026-03-29,20.0,city,AH
b2c7c23,2026-03-30,10.0,city,LL
b2c7c23,2026-04-01,20.0,city,SB
b2c7c23,2026-04-02,10.0,city,JS
b2c7c23,2026-04-04,35.0,city,FB
b2c7c23,2026-04-05,50.0,city,PH
b2c7c23,2026-04-06,5.0,city,JG
b2c7c23,2026-04-08,25.0,city,JB
b2c7c23,2026-04-10,22.0,city,LL
b2c7c23,2026-04-13,20.0,city,PH
b2c7c23,2026-04-14,10.0,city,LH
b2c7c23,2026-04-15,35.0,city,FD
b2c7c23,2026-04-20,25.0,city,JC
b2c7c23,2026-04-20,10.0,city,RE
b2c7c23,2026-04-27,10.0,city,DK
b2c7c23,2026-04-28,25.0,city,KS
b2c7c23,2026-04-29,20.0,city,AH
b2c7c23,2026-04-30,10.0,city,LL
b2c7c23,2026-05-01,20.0,city,SB
b2c7c23,2026-05-02,10.0,city,JS
b2c7c23,2026-05-04,35.0,city,FB
b2c7c23,2026-05-05,50.0,city,PH
b2c7c23,2026-05-06,5.0,city,JG
b2c7c23,2026-05-10,22.0,city,LL
b2c7c23,2026-05-13,20.0,city,PH
b2c7c23,2026-05-14,10.0,city,LH
b2c7c23,2026-05-15,35.0,city,FD
b2c7c23,2026-05-20,25.0,city,JC
b2c7c23,2026-05-20,10.0,city,RE
b2c7c23,2026-05-27,10.0,city,DK
b2c7c23,2026-05-28,25.0,city,KS
b2c7c23,2026-05-29,20.0,city,AH
b2c7c23,2026-05-30,10.0,city,LL
b2c7c23,2026-06-01,20.0,city,SB
b2c7c23,2026-06-02,10.0,city,JS
b2c7c23,2026-06-04,35.0,city,FB
b2c7c23,2026-06-05,50.0,city,PH
b2c7c23,2026-06-06,5.0,city,JG
b2c7c23,2026-06-10,22.0,city,LL
b2c7c23,2026-06-13,20.0,city,PH
b2c7c23,2026-06-15,35.0,city,FD
b2c7c23,2026-06-20,25.0,city,JC
b2c7c23,2026-06-20,10.0,city,RE
b2c7c23,2026-06-27,10.0,city,DK
b2c7c23,2026-06-29,20.0,city,AH
b2c7c23,2026-06-30,10.0,city,LL
b30be76,2026-05-16,250.0,city,CH
b30be76,2026-06-19,250.0,city,KS
b30be76,2026-06-26,18.0,both,DB
b378582,2025-10-24,5.0,city,MR
b378582,2025-11-24,5.0,city,MR
b378582,2025-12-24,5.0,city,MR
b378582,2026-01-24,5.0,city,MR
b378582,2026-02-24,5.0,city,MR
b378582,2026-03-03,3500.0,city,JM
b378582,2026-03-09,1045.46,city,JM
b378582,2026-03-24,5.0,city,MR
b378582,2026-03-30,416.67,city,CC
b378582,2026-03-30,1666.67,city,JG
b378582,2026-03-30,3500.0,city,SG
b378582,2026-04-24,5.0,city,MR
b378582,2026-04-30,100.0,city,MH
b378582,2026-05-05,250.0,city,MF
b378582,2026-05-06,3500.0,city,SS
b378582,2026-05-11,3500.0,city,EF
b378582,2026-05-11,1000.0,city,LW
b378582,2026-05-11,1000.0,city,LW
b378582,2026-05-24,5.0,city,MR
b378582,2026-06-22,1000.0,city,EP
b378582,2026-06-24,5.0,city,MR
b77e38d,2025-12-31,250.0,ucb,DM
b89224c,2026-06-19,200.0,city,CE
b89224c,2026-06-20,200.0,city,CE
b909d43,2025-08-21,3500.0,city,JK
b909d43,2026-01-27,500.0,city,JB
b909d43,2026-05-13,500.0,city,JB
ba1772e,2025-10-21,500.0,city,JA
ba1772e,2025-10-22,500.0,city,AB
ba1772e,2025-11-19,3000.0,city,JA
ba1772e,2025-11-19,3500.0,city,JA
ba1772e,2025-11-20,3500.0,city,AB
ba1772e,2025-11-20,3500.0,city,AB
ba1772e,2025-11-20,1000.0,city,KP
ba1772e,2025-12-02,500.0,city,DC
ba1772e,2025-12-07,250.0,ucb,EG
ba1772e,2025-12-29,600.0,ucb,EC
ba25411,2025-12-31,500.0,city,CH
bbdae45,2026-03-25,250.0,city,DA
bbdae45,2026-05-22,250.0,city,AB
bbdae45,2026-06-10,10.0,city,AB
bc4cba1,2025-11-10,1000.0,city,DK
bc4cba1,2025-12-17,250.0,city,BC
bc4cba1,2026-01-19,3500.0,city,GH
bc4cba1,2026-01-20,150.0,city,WB
bc4cba1,2026-01-21,250.0,city,AS
bc4cba1,2026-02-07,500.0,city,AJ
bc4cba1,2026-02-07,75.0,city,WB
bc4cba1,2026-03-01,250.0,ucb,LS
bc4cba1,2026-03-18,500.0,city,DK
bc4cba1,2026-03-30,500.0,city,BC
bc4cba1,2026-04-10,100.0,city,WB
bc4cba1,2026-04-26,250.0,city,EE
bc4cba1,2026-05-27,150.0,city,GK
bd0713d,2025-10-20,3500.0,both,CA
bd0713d,2025-10-20,3500.0,both,CA
bd0713d,2025-10-20,2500.0,city,AB
bd0713d,2025-10-20,1000.0,city,AB
bd0713d,2025-10-20,3500.0,city,AF
bd0713d,2025-10-20,3500.0,city,AF
bd0713d,2025-10-20,3500.0,city,AK
bd0713d,2025-10-20,3500.0,city,AK
bd0713d,2025-10-20,3500.0,city,AK
bd0713d,2025-10-20,3500.0,city,AL
bd0713d,2025-10-20,3500.0,city,AL
bd0713d,2025-10-20,3500.0,city,AM
bd0713d,2025-10-20,3500.0,city,AM
bd0713d,2025-10-20,3500.0,city,AS
bd0713d,2025-10-20,3500.0,city,AS
bd0713d,2025-10-20,3500.0,city,AS
bd0713d,2025-10-20,3500.0,city,AS
bd0713d,2025-10-20,3500.0,city,AT
bd0713d,2025-10-20,3500.0,city,AT
bd0713d,2025-10-20,3500.0,city,BG
bd0713d,2025-10-20,3500.0,city,BG
bd0713d,2025-10-20,3500.0,city,BW
bd0713d,2025-10-20,3500.0,city,BW
bd0713d,2025-10-20,3500.0,city,CM
bd0713d,2025-10-20,3500.0,city,CM
bd0713d,2025-10-20,3300.0,city,CW
bd0713d,2025-10-20,3500.0,city,CZ
bd0713d,2025-10-20,3500.0,city,CZ
bd0713d,2025-10-20,3500.0,city,DB
bd0713d,2025-10-20,3500.0,city,DB
bd0713d,2025-10-20,3500.0,city,DF
bd0713d,2025-10-20,3500.0,city,DF
bd0713d,2025-10-20,3500.0,city,DK
bd0713d,2025-10-20,3500.0,city,DK
bd0713d,2025-10-20,1000.0,city,DK
bd0713d,2025-10-20,3500.0,city,DT
bd0713d,2025-10-20,3500.0,city,DT
bd0713d,2025-10-20,3500.0,city,DZ
bd0713d,2025-10-20,3500.0,city,DZ
bd0713d,2025-10-20,3500.0,city,EA
bd0713d,2025-10-20,3500.0,city,EA
bd0713d,2025-10-20,3500.0,city,EG
bd0713d,2025-10-20,3500.0,city,EG
bd0713d,2025-10-20,2500.0,city,EG
bd0713d,2025-10-20,3500.0,city,EL
bd0713d,2025-10-20,3500.0,city,EL
bd0713d,2025-10-20,3500.0,city,EN
bd0713d,2025-10-20,3500.0,city,EN
bd0713d,2025-10-20,3500.0,city,ER
bd0713d,2025-10-20,3500.0,city,ER
bd0713d,2025-10-20,3500.0,city,EV
bd0713d,2025-10-20,3500.0,city,EV
bd0713d,2025-10-20,3500.0,city,HL
bd0713d,2025-10-20,3500.0,city,HL
bd0713d,2025-10-20,3500.0,city,IM
bd0713d,2025-10-20,3500.0,city,IM
bd0713d,2025-10-20,3500.0,city,JG
bd0713d,2025-10-20,3500.0,city,JK
bd0713d,2025-10-20,3000.0,city,JK
bd0713d,2025-10-20,500.0,city,JK
bd0713d,2025-10-20,3500.0,city,JM
bd0713d,2025-10-20,3500.0,city,JM
bd0713d,2025-10-20,2500.0,city,JS
bd0713d,2025-10-20,3500.0,city,JS
bd0713d,2025-10-20,3500.0,city,JS
bd0713d,2025-10-20,3500.0,city,KF
bd0713d,2025-10-20,3500.0,city,KF
bd0713d,2025-10-20,2500.0,city,KS
bd0713d,2025-10-20,3500.0,city,KS
bd0713d,2025-10-20,3500.0,city,KS
bd0713d,2025-10-20,3500.0,city,LC
bd0713d,2025-10-20,3500.0,city,LC
bd0713d,2025-10-20,500.0,city,LZ
bd0713d,2025-10-20,1000.0,city,MH
bd0713d,2025-10-20,3500.0,city,MK
bd0713d,2025-10-20,3500.0,city,MK
bd0713d,2025-10-20,3500.0,city,MN
bd0713d,2025-10-20,3440.0,city,MN
bd0713d,2025-10-20,3500.0,city,MT
bd0713d,2025-10-20,3500.0,city,MT
bd0713d,2025-10-20,1000.0,city,NT
bd0713d,2025-10-20,3500.0,city,PB
bd0713d,2025-10-20,2500.0,city,PB
bd0713d,2025-10-20,1000.0,city,PB
bd0713d,2025-10-20,3500.0,city,PM
bd0713d,2025-10-20,3500.0,city,PM
bd0713d,2025-10-20,3500.0,city,RM
bd0713d,2025-10-20,3500.0,city,RM
bd0713d,2025-10-20,2500.0,city,RR
bd0713d,2025-10-20,750.0,city,SS
bd0713d,2025-10-20,3500.0,city,SY
bd0713d,2025-10-20,3500.0,city,SY
bd0713d,2025-10-20,3500.0,city,T
bd0713d,2025-10-20,3500.0,city,T
bd0713d,2025-10-20,1200.0,city,TH
bd0713d,2025-10-20,3500.0,city,TK
bd0713d,2025-10-20,3500.0,city,TK
bd0713d,2025-10-20,3500.0,city,TL
bd0713d,2025-10-20,3500.0,city,TL
bd0713d,2025-10-20,3500.0,city,TT
bd0713d,2025-10-20,3500.0,city,TT
bd0713d,2025-10-20,3500.0,city,VH
bd0713d,2025-10-20,3500.0,city,VH
bd0713d,2025-10-20,3500.0,city,ZP
bd0713d,2025-10-20,3500.0,city,ZP
bd0713d,2025-10-20,3500.0,ucb,MC
bd0713d,2025-10-20,3500.0,ucb,MC
bd0713d,2025-10-21,3500.0,city,AB
bd0713d,2025-10-21,1000.0,city,AB
bd0713d,2025-10-21,3500.0,city,JG
bd0713d,2025-10-21,1000.0,city,OG
bd0713d,2025-10-21,250.0,city,SS
bd0713d,2025-10-23,3500.0,city,KS
bd0713d,2025-10-23,1000.0,city,KS
bd0713d,2025-12-16,3500.0,city,AK
bd0713d,2025-12-16,2500.0,city,AK
bd0713d,2025-12-24,373.33,ucb,DL
bd0713d,2025-12-29,3500.0,city,RR
bd0713d,2025-12-29,3500.0,city,RR
bd0713d,2025-12-31,500.0,city,AB
bd0713d,2025-12-31,3500.0,city,AS
bd0713d,2025-12-31,500.0,city,AS
bd0713d,2025-12-31,3500.0,city,NG
bd0713d,2025-12-31,50.0,city,NT
bd0713d,2026-01-08,3500.0,city,CC
bd0713d,2026-01-24,100.0,city,SS
bd0713d,2026-01-29,250.0,city,KK
bd0713d,2026-02-28,500.0,city,NS
bd0713d,2026-03-31,3500.0,city,AT
bd0713d,2026-03-31,3500.0,city,AT
bd0713d,2026-04-22,3500.0,city,NF
bd0713d,2026-04-27,800.0,city,TH
bd0713d,2026-05-04,1000.0,city,OG
bd0713d,2026-05-04,2500.0,city,OG
bd0713d,2026-05-10,500.0,city,TH
bd0713d,2026-05-10,3500.0,city,TL
bd0713d,2026-05-12,1000.0,city,TH
bd0713d,2026-05-13,3450.0,city,PS
bd0713d,2026-05-13,50.0,city,PS
bd0713d,2026-05-15,500.0,city,JB
bd0713d,2026-05-26,500.0,city,JB
bd0713d,2026-06-03,3000.0,city,LZ
bd0713d,2026-06-03,500.0,city,LZ
bd0713d,2026-06-13,3500.0,city,AR
bd0713d,2026-06-15,250.0,city,KB
bd0713d,2026-06-16,1000.0,city,AK
bd0713d,2026-06-16,3500.0,city,AW
bd0713d,2026-06-16,500.0,city,MH
bd0713d,2026-06-16,15.0,city,MH
bd0713d,2026-06-21,500.0,city,SJ
bd0713d,2026-06-22,250.0,city,JA
bd3d6fe,2025-09-07,250.0,city,AP
bd3d6fe,2025-09-07,500.0,city,LK
bd3d6fe,2025-09-30,250.0,city,HA
bd3d6fe,2025-10-07,25.0,city,LK
bd3d6fe,2025-11-07,25.0,city,LK
bd3d6fe,2025-12-07,25.0,city,LK
bd3d6fe,2026-01-07,25.0,city,LK
bd3d6fe,2026-02-03,250.0,city,HS
bd3d6fe,2026-02-07,25.0,city,LK
bd3d6fe,2026-03-07,25.0,city,LK
bd3d6fe,2026-04-07,25.0,city,LK
bd3d6fe,2026-05-07,25.0,city,LK
bd3d6fe,2026-06-07,25.0,city,LK
bf5a3b1,2025-08-01,40.0,both,PV
bf5a3b1,2025-08-09,18.0,both,DB
bf5a3b1,2025-08-17,10.0,city,MS
bf5a3b1,2025-08-23,20.0,city,WW
bf5a3b1,2025-08-24,10.0,city,MS
bf5a3b1,2025-08-26,3.6,both,DB
bf5a3b1,2025-08-27,72.0,both,DB
bf5a3b1,2025-09-01,40.0,both,PV
bf5a3b1,2025-09-06,25.0,city,WW
bf5a3b1,2025-09-09,18.0,both,DB
bf5a3b1,2025-09-09,50.0,city,GG
bf5a3b1,2025-09-18,50.0,city,WW
bf5a3b1,2025-09-26,3.6,both,DB
bf5a3b1,2025-09-27,72.0,both,DB
bf5a3b1,2025-10-01,40.0,both,PV
bf5a3b1,2025-10-01,100.0,both,PV
bf5a3b1,2025-10-06,25.0,city,WW
bf5a3b1,2025-10-09,18.0,both,DB
bf5a3b1,2025-10-15,10.0,city,MS
bf5a3b1,2025-10-20,50.0,city,JM
bf5a3b1,2025-10-21,50.0,city,GG
bf5a3b1,2025-10-26,3.6,both,DB
bf5a3b1,2025-10-28,5.0,city,MS
bf5a3b1,2025-10-30,16.66,city,GH
bf5a3b1,2025-10-31,50.0,city,JM
bf5a3b1,2025-11-01,40.0,both,PV
bf5a3b1,2025-11-04,1000.0,city,HF
bf5a3b1,2025-11-06,25.0,city,WW
bf5a3b1,2025-11-08,10.0,city,MS
bf5a3b1,2025-11-09,18.0,both,DB
bf5a3b1,2025-11-15,1000.0,city,DE
bf5a3b1,2025-11-16,500.0,city,HF
bf5a3b1,2025-11-16,50.0,city,JM
bf5a3b1,2025-11-16,50.0,city,JM
bf5a3b1,2025-11-19,10.0,city,MS
bf5a3b1,2025-11-23,100.0,city,JN
bf5a3b1,2025-11-23,50.0,city,ME
bf5a3b1,2025-11-26,3.6,both,DB
bf5a3b1,2025-11-27,72.0,both,DB
bf5a3b1,2025-11-30,16.66,city,GH
bf5a3b1,2025-11-30,50.0,city,ID
bf5a3b1,2025-11-30,50.0,city,JM
bf5a3b1,2025-11-30,10.0,city,MS
bf5a3b1,2025-12-01,40.0,both,PV
bf5a3b1,2025-12-03,5.0,city,MS
bf5a3b1,2025-12-04,10.0,city,MS
bf5a3b1,2025-12-04,75.0,city,VO
bf5a3b1,2025-12-06,100.0,city,JN
bf5a3b1,2025-12-06,25.0,city,WW
bf5a3b1,2025-12-09,18.0,both,DB
bf5a3b1,2025-12-12,50.0,city,NS
bf5a3b1,2025-12-15,15.0,city,VO
bf5a3b1,2025-12-26,3.6,both,DB
bf5a3b1,2025-12-27,72.0,both,DB
bf5a3b1,2025-12-29,250.0,city,HA
bf5a3b1,2025-12-30,16.66,city,GH
bf5a3b1,2025-12-30,50.0,city,ID
bf5a3b1,2026-01-01,40.0,both,PV
bf5a3b1,2026-01-03,10.0,city,SD
bf5a3b1,2026-01-06,25.0,city,WW
bf5a3b1,2026-01-08,20.0,city,DS
bf5a3b1,2026-01-09,18.0,both,DB
bf5a3b1,2026-01-09,200.0,city,HE
bf5a3b1,2026-01-11,50.0,city,NS
bf5a3b1,2026-01-15,250.0,city,JK
bf5a3b1,2026-01-17,25.0,city,VO
bf5a3b1,2026-01-22,50.0,city,JK
bf5a3b1,2026-01-22,25.0,city,SD
bf5a3b1,2026-01-25,16.67,city,DS
bf5a3b1,2026-01-26,3.6,both,DB
bf5a3b1,2026-01-27,72.0,both,DB
bf5a3b1,2026-01-28,270.0,city,EM
bf5a3b1,2026-01-28,100.0,city,WW
bf5a3b1,2026-01-29,50.0,city,GG
bf5a3b1,2026-01-30,16.66,city,GH
bf5a3b1,2026-02-01,40.0,both,PV
bf5a3b1,2026-02-01,38.0,city,VO
bf5a3b1,2026-02-03,10.0,city,SD
bf5a3b1,2026-02-06,25.0,city,WW
bf5a3b1,2026-02-08,20.0,city,DS
bf5a3b1,2026-02-09,18.0,both,DB
bf5a3b1,2026-02-22,25.0,city,SD
bf5a3b1,2026-02-25,200.0,city,HE
bf5a3b1,2026-02-25,50.0,city,NS
bf5a3b1,2026-02-26,3.6,both,DB
bf5a3b1,2026-02-27,72.0,both,DB
bf5a3b1,2026-02-28,16.66,city,GH
bf5a3b1,2026-03-01,40.0,both,PV
bf5a3b1,2026-03-02,100.0,city,PC
bf5a3b1,2026-03-03,10.0,city,SD
bf5a3b1,2026-03-06,25.0,city,WW
bf5a3b1,2026-03-08,20.0,city,DS
bf5a3b1,2026-03-09,18.0,both,DB
bf5a3b1,2026-03-22,25.0,city,SD
bf5a3b1,2026-03-26,3.6,both,DB
bf5a3b1,2026-03-26,30.0,city,SH
bf5a3b1,2026-03-27,72.0,both,DB
bf5a3b1,2026-03-30,16.66,city,GH
bf5a3b1,2026-04-01,40.0,both,PV
bf5a3b1,2026-04-02,100.0,city,AH
bf5a3b1,2026-04-02,10.0,city,RE
bf5a3b1,2026-04-02,50.0,city,SL
bf5a3b1,2026-04-03,10.0,city,SD
bf5a3b1,2026-04-03,25.0,city,SK
bf5a3b1,2026-04-06,25.0,city,WW
bf5a3b1,2026-04-08,20.0,city,DS
bf5a3b1,2026-04-09,18.0,both,DB
bf5a3b1,2026-04-09,20.0,city,PW
bf5a3b1,2026-04-11,100.0,city,GG
bf5a3b1,2026-04-15,25.0,city,EB
bf5a3b1,2026-04-17,10.0,city,HH
bf5a3b1,2026-04-17,5.0,city,PC
bf5a3b1,2026-04-18,200.0,city,PC
bf5a3b1,2026-04-22,25.0,city,SD
bf5a3b1,2026-04-26,3.6,both,DB
bf5a3b1,2026-04-30,25.0,city,EB
bf5a3b1,2026-04-30,16.66,city,GH
bf5a3b1,2026-05-01,40.0,both,PV
bf5a3b1,2026-05-02,10.0,city,RE
bf5a3b1,2026-05-02,50.0,city,SL
bf5a3b1,2026-05-03,25.0,city,MO
bf5a3b1,2026-05-03,10.0,city,SD
bf5a3b1,2026-05-03,25.0,city,SK
bf5a3b1,2026-05-05,50.0,city,PC
bf5a3b1,2026-05-06,25.0,city,WW
bf5a3b1,2026-05-07,50.0,city,NS
bf5a3b1,2026-05-07,100.0,city,PC
bf5a3b1,2026-05-08,20.0,city,DS
bf5a3b1,2026-05-09,18.0,both,DB
bf5a3b1,2026-05-09,20.0,city,PW
bf5a3b1,2026-05-15,25.0,city,ZK
bf5a3b1,2026-05-20,50.0,city,BL
bf5a3b1,2026-05-22,10.0,city,SD
bf5a3b1,2026-05-22,25.0,city,SD
bf5a3b1,2026-05-23,25.0,city,WW
bf5a3b1,2026-05-26,3.6,both,DB
bf5a3b1,2026-05-27,72.0,both,DB
bf5a3b1,2026-05-30,16.66,city,GH
bf5a3b1,2026-05-31,25.0,city,EB
bf5a3b1,2026-05-31,25.0,city,ZK
bf5a3b1,2026-06-01,50.0,both,PV
bf5a3b1,2026-06-02,10.0,city,RE
bf5a3b1,2026-06-02,50.0,city,SL
bf5a3b1,2026-06-03,20.0,city,MA
bf5a3b1,2026-06-03,10.0,city,SD
bf5a3b1,2026-06-03,25.0,city,SK
bf5a3b1,2026-06-05,50.0,city,PC
bf5a3b1,2026-06-06,25.0,city,WW
bf5a3b1,2026-06-08,20.0,city,DS
bf5a3b1,2026-06-09,18.0,both,DB
bf5a3b1,2026-06-09,20.0,city,PW
bf5a3b1,2026-06-10,15.0,city,HH
bf5a3b1,2026-06-14,20.0,city,MA
bf5a3b1,2026-06-14,100.0,city,NS
bf5a3b1,2026-06-21,50.0,city,BL
bf5a3b1,2026-06-22,10.0,city,SD
bf5a3b1,2026-06-22,25.0,city,SD
bf5a3b1,2026-06-26,3.6,both,DB
bf5a3b1,2026-06-27,72.0,both,DB
bf5a3b1,2026-06-29,20.0,city,MA
bf5a3b1,2026-06-30,25.0,city,EB
bf5a3b1,2026-06-30,16.66,city,GH
bf986e7,2025-08-08,10.0,ucb,GL
bf986e7,2025-08-10,10.0,both,RM
bf986e7,2025-08-13,3.0,city,NE
bf986e7,2025-08-13,10.0,city,SR
bf986e7,2025-08-14,25.0,city,LC
bf986e7,2025-08-15,50.0,city,DA
bf986e7,2025-08-15,50.0,city,KR
bf986e7,2025-08-16,50.0,city,KR
bf986e7,2025-08-18,35.0,city,JS
bf986e7,2025-08-20,2.5,city,SR
bf986e7,2025-08-21,20.0,city,JD
bf986e7,2025-08-22,3.0,city,SR
bf986e7,2025-08-26,50.0,city,DA
bf986e7,2025-08-27,25.0,city,AO
bf986e7,2025-08-28,10.0,city,NE
bf986e7,2025-08-28,10.0,city,PH
bf986e7,2025-08-29,5.0,city,KH
bf986e7,2025-08-30,10.0,city,KH
bf986e7,2025-08-31,6.0,city,SR
bf986e7,2025-09-03,7.0,city,BF
bf986e7,2025-09-07,3.0,city,SR
bf986e7,2025-09-08,10.0,ucb,GL
bf986e7,2025-09-10,10.0,both,RM
bf986e7,2025-09-13,3.0,city,NE
bf986e7,2025-09-18,35.0,city,JS
bf986e7,2025-09-19,5.0,city,SR
bf986e7,2025-09-21,50.0,city,JD
bf986e7,2025-09-21,250.0,city,RP
bf986e7,2025-09-23,5.0,city,SR
bf986e7,2025-09-27,25.0,city,AO
bf986e7,2025-09-28,10.0,city,NE
bf986e7,2025-09-28,10.0,city,PH
bf986e7,2025-09-29,5.0,city,KH
bf986e7,2025-09-30,10.0,city,KH
bf986e7,2025-09-30,10.0,city,KK
bf986e7,2025-09-30,5.0,city,SR
bf986e7,2025-10-03,7.0,city,BF
bf986e7,2025-10-03,3.0,city,SR
bf986e7,2025-10-03,40.0,city,TP
bf986e7,2025-10-08,10.0,ucb,GL
bf986e7,2025-10-10,10.0,both,RM
bf986e7,2025-10-10,25.0,city,LC
bf986e7,2025-10-13,3.0,city,NE
bf986e7,2025-10-15,100.0,city,AH
bf986e7,2025-10-15,250.0,city,MR
bf986e7,2025-10-16,125.0,city,JD
bf986e7,2025-10-18,35.0,city,JS
bf986e7,2025-10-24,5.0,city,SR
bf986e7,2025-10-27,25.0,city,AO
bf986e7,2025-10-27,225.0,city,WG
bf986e7,2025-10-28,10.0,city,NE
bf986e7,2025-10-28,10.0,city,PH
bf986e7,2025-10-29,5.0,city,KH
bf986e7,2025-10-30,10.0,city,KH
bf986e7,2025-10-30,3.0,city,SR
bf986e7,2025-10-31,250.0,city,ET
bf986e7,2025-10-31,10.0,city,KK
bf986e7,2025-11-03,7.0,city,BF
bf986e7,2025-11-06,50.0,city,DA
bf986e7,2025-11-08,3.0,city,SR
bf986e7,2025-11-08,10.0,ucb,GL
bf986e7,2025-11-10,10.0,both,RM
bf986e7,2025-11-10,3.0,city,SR
bf986e7,2025-11-13,3.0,city,NE
bf986e7,2025-11-13,25.0,city,PF
bf986e7,2025-11-19,52.0,city,JH
bf986e7,2025-11-20,100.0,city,DA
bf986e7,2025-11-20,55.0,city,JH
bf986e7,2025-11-20,250.0,city,JK
bf986e7,2025-11-20,250.0,city,PF
bf986e7,2025-11-20,250.0,city,SA
bf986e7,2025-11-20,250.0,city,SA
bf986e7,2025-11-21,100.0,city,CD
bf986e7,2025-11-21,250.0,city,ET
bf986e7,2025-11-23,3.0,city,SR
bf986e7,2025-11-24,50.0,city,DA
bf986e7,2025-11-24,50.0,city,EV
bf986e7,2025-11-24,500.0,city,GP
bf986e7,2025-11-24,250.0,city,JV
bf986e7,2025-11-24,25.0,city,LC
bf986e7,2025-11-24,200.0,city,MC
bf986e7,2025-11-24,100.0,city,MS
bf986e7,2025-11-24,100.0,city,SF
bf986e7,2025-11-24,100.0,city,SF
bf986e7,2025-11-24,8.0,ucb,CD
bf986e7,2025-11-25,100.0,city,PH
bf986e7,2025-11-25,2.5,city,SR
bf986e7,2025-11-26,50.0,city,SR
bf986e7,2025-11-27,25.0,city,AO
bf986e7,2025-11-28,1000.0,city,CD
bf986e7,2025-11-28,15.0,city,EV
bf986e7,2025-11-28,10.0,city,NE
bf986e7,2025-11-28,10.0,city,PH
bf986e7,2025-11-29,250.0,city,JQ
bf986e7,2025-11-29,5.0,city,KH
bf986e7,2025-11-29,250.0,city,PC
bf986e7,2025-11-30,25.0,city,DA
bf986e7,2025-11-30,10.0,city,KH
bf986e7,2025-12-03,7.0,city,BF
bf986e7,2025-12-03,50.0,city,RB
bf986e7,2025-12-04,50.0,city,LC
bf986e7,2025-12-04,2.5,city,SR
bf986e7,2025-12-04,250.0,city,SW
bf986e7,2025-12-07,12.5,city,LC
bf986e7,2025-12-08,250.0,city,JD
bf986e7,2025-12-08,10.0,ucb,GL
bf986e7,2025-12-09,500.0,city,ET
bf986e7,2025-12-09,52.0,city,JH
bf986e7,2025-12-09,10.0,city,SR
bf986e7,2025-12-10,10.0,both,RM
bf986e7,2025-12-10,10.0,city,DS
bf986e7,2025-12-10,25.0,city,LC
bf986e7,2025-12-10,2.5,city,SR
bf986e7,2025-12-10,10.0,city,SR
bf986e7,2025-12-11,10.0,city,KK
bf986e7,2025-12-12,25.0,city,KR
bf986e7,2025-12-13,100.0,city,JD
bf986e7,2025-12-13,3.0,city,NE
bf986e7,2025-12-13,250.0,city,NL
bf986e7,2025-12-13,25.0,city,PF
bf986e7,2025-12-14,50.0,city,DS
bf986e7,2025-12-14,20.0,city,JN
bf986e7,2025-12-15,250.0,city,DT
bf986e7,2025-12-15,52.0,city,JH
bf986e7,2025-12-15,3.0,city,SR
bf986e7,2025-12-16,250.0,city,AH
bf986e7,2025-12-16,100.0,city,LW
bf986e7,2025-12-16,5.0,city,SR
bf986e7,2025-12-17,250.0,city,AB
bf986e7,2025-12-17,25.0,city,KR
bf986e7,2025-12-18,35.0,city,JS
bf986e7,2025-12-19,100.0,city,AW
bf986e7,2025-12-20,10.0,city,KK
bf986e7,2025-12-22,500.0,city,HK
bf986e7,2025-12-22,100.0,city,RC
bf986e7,2025-12-22,10.0,city,SR
bf986e7,2025-12-27,25.0,city,AO
bf986e7,2025-12-28,15.0,city,EV
bf986e7,2025-12-28,10.0,city,NE
bf986e7,2025-12-28,10.0,city,PH
bf986e7,2025-12-29,12.5,city,CJ
bf986e7,2025-12-29,5.0,city,KH
bf986e7,2025-12-29,100.0,city,LC
bf986e7,2025-12-29,10.0,city,RB
bf986e7,2025-12-30,10.0,city,KH
bf986e7,2025-12-30,100.0,city,RC
bf986e7,2025-12-30,100.0,city,RC
bf986e7,2025-12-30,6.0,city,SR
bf986e7,2025-12-31,55.0,city,JH
bf986e7,2025-12-31,150.0,city,MN
bf986e7,2026-01-03,7.0,city,BF
bf986e7,2026-01-05,25.0,city,AO
bf986e7,2026-01-05,100.0,city,AW
bf986e7,2026-01-05,10.0,city,DA
bf986e7,2026-01-05,5.0,city,KK
bf986e7,2026-01-05,1000.0,city,KM
bf986e7,2026-01-05,250.0,city,LK
bf986e7,2026-01-05,100.0,city,LW
bf986e7,2026-01-05,100.0,city,MR
bf986e7,2026-01-05,12.5,city,NT
bf986e7,2026-01-05,25.0,city,RB
bf986e7,2026-01-05,500.0,city,RS
bf986e7,2026-01-05,100.0,city,TC
bf986e7,2026-01-06,25.0,city,AO
bf986e7,2026-01-06,500.0,city,ET
bf986e7,2026-01-06,12.5,city,KR
bf986e7,2026-01-06,2.5,city,SR
bf986e7,2026-01-06,2.5,city,SR
bf986e7,2026-01-06,10.0,ucb,CD
bf986e7,2026-01-07,125.0,city,AB
bf986e7,2026-01-07,50.0,city,EV
bf986e7,2026-01-07,500.0,city,JB
bf986e7,2026-01-07,100.0,city,KL
bf986e7,2026-01-07,100.0,city,PW
bf986e7,2026-01-08,10.0,ucb,GL
bf986e7,2026-01-09,2.5,city,SR
bf986e7,2026-01-10,10.0,both,RM
bf986e7,2026-01-10,10.0,city,DS
bf986e7,2026-01-10,50.0,city,HK
bf986e7,2026-01-11,25.0,city,MS
bf986e7,2026-01-12,250.0,city,JK
bf986e7,2026-01-13,25.0,city,LC
bf986e7,2026-01-13,3.0,city,NE
bf986e7,2026-01-13,25.0,city,PF
bf986e7,2026-01-15,25.0,city,JH
bf986e7,2026-01-15,2.5,city,SR
bf986e7,2026-01-16,25.0,city,DS
bf986e7,2026-01-16,50.0,city,HK
bf986e7,2026-01-17,3.0,city,SR
bf986e7,2026-01-18,35.0,city,JS
bf986e7,2026-01-18,250.0,city,MR
bf986e7,2026-01-19,150.0,city,AM
bf986e7,2026-01-22,50.0,city,KR
bf986e7,2026-01-22,200.0,city,MS
bf986e7,2026-01-22,2.5,city,SR
bf986e7,2026-01-23,250.0,city,JD
bf986e7,2026-01-24,100.0,city,JQ
bf986e7,2026-01-24,25.0,city,RB
bf986e7,2026-01-26,100.0,city,DA
bf986e7,2026-01-27,25.0,city,AO
bf986e7,2026-01-27,250.0,city,DG
bf986e7,2026-01-27,1000.0,city,JB
bf986e7,2026-01-27,100.0,ucb,DA
bf986e7,2026-01-28,15.0,city,EV
bf986e7,2026-01-28,10.0,city,NE
bf986e7,2026-01-28,10.0,city,PH
bf986e7,2026-01-29,5.0,city,KH
bf986e7,2026-01-29,25.0,city,LC
bf986e7,2026-01-30,250.0,city,AB
bf986e7,2026-01-30,10.0,city,KH
bf986e7,2026-01-30,4.0,city,KK
bf986e7,2026-01-30,5.0,city,KM
bf986e7,2026-01-30,50.0,city,KR
bf986e7,2026-01-30,25.0,city,MS
bf986e7,2026-01-30,150.0,city,RP
bf986e7,2026-01-30,3.0,city,SR
bf986e7,2026-01-31,50.0,city,HK
bf986e7,2026-01-31,5.0,city,SR
bf986e7,2026-02-03,7.0,city,BF
bf986e7,2026-02-03,200.0,city,LL
bf986e7,2026-02-03,3.0,city,SR
bf986e7,2026-02-06,125.0,city,ET
bf986e7,2026-02-06,50.0,city,JA
bf986e7,2026-02-06,250.0,city,LE
bf986e7,2026-02-07,100.0,city,RB
bf986e7,2026-02-08,100.0,city,JD
bf986e7,2026-02-08,100.0,city,MH
bf986e7,2026-02-08,10.0,ucb,GL
bf986e7,2026-02-09,70.0,city,DT
bf986e7,2026-02-09,5.0,city,SR
bf986e7,2026-02-10,10.0,both,RM
bf986e7,2026-02-10,10.0,city,DS
bf986e7,2026-02-10,500.0,city,HF
bf986e7,2026-02-13,3.0,city,NE
bf986e7,2026-02-13,25.0,city,PF
bf986e7,2026-02-18,35.0,city,JS
bf986e7,2026-02-18,1000.0,city,ML
bf986e7,2026-02-18,100.0,city,RC
bf986e7,2026-02-18,2000.0,ucb,MR
bf986e7,2026-02-19,50.0,city,KS
bf986e7,2026-02-20,100.0,city,MR
bf986e7,2026-02-21,5.0,city,EM
bf986e7,2026-02-22,2.5,city,SR
bf986e7,2026-02-23,1000.0,city,JB
bf986e7,2026-02-23,5.0,city,SR
bf986e7,2026-02-27,25.0,city,AO
bf986e7,2026-02-27,2.5,city,SR
bf986e7,2026-02-27,225.0,city,WG
bf986e7,2026-02-28,15.0,city,EV
bf986e7,2026-02-28,10.0,city,KH
bf986e7,2026-02-28,5.0,city,KH
bf986e7,2026-02-28,5.0,city,KM
bf986e7,2026-02-28,10.0,city,NE
bf986e7,2026-02-28,10.0,city,PH
bf986e7,2026-03-03,7.0,city,BF
bf986e7,2026-03-04,20.0,city,JD
bf986e7,2026-03-05,1.5,city,SR
bf986e7,2026-03-07,100.0,city,RB
bf986e7,2026-03-08,12.5,city,LC
bf986e7,2026-03-08,3.0,city,SR
bf986e7,2026-03-08,10.0,ucb,GL
bf986e7,2026-03-09,15.0,city,SR
bf986e7,2026-03-10,10.0,both,RM
bf986e7,2026-03-10,250.0,city,AB
bf986e7,2026-03-10,10.0,city,DS
bf986e7,2026-03-12,20.0,city,BG
bf986e7,2026-03-13,100.0,city,KR
bf986e7,2026-03-13,50.0,city,LC
bf986e7,2026-03-13,3.0,city,NE
bf986e7,2026-03-13,25.0,city,PF
bf986e7,2026-03-15,1000.0,city,AH
bf986e7,2026-03-16,45.0,city,DN
bf986e7,2026-03-16,150.0,city,MN
bf986e7,2026-03-16,250.0,city,TF
bf986e7,2026-03-18,35.0,city,JS
bf986e7,2026-03-18,100.0,city,MZ
bf986e7,2026-03-19,50.0,city,KS
bf986e7,2026-03-21,50.0,city,DA
bf986e7,2026-03-21,5.0,city,EM
bf986e7,2026-03-25,50.0,city,TP
bf986e7,2026-03-26,3.0,city,SR
bf986e7,2026-03-27,25.0,city,AO
bf986e7,2026-03-27,200.0,city,TL
bf986e7,2026-03-28,15.0,city,EV
bf986e7,2026-03-28,10.0,city,NE
bf986e7,2026-03-28,10.0,city,PH
bf986e7,2026-03-29,25.0,city,HW
bf986e7,2026-03-29,100.0,city,JK
bf986e7,2026-03-29,5.0,city,KH
bf986e7,2026-03-29,50.0,ucb,CD
bf986e7,2026-03-30,50.0,city,DH
bf986e7,2026-03-30,10.0,city,KH
bf986e7,2026-03-30,10.0,city,KK
bf986e7,2026-03-30,5.0,city,KM
bf986e7,2026-03-30,12.5,city,NN
bf986e7,2026-03-30,3.0,city,SR
bf986e7,2026-03-31,100.0,city,ET
bf986e7,2026-03-31,100.0,city,JD
bf986e7,2026-03-31,100.0,city,KR
bf986e7,2026-03-31,125.0,city,MR
bf986e7,2026-04-03,7.0,city,BF
bf986e7,2026-04-03,50.0,city,LC
bf986e7,2026-04-05,25.0,city,MS
bf986e7,2026-04-08,10.0,ucb,GL
bf986e7,2026-04-09,1000.0,city,JB
bf986e7,2026-04-09,4.0,city,KK
bf986e7,2026-04-10,10.0,both,RM
bf986e7,2026-04-10,10.0,city,DS
bf986e7,2026-04-12,3.0,city,SR
bf986e7,2026-04-13,50.0,city,DA
bf986e7,2026-04-13,3.0,city,NE
bf986e7,2026-04-13,25.0,city,PF
bf986e7,2026-04-14,100.0,city,AW
bf986e7,2026-04-15,50.0,city,HK
bf986e7,2026-04-18,35.0,city,JS
bf986e7,2026-04-19,50.0,city,KS
bf986e7,2026-04-20,50.0,city,NN
bf986e7,2026-04-20,5.0,city,SR
bf986e7,2026-04-21,5.0,city,EM
bf986e7,2026-04-22,2.5,city,SR
bf986e7,2026-04-24,200.0,city,JT
bf986e7,2026-04-25,250.0,city,MR
bf986e7,2026-04-25,25.0,city,MS
bf986e7,2026-04-25,50.0,city,TP
bf986e7,2026-04-27,250.0,city,AB
bf986e7,2026-04-27,25.0,city,AO
bf986e7,2026-04-27,55.0,city,JH
bf986e7,2026-04-28,100.0,city,CH
bf986e7,2026-04-28,15.0,city,EV
bf986e7,2026-04-28,100.0,city,JA
bf986e7,2026-04-28,10.0,city,NE
bf986e7,2026-04-28,10.0,city,PH
bf986e7,2026-04-29,5.0,city,KH
bf986e7,2026-04-30,10.0,city,KH
bf986e7,2026-04-30,10.0,city,KK
bf986e7,2026-04-30,5.0,city,KM
bf986e7,2026-04-30,25.0,city,RW
bf986e7,2026-04-30,25.0,city,RW
bf986e7,2026-04-30,3.0,city,SR
bf986e7,2026-05-03,7.0,city,BF
bf986e7,2026-05-04,250.0,city,TC
bf986e7,2026-05-05,35.0,city,KG
bf986e7,2026-05-05,50.0,city,LC
bf986e7,2026-05-06,100.0,city,ET
bf986e7,2026-05-07,35.0,city,DA
bf986e7,2026-05-07,3.0,city,SR
bf986e7,2026-05-08,3.0,city,SR
bf986e7,2026-05-08,10.0,ucb,GL
bf986e7,2026-05-10,10.0,city,DS
bf986e7,2026-05-12,100.0,city,LC
bf986e7,2026-05-13,3.0,city,NE
bf986e7,2026-05-13,25.0,city,PF
bf986e7,2026-05-14,50.0,city,KR
bf986e7,2026-05-15,100.0,city,RC
bf986e7,2026-05-15,50.0,city,RW
bf986e7,2026-05-16,3.0,city,SR
bf986e7,2026-05-18,500.0,city,ES
bf986e7,2026-05-18,35.0,city,JS
bf986e7,2026-05-19,50.0,city,KS
bf986e7,2026-05-21,5.0,city,EM
bf986e7,2026-05-25,50.0,city,TP
bf986e7,2026-05-27,25.0,city,AO
bf986e7,2026-05-27,3.0,city,SR
bf986e7,2026-05-28,15.0,city,EV
bf986e7,2026-05-28,25.0,city,MM
bf986e7,2026-05-28,10.0,city,NE
bf986e7,2026-05-28,10.0,city,PH
bf986e7,2026-05-29,5.0,city,KH
bf986e7,2026-05-30,10.0,city,KH
bf986e7,2026-05-30,5.0,city,KM
bf986e7,2026-05-30,100.0,city,MR
bf986e7,2026-05-31,35.0,city,KK
bf986e7,2026-05-31,200.0,city,MC
bf986e7,2026-06-03,7.0,city,BF
bf986e7,2026-06-03,150.0,city,MN
bf986e7,2026-06-05,500.0,city,GC
bf986e7,2026-06-05,35.0,city,KG
bf986e7,2026-06-05,5.0,city,RW
bf986e7,2026-06-07,3.0,city,SR
bf986e7,2026-06-08,10.0,ucb,GL
bf986e7,2026-06-09,100.0,city,CH
bf986e7,2026-06-09,55.0,city,JH
bf986e7,2026-06-10,10.0,city,DS
bf986e7,2026-06-10,50.0,city,KR
bf986e7,2026-06-11,18.0,city,JR
bf986e7,2026-06-12,25.0,city,RB
bf986e7,2026-06-13,3.0,city,NE
bf986e7,2026-06-13,25.0,city,PF
bf986e7,2026-06-15,100.0,city,DT
bf986e7,2026-06-15,10.0,city,MN
bf986e7,2026-06-15,250.0,city,SS
bf986e7,2026-06-18,35.0,city,JS
bf986e7,2026-06-19,50.0,city,KS
bf986e7,2026-06-19,100.0,city,RF
bf986e7,2026-06-21,5.0,city,EM
bf986e7,2026-06-21,100.0,city,KR
bf986e7,2026-06-21,3.0,city,SR
bf986e7,2026-06-25,50.0,city,TP
bf986e7,2026-06-26,35.0,city,MD
bf986e7,2026-06-26,35.0,city,MD
bf986e7,2026-06-26,3.0,city,SR
bf986e7,2026-06-27,188.0,city,MR
bf986e7,2026-06-28,15.0,city,EV
bf986e7,2026-06-28,25.0,city,MM
bf986e7,2026-06-28,10.0,city,PH
bf986e7,2026-06-29,5.0,city,KH
bf986e7,2026-06-30,25.0,both,KH
bf986e7,2026-06-30,25.0,both,KH
bf986e7,2026-06-30,100.0,city,ET
bf986e7,2026-06-30,10.0,city,KH
bf986e7,2026-06-30,10.0,city,KK
bf986e7,2026-06-30,5.0,city,KM
bfcfaf3,2025-10-20,250.0,city,MR
bfcfaf3,2025-10-31,250.0,city,MM
bfcfaf3,2025-12-08,500.0,city,SB
bfcfaf3,2025-12-11,250.0,city,BC
bfcfaf3,2026-02-27,37.0,city,LW
bfcfaf3,2026-03-01,50.0,city,LW
bfcfaf3,2026-03-02,2500.0,city,CB
bfcfaf3,2026-03-06,300.0,city,AB
bfcfaf3,2026-03-08,50.0,city,LW
bfcfaf3,2026-03-12,500.0,city,AB
bfcfaf3,2026-03-12,500.0,city,BC
bfcfaf3,2026-03-12,500.0,city,BC
bfcfaf3,2026-03-15,50.0,city,LW
bfcfaf3,2026-03-27,37.0,city,LW
bfcfaf3,2026-04-27,37.0,city,LW
bfcfaf3,2026-05-21,200.0,city,JT
bfcfaf3,2026-05-27,37.0,city,LW
bfcfaf3,2026-06-27,37.0,city,LW
bfd0453,2025-09-17,100.0,ucb,RF
bfd0453,2025-09-27,1000.0,ucb,RF
c04eaf7,2025-09-12,250.0,city,SB
c0dfb97,2025-08-12,10.0,city,MB
c0dfb97,2025-08-14,50.0,city,EW
c0dfb97,2025-08-26,5.0,city,MB
c0dfb97,2025-08-31,25.0,city,AN
c0dfb97,2025-09-01,5.0,city,MB
c0dfb97,2025-09-07,25.0,city,KS
c0dfb97,2025-09-07,10.0,city,KS
c0dfb97,2025-09-12,10.0,city,MB
c0dfb97,2025-09-14,50.0,city,EW
c0dfb97,2025-09-30,25.0,city,AN
c0dfb97,2025-10-07,25.0,city,KS
c0dfb97,2025-10-07,10.0,city,KS
c0dfb97,2025-10-14,500.0,city,PH
c0dfb97,2025-10-31,25.0,city,AN
c0dfb97,2025-11-07,25.0,city,KS
c0dfb97,2025-11-30,25.0,city,AN
c0dfb97,2025-12-07,25.0,city,KS
c0dfb97,2025-12-31,25.0,city,AN
c0dfb97,2026-01-07,25.0,city,KS
c0dfb97,2026-01-31,25.0,city,AN
c0dfb97,2026-02-07,25.0,city,KS
c0dfb97,2026-02-18,100.0,city,HK
c0dfb97,2026-02-22,125.0,city,KF
c0dfb97,2026-02-28,25.0,city,AN
c0dfb97,2026-03-07,25.0,city,KS
c0dfb97,2026-03-31,25.0,city,AN
c0dfb97,2026-04-07,25.0,city,KS
c0dfb97,2026-04-30,25.0,city,AN
c0dfb97,2026-05-01,1000.0,city,BE
c0dfb97,2026-05-07,25.0,city,KS
c0dfb97,2026-05-31,25.0,city,AN
c0dfb97,2026-06-07,25.0,city,KS
c0dfb97,2026-06-30,25.0,city,AN
c30f786,2025-08-18,200.0,city,JT
c30f786,2025-08-19,100.0,city,JT
c30f786,2025-08-20,100.0,city,LD
c30f786,2025-08-20,100.0,city,MR
c30f786,2025-08-26,250.0,city,SS
c30f786,2025-09-02,200.0,city,JT
c30f786,2025-09-25,250.0,city,MR
c30f786,2025-09-27,100.0,city,LD
c30f786,2025-10-12,250.0,city,MR
c30f786,2025-10-31,500.0,city,JM
c30f786,2025-11-02,100.0,city,MR
c35a6dd,2026-03-26,500.0,city,SH
c36ca50,2025-09-22,3300.0,city,GP
c3d0b05,2025-11-11,3500.0,city,BG
c3d0b05,2026-03-01,500.0,city,LH
c545033,2025-08-23,3500.0,city,BW
c545033,2025-08-26,250.0,city,JB
c545033,2025-11-08,200.0,city,CB
c545033,2026-01-26,125.0,city,PB
c545033,2026-02-04,20.0,city,PB
c545033,2026-02-07,333.33,city,CB
c545033,2026-02-17,150.0,city,CB
c545033,2026-03-10,500.0,city,JB
c545033,2026-04-06,100.0,city,AL
c545033,2026-04-12,250.0,ucb,GL
c545033,2026-05-03,250.0,city,NK
c545033,2026-05-21,500.0,city,AL
c545033,2026-06-04,277.77,city,CB
c545033,2026-06-04,277.77,city,LR
c545033,2026-06-09,1111.11,city,PW
c6fc58e,2025-12-03,3500.0,city,ER
cbb4363,2026-03-09,250.0,city,AB
cbb4363,2026-05-05,250.0,city,AB
cbb4363,2026-06-11,125.0,city,AB
cc7bf77,2026-04-12,250.0,ucb,GL
cc7bf77,2026-05-05,3500.0,city,SG
cc7bf77,2026-05-12,3500.0,city,EF
cc7bf77,2026-05-12,1000.0,city,LW
cc7bf77,2026-05-12,1000.0,city,LW
cc7bf77,2026-06-12,2000.0,city,AB
ce0f218,2025-08-31,250.0,city,CB
ce0f218,2025-09-16,500.0,city,JB
ce0f218,2025-11-07,2000.0,city,DR
ce0f218,2025-11-11,666.67,city,PL
ce0f218,2025-11-12,1000.0,city,SG
ce0f218,2025-11-13,1666.67,city,AL
ce0f218,2025-11-15,3500.0,city,JS
ce0f218,2025-12-08,100.0,city,EE
ce0f218,2025-12-08,166.67,city,TM
ce0f218,2025-12-17,83.33,city,TM
ce0f218,2026-01-08,3500.0,city,DH
ce0f218,2026-01-14,200.0,city,AL
ce0f218,2026-01-25,500.0,city,HP
ce0f218,2026-02-09,833.34,ucb,MO
ce0f218,2026-02-27,100.0,city,EE
ce0f218,2026-03-14,500.0,city,AB
ce0f218,2026-04-10,200.0,city,AL
ce0f218,2026-04-24,125.0,city,AB
ce0f218,2026-04-24,50.0,city,AB
ce0f218,2026-05-02,100.0,city,EE
ce0f218,2026-05-21,500.0,city,AL
ce0f218,2026-05-29,500.0,city,JB
ce0f218,2026-06-04,250.0,city,AB
cedad96,2026-01-15,2500.0,city,DA
cedad96,2026-01-17,250.0,city,AB
cedad96,2026-01-17,250.0,city,AB
cedad96,2026-03-15,500.0,city,JG
cedad96,2026-03-19,250.0,city,AB
cedad96,2026-04-29,3500.0,city,SS
d0466ae,2026-03-07,250.0,city,AB
d062e89,2025-09-08,15.0,city,WW
d062e89,2025-09-09,25.0,city,GZ
d062e89,2025-09-30,50.0,city,WW
d062e89,2025-10-08,15.0,city,WW
d062e89,2025-10-09,25.0,city,GZ
d062e89,2025-10-30,25.0,city,DA
d062e89,2025-11-08,15.0,city,WW
d062e89,2025-11-09,25.0,city,GZ
d062e89,2025-11-30,25.0,city,DA
d062e89,2025-12-08,15.0,city,WW
d062e89,2025-12-09,25.0,city,GZ
d062e89,2025-12-30,25.0,city,DA
d062e89,2026-01-08,15.0,city,WW
d062e89,2026-01-09,25.0,city,GZ
d062e89,2026-01-30,25.0,city,DA
d062e89,2026-02-08,15.0,city,WW
d062e89,2026-02-28,25.0,city,DA
d062e89,2026-03-08,15.0,city,WW
d062e89,2026-03-30,25.0,city,DA
d062e89,2026-04-08,15.0,city,WW
d062e89,2026-04-29,50.0,city,SK
d062e89,2026-04-30,25.0,city,DA
d062e89,2026-05-08,15.0,city,WW
d062e89,2026-05-12,50.0,city,SK
d062e89,2026-05-30,25.0,city,DA
d062e89,2026-06-08,15.0,city,WW
d062e89,2026-06-30,25.0,city,DA
d095c90,2025-09-07,250.0,city,AP
d095c90,2025-09-07,500.0,city,LK
d095c90,2025-10-07,25.0,city,LK
d095c90,2025-11-07,25.0,city,LK
d095c90,2025-12-07,25.0,city,LK
d095c90,2026-01-07,25.0,city,LK
d095c90,2026-02-07,25.0,city,LK
d095c90,2026-02-20,250.0,city,AB
d095c90,2026-03-07,25.0,city,LK
d095c90,2026-04-04,100.0,city,AB
d095c90,2026-04-07,25.0,city,LK
d095c90,2026-05-07,25.0,city,LK
d0d5565,2025-10-20,125.0,city,AB
d0d5565,2025-10-27,25.0,city,LW
d0d5565,2025-11-27,25.0,city,LW
d0d5565,2025-12-08,125.0,city,AB
d0d5565,2025-12-08,3500.0,city,SS
d0d5565,2025-12-27,25.0,city,LW
d0d5565,2026-01-13,150.0,city,DL
d0d5565,2026-01-17,500.0,city,LK
d0d5565,2026-01-27,25.0,city,LW
d0d5565,2026-02-19,50.0,city,AB
d0d5565,2026-02-27,25.0,city,LW
d0d5565,2026-03-01,100.0,city,HS
d0d5565,2026-03-01,100.0,city,HS
d0d5565,2026-03-03,100.0,city,HS
d0d5565,2026-03-06,50.0,city,AB
d0d5565,2026-03-14,50.0,city,AB
d0d5565,2026-03-17,500.0,city,JE
d0d5565,2026-03-18,250.0,city,PP
d0d5565,2026-03-27,25.0,city,LW
d0d5565,2026-03-28,125.0,city,AB
d0d5565,2026-04-12,200.0,city,HS
d0d5565,2026-04-13,25.0,city,LW
d0d5565,2026-04-27,25.0,city,LW
d0d5565,2026-04-28,250.0,city,NG
d0d5565,2026-05-13,25.0,city,LW
d0d5565,2026-05-27,25.0,city,LW
d0d5565,2026-06-10,1000.0,ucb,RK
d0d5565,2026-06-13,25.0,city,LW
d0d5565,2026-06-14,150.0,city,DL
d0d5565,2026-06-19,100.0,city,SS
d0d5565,2026-06-21,100.0,city,JB
d0d5565,2026-06-25,100.0,city,DL
d0d5565,2026-06-27,25.0,city,LW
d0d5565,2026-06-29,100.0,city,FB
d12e142,2025-11-20,250.0,city,DV
d12e142,2025-11-21,100.0,city,TB
d12e142,2025-11-25,250.0,city,TB
d12e142,2025-12-05,250.0,city,HA
d12e142,2025-12-25,500.0,city,TB
d12e142,2025-12-29,100.0,city,TB
d12e142,2026-01-22,100.0,city,TB
d12e142,2026-02-13,700.0,city,DE
d12e142,2026-02-20,100.0,city,TB
d12e142,2026-03-01,250.0,city,HS
d12e142,2026-04-22,1000.0,city,HA
d12e142,2026-04-26,100.0,city,HS
d152069,2025-08-17,35.0,city,ME
d152069,2025-09-17,35.0,city,ME
d152069,2025-09-17,25.0,ucb,JB
d152069,2025-10-08,50.0,city,CS
d152069,2025-10-08,25.0,ucb,JB
d152069,2025-10-17,35.0,city,ME
d152069,2025-10-17,25.0,ucb,JB
d152069,2025-10-25,100.0,city,RS
d152069,2025-11-01,25.0,city,CS
d152069,2025-11-17,35.0,city,ME
d152069,2025-11-23,250.0,city,LM
d152069,2025-12-01,25.0,city,CS
d152069,2025-12-11,20.0,city,KS
d152069,2025-12-13,30.0,city,FK
d152069,2025-12-17,35.0,city,ME
d152069,2025-12-31,250.0,city,AB
d152069,2026-01-01,25.0,city,CS
d152069,2026-01-11,20.0,city,KS
d152069,2026-01-13,30.0,city,FK
d152069,2026-02-01,25.0,city,CS
d152069,2026-02-11,20.0,city,KS
d152069,2026-02-13,30.0,city,FK
d152069,2026-02-16,25.0,city,CM
d152069,2026-02-16,12.5,city,FD
d152069,2026-02-17,100.0,city,AB
d152069,2026-02-20,20.0,city,CM
d152069,2026-02-25,25.0,city,SS
d152069,2026-02-28,25.0,city,JR
d152069,2026-03-01,25.0,city,CS
d152069,2026-03-03,500.0,city,LK
d152069,2026-03-05,10.13,city,FD
d152069,2026-03-06,100.0,city,AB
d152069,2026-03-09,5.0,city,LD
d152069,2026-03-09,5.0,city,LD
d152069,2026-03-11,20.0,city,KS
d152069,2026-03-13,30.0,city,FK
d152069,2026-03-14,5.0,city,LD
d152069,2026-03-16,25.0,city,CM
d152069,2026-03-16,12.5,city,FD
d152069,2026-03-20,20.0,city,CM
d152069,2026-03-24,35.0,city,AB
d152069,2026-03-24,3.0,city,LD
d152069,2026-03-25,25.0,city,SS
d152069,2026-03-29,25.0,city,JR
d152069,2026-03-29,5.0,city,LD
d152069,2026-03-30,27.0,city,SS
d152069,2026-04-01,25.0,city,CS
d152069,2026-04-05,10.13,city,FD
d152069,2026-04-09,5.0,city,LR
d152069,2026-04-11,20.0,city,KS
d152069,2026-04-13,30.0,city,FK
d152069,2026-04-16,25.0,city,CM
d152069,2026-04-16,12.5,city,FD
d152069,2026-04-24,3.0,city,LR
d152069,2026-04-25,25.0,city,SS
d152069,2026-04-29,25.0,city,JR
d152069,2026-04-30,27.0,city,SS
d152069,2026-05-01,25.0,city,CS
d152069,2026-05-04,100.0,city,AB
d152069,2026-05-05,10.13,city,FD
d152069,2026-05-09,5.0,city,LR
d152069,2026-05-11,20.0,city,KS
d152069,2026-05-13,30.0,city,FK
d152069,2026-05-16,12.5,city,FD
d152069,2026-05-17,20.0,city,NE
d152069,2026-05-24,3.0,city,LR
d152069,2026-05-25,100.0,city,AB
d152069,2026-05-25,25.0,city,SS
d152069,2026-05-29,25.0,city,JR
d152069,2026-05-30,27.0,city,SS
d152069,2026-06-01,25.0,city,CS
d152069,2026-06-02,15.0,city,CB
d152069,2026-06-05,10.13,city,FD
d152069,2026-06-10,100.0,city,KS
d152069,2026-06-11,10.0,city,CB
d152069,2026-06-11,20.0,city,KS
d152069,2026-06-16,12.5,city,FD
d152069,2026-06-17,20.0,city,NE
d152069,2026-06-23,5.0,city,LR
d152069,2026-06-23,5.0,city,LR
d152069,2026-06-24,250.0,city,MN
d152069,2026-06-25,5.0,city,LR
d152069,2026-06-25,25.0,city,SS
d152069,2026-06-29,25.0,city,JR
d152069,2026-06-30,27.0,city,SS
d15657b,2025-08-20,250.0,city,BC
d2c9685,2025-09-04,3500.0,city,JK
d2c9685,2026-05-14,3500.0,city,PM
d2c9685,2026-05-14,3500.0,city,PM
d2c9685,2026-05-21,3500.0,city,TL
d2c9685,2026-05-21,3500.0,city,TL
d2c9685,2026-06-11,3500.0,city,JK
d31c7c5,2026-03-02,7000.0,city,ZP
d31c7c5,2026-03-06,7000.0,city,SV
d31c7c5,2026-03-11,5000.0,city,DZ
d343fc1,2025-08-12,50.0,city,FS
d343fc1,2025-09-12,50.0,city,FS
d343fc1,2025-10-12,50.0,city,FS
d343fc1,2025-11-12,50.0,city,FS
d343fc1,2025-12-12,50.0,city,FS
d343fc1,2026-01-12,50.0,city,FS
d343fc1,2026-02-05,200.0,city,PW
d343fc1,2026-02-12,50.0,city,FS
d343fc1,2026-02-15,200.0,city,PW
d343fc1,2026-03-05,3500.0,city,NS
d343fc1,2026-03-05,3500.0,city,NS
d343fc1,2026-03-10,250.0,city,PW
d343fc1,2026-03-12,50.0,city,FS
d343fc1,2026-03-16,250.0,city,DT
d343fc1,2026-04-03,100.0,city,PW
d343fc1,2026-04-12,50.0,city,FS
d343fc1,2026-05-12,50.0,city,FS
d343fc1,2026-06-04,277.77,city,CB
d343fc1,2026-06-04,277.77,city,LR
d343fc1,2026-06-09,1111.11,city,PW
d343fc1,2026-06-12,50.0,city,FS
d3797a8,2026-06-12,50.0,ucb,GL
d4862d7,2025-10-12,250.0,city,WV
d4e919b,2025-08-10,50.0,city,LH
d4e919b,2025-09-10,50.0,city,LH
d4e919b,2025-09-16,100.0,city,RT
d4e919b,2025-10-10,25.0,city,LH
d4e919b,2025-11-10,25.0,city,JN
d4e919b,2025-11-10,25.0,city,LH
d4e919b,2025-12-10,25.0,city,LH
d4e919b,2026-01-10,25.0,city,LH
d4e919b,2026-02-10,25.0,city,LH
d4e919b,2026-03-10,25.0,city,LH
d4e919b,2026-04-10,25.0,city,LH
d4e919b,2026-05-10,25.0,city,LH
d4e919b,2026-06-20,3500.0,city,SS
d6040cc,2025-12-29,1000.0,city,MH
d6040cc,2026-01-05,200.0,city,JR
d6040cc,2026-01-28,25.0,city,LW
d6040cc,2026-02-04,150.0,city,JR
d6040cc,2026-02-15,1000.0,city,JD
d6040cc,2026-02-23,500.0,city,JB
d6040cc,2026-02-28,25.0,city,LW
d6040cc,2026-03-05,100.0,city,JR
d6040cc,2026-03-05,3500.0,city,NS
d6040cc,2026-03-05,3500.0,city,NS
d6040cc,2026-03-28,25.0,city,LW
d6040cc,2026-04-08,1428.57,city,GN
d6040cc,2026-04-28,25.0,city,LW
d6040cc,2026-05-04,250.0,ucb,GL
d6040cc,2026-05-07,150.0,city,JR
d6040cc,2026-05-28,25.0,city,LW
d6040cc,2026-06-23,71.43,city,JD
d6040cc,2026-06-28,25.0,city,LW
d6133ee,2026-02-09,1000.0,city,TS
d6133ee,2026-04-13,500.0,city,SB
d714b6c,2026-01-27,250.0,city,AC
d714b6c,2026-02-17,250.0,city,CF
d735334,2025-08-11,50.0,city,LW
d735334,2025-08-12,50.0,city,LW
d735334,2025-08-23,50.0,city,LW
d735334,2025-09-11,50.0,city,LW
d735334,2025-09-12,50.0,city,LW
d735334,2025-09-19,50.0,city,LW
d735334,2025-09-23,50.0,city,LW
d735334,2025-10-06,50.0,city,LW
d735334,2025-10-11,50.0,city,LW
d735334,2025-10-12,50.0,city,LW
d735334,2025-10-19,100.0,city,LE
d735334,2025-10-23,50.0,city,LW
d735334,2026-01-05,75.0,city,JA
d735334,2026-01-15,50.0,city,JA
d735334,2026-01-22,50.0,city,JA
d735334,2026-01-28,50.0,city,JA
d735334,2026-02-09,60.0,city,NN
d735334,2026-02-15,75.0,city,NN
d735334,2026-02-23,15.0,city,NN
d735334,2026-03-05,41.0,city,NN
d735334,2026-03-14,100.0,city,LC
d735334,2026-03-15,35.0,city,LE
d735334,2026-03-19,160.0,city,AB
d735334,2026-03-19,56.0,city,JA
d735334,2026-03-22,41.0,city,NN
d735334,2026-03-23,50.0,city,JA
d735334,2026-03-26,55.0,city,JA
d735334,2026-03-26,100.0,city,LC
d735334,2026-03-26,25.0,city,LC
d735334,2026-03-30,41.0,city,NN
d735334,2026-04-09,250.0,city,AB
d735334,2026-04-09,55.0,city,JA
d735334,2026-04-20,100.0,city,LC
d735334,2026-04-26,25.0,city,LC
d735334,2026-05-06,25.0,city,KS
d735334,2026-05-07,46.0,city,NN
d735334,2026-05-09,100.0,city,AB
d735334,2026-05-16,340.0,city,AB
d735334,2026-05-16,340.0,city,AB
d735334,2026-05-23,25.0,city,NN
d735334,2026-05-24,35.0,city,JP
d735334,2026-05-26,25.0,city,LC
d735334,2026-05-28,25.0,city,WW
d735334,2026-05-29,50.0,city,JA
d735334,2026-05-29,25.0,city,KM
d735334,2026-05-31,35.0,city,JP
d735334,2026-06-01,30.0,city,SF
d735334,2026-06-02,53.0,city,JA
d735334,2026-06-04,25.0,city,KM
d735334,2026-06-07,35.0,city,JP
d735334,2026-06-07,30.0,city,SF
d735334,2026-06-08,100.0,city,AB
d735334,2026-06-09,50.0,city,JA
d735334,2026-06-09,20.0,city,SF
d735334,2026-06-10,50.0,city,JA
d735334,2026-06-10,100.0,city,JA
d735334,2026-06-11,105.0,city,JA
d735334,2026-06-15,105.0,city,JA
d735334,2026-06-17,105.0,city,JA
d735334,2026-06-26,25.0,city,LC
d77ec0a,2026-05-18,2000.0,ucb,MP
d77ec0a,2026-06-23,3500.0,ucb,MP
d7a2ecb,2025-08-09,50.0,both,LK
d7a2ecb,2025-08-10,100.0,city,AB
d7a2ecb,2025-08-12,25.0,city,CJ
d7a2ecb,2025-08-13,14.0,city,LH
d7a2ecb,2025-08-15,15.0,city,CT
d7a2ecb,2025-08-15,50.0,city,EB
d7a2ecb,2025-08-15,25.0,city,LK
d7a2ecb,2025-08-17,25.0,city,AO
d7a2ecb,2025-08-17,3.0,city,MB
d7a2ecb,2025-08-18,25.0,city,JS
d7a2ecb,2025-08-19,25.0,city,LH
d7a2ecb,2025-08-22,6.0,city,PR
d7a2ecb,2025-08-27,14.0,city,KW
d7a2ecb,2025-08-29,14.0,city,CT
d7a2ecb,2025-08-29,25.0,city,LH
d7a2ecb,2025-08-29,6.0,city,PR
d7a2ecb,2025-08-30,100.0,city,JD
d7a2ecb,2025-08-31,4.0,city,MB
d7a2ecb,2025-08-31,50.0,city,MM
d7a2ecb,2025-09-04,14.0,city,KW
d7a2ecb,2025-09-04,25.0,city,LH
d7a2ecb,2025-09-05,25.0,city,LH
d7a2ecb,2025-09-05,15.0,city,MB
d7a2ecb,2025-09-05,10.0,city,MB
d7a2ecb,2025-09-05,100.0,city,SB
d7a2ecb,2025-09-07,25.0,city,GG
d7a2ecb,2025-09-08,25.0,city,LH
d7a2ecb,2025-09-09,50.0,both,LK
d7a2ecb,2025-09-10,100.0,city,AB
d7a2ecb,2025-09-12,25.0,city,CJ
d7a2ecb,2025-09-12,15.0,city,KW
d7a2ecb,2025-09-12,100.0,city,MM
d7a2ecb,2025-09-14,15.0,city,CT
d7a2ecb,2025-09-14,50.0,city,LH
d7a2ecb,2025-09-15,25.0,city,LH
d7a2ecb,2025-09-15,25.0,city,LK
d7a2ecb,2025-09-17,25.0,city,AO
d7a2ecb,2025-09-17,25.0,city,LH
d7a2ecb,2025-09-17,3.0,city,MB
d7a2ecb,2025-09-17,100.0,city,RA
d7a2ecb,2025-09-18,25.0,city,JS
d7a2ecb,2025-09-19,25.0,city,LH
d7a2ecb,2025-09-23,100.0,city,EE
d7a2ecb,2025-09-28,5.0,city,PR
d7a2ecb,2025-09-30,100.0,city,JD
d7a2ecb,2025-09-30,50.0,city,MM
d7a2ecb,2025-10-05,25.0,city,LH
d7a2ecb,2025-10-05,100.0,city,SB
d7a2ecb,2025-10-06,25.0,city,NE
d7a2ecb,2025-10-07,25.0,city,GG
d7a2ecb,2025-10-08,25.0,city,LH
d7a2ecb,2025-10-09,50.0,both,LK
d7a2ecb,2025-10-09,14.0,city,CT
d7a2ecb,2025-10-10,100.0,city,AB
d7a2ecb,2025-10-12,25.0,city,CJ
d7a2ecb,2025-10-15,25.0,city,LK
d7a2ecb,2025-10-17,25.0,city,AO
d7a2ecb,2025-10-17,25.0,city,CT
d7a2ecb,2025-10-17,10.0,city,CT
d7a2ecb,2025-10-17,50.0,city,MA
d7a2ecb,2025-10-18,25.0,city,JS
d7a2ecb,2025-10-19,15.0,city,KW
d7a2ecb,2025-10-20,10.0,city,KW
d7a2ecb,2025-10-22,47.0,city,JH
d7a2ecb,2025-10-22,15.0,city,NE
d7a2ecb,2025-10-23,15.0,city,KW
d7a2ecb,2025-10-24,100.0,city,LH
d7a2ecb,2025-10-27,17.5,city,NN
d7a2ecb,2025-10-30,100.0,city,JD
d7a2ecb,2025-10-31,25.0,city,LH
d7a2ecb,2025-10-31,50.0,city,MM
d7a2ecb,2025-10-31,6.0,city,PR
d7a2ecb,2025-11-05,25.0,city,LH
d7a2ecb,2025-11-05,100.0,city,SB
d7b723d,2025-12-28,250.0,city,SB
d825670,2025-09-30,1000.0,city,SP
d825670,2025-10-01,20.0,both,PV
d825670,2025-11-01,20.0,both,PV
d825670,2025-12-01,20.0,both,PV
d825670,2026-01-01,20.0,both,PV
d825670,2026-02-01,20.0,both,PV
d825670,2026-02-03,250.0,city,HS
d825670,2026-03-01,20.0,both,PV
d8b1de4,2025-08-21,500.0,city,JK
d8b1de4,2025-08-21,2000.0,city,JK
d92f86f,2025-09-07,250.0,city,AL
d92f86f,2025-12-30,250.0,city,MC
d92f86f,2025-12-31,600.0,city,AL
d92f86f,2026-03-17,1000.0,city,JS
d92f86f,2026-03-20,1000.0,city,MC
d92f86f,2026-04-26,250.0,city,SG
d92f86f,2026-04-29,250.0,city,KJ
d92f86f,2026-05-05,250.0,city,GP
d92f86f,2026-05-13,250.0,city,NO
d92f86f,2026-05-23,10.0,city,GP
d92f86f,2026-05-23,250.0,city,GP
d92f86f,2026-06-03,100.0,city,HR
d92f86f,2026-06-03,100.0,city,NM
d92f86f,2026-06-03,250.0,ucb,GL
d92f86f,2026-06-04,277.84,city,CB
d92f86f,2026-06-04,277.84,city,LR
d92f86f,2026-06-09,1111.12,city,PW
d92f86f,2026-06-29,300.0,city,TL
d93dfc8,2025-09-02,250.0,ucb,LS
d93dfc8,2025-09-27,333.33,city,KS
d93dfc8,2025-11-07,2000.0,city,DR
d93dfc8,2025-11-11,1666.66,city,AL
d93dfc8,2025-11-11,3500.0,city,JS
d93dfc8,2025-11-12,1000.0,city,SG
d93dfc8,2025-11-16,666.66,city,PL
d93dfc8,2025-12-23,500.0,city,JB
d93dfc8,2026-01-08,3500.0,city,DH
d93dfc8,2026-01-29,142.85,city,BW
d93dfc8,2026-01-29,357.14,city,DS
d93dfc8,2026-01-29,714.28,city,JG
d93dfc8,2026-01-29,357.14,city,MD
d93dfc8,2026-01-29,285.71,city,PB
d93dfc8,2026-01-29,142.85,city,PS
d93dfc8,2026-01-29,285.71,city,TS
d93dfc8,2026-01-31,142.85,city,GW
d93dfc8,2026-01-31,285.71,city,MH
d93dfc8,2026-02-11,333.33,city,CB
d93dfc8,2026-02-17,150.0,city,CB
d93dfc8,2026-02-23,714.28,city,SM
d93dfc8,2026-03-09,3500.0,city,JM
d93dfc8,2026-03-09,1045.45,city,JM
d93dfc8,2026-03-17,500.0,ucb,LS
d93dfc8,2026-03-31,250.0,ucb,GL
d93dfc8,2026-04-06,200.0,city,AL
d93dfc8,2026-05-05,25.0,city,CB
d93dfc8,2026-05-13,250.0,city,JB
d93dfc8,2026-05-27,500.0,city,AL
d93dfc8,2026-06-05,25.0,city,CB
d93dfc8,2026-06-10,277.77,city,CB
d93dfc8,2026-06-10,277.77,city,LR
d93dfc8,2026-06-17,1111.11,city,PW
dbb944a,2025-12-16,250.0,city,AB
dbb944a,2026-03-02,250.0,city,AB
dcc9461,2025-10-25,3500.0,city,MQ
dcc9461,2025-10-25,3500.0,city,SS
dd58a0d,2025-12-04,1000.0,ucb,SS
dd58a0d,2026-04-30,7000.0,city,SV
dd58a0d,2026-05-03,7000.0,city,TL
dd58a0d,2026-05-07,7000.0,city,DZ
ddd86e3,2025-09-28,250.0,city,HC
ddd86e3,2025-12-03,500.0,both,DR
ddd86e3,2026-02-16,250.0,city,HC
ddd86e3,2026-03-30,250.0,city,LW
ddd86e3,2026-04-08,350.0,city,HL
ddd86e3,2026-04-22,1000.0,city,HA
ddd86e3,2026-05-01,600.0,both,DR
ddd86e3,2026-05-03,1000.0,city,HF
dde2036,2026-02-06,250.0,city,LM
de77cb3,2025-10-22,500.0,ucb,AB
dfc7ee3,2026-05-19,500.0,city,SH
dfc7ee3,2026-06-18,3500.0,city,PM
dfed580,2025-08-20,104.1,city,DM
dfed580,2025-09-20,104.1,city,DM
dfed580,2025-10-20,104.1,city,DM
e18f6a6,2026-02-10,250.0,city,MA
e19aadb,2025-08-22,1000.0,ucb,MR
e19aadb,2025-10-08,25.0,city,BG
e19aadb,2025-10-09,25.0,city,BG
e19aadb,2025-10-12,10.0,city,BG
e19aadb,2025-10-14,10.0,city,BG
e19aadb,2025-10-15,10.0,city,BG
e19aadb,2025-10-17,10.0,city,BG
e19aadb,2025-10-24,25.0,city,BG
e19aadb,2025-10-24,201.0,city,RJ
e19aadb,2025-11-13,10.0,city,BG
e19aadb,2025-11-20,250.0,city,JB
e19aadb,2025-11-22,10.0,city,BG
e19aadb,2025-11-29,25.0,city,BG
e19aadb,2025-12-03,10.0,city,BG
e19aadb,2025-12-04,10.0,city,BG
e19aadb,2025-12-05,10.0,city,BG
e19aadb,2025-12-06,10.0,city,BG
e19aadb,2025-12-14,25.0,city,BG
e19aadb,2025-12-14,100.0,city,NS
e19aadb,2025-12-16,25.0,city,BG
e19aadb,2025-12-19,10.0,city,BG
e19aadb,2026-04-17,50.0,city,GF
e19aadb,2026-05-06,250.0,city,PH
e19aadb,2026-05-24,100.0,city,JS
e1c32a2,2025-08-28,1000.0,city,JK
e1f6547,2026-01-12,500.0,both,JM
e1f6547,2026-01-12,250.0,city,MR
e1f6547,2026-01-12,3500.0,city,SS
e1f6547,2026-01-12,750.0,city,WJ
e1f6547,2026-01-12,750.0,city,WP
e1f6547,2026-01-13,250.0,city,DW
e1f6547,2026-01-14,1000.0,city,RD
e1f6547,2026-01-15,250.0,city,AD
e1f6547,2026-01-15,1000.0,city,SL
e1f6547,2026-01-16,500.0,city,CB
e1f6547,2026-01-20,300.0,city,TL
e1f6547,2026-01-22,1000.0,city,AD
e1f6547,2026-01-22,250.0,city,CL
e1f6547,2026-01-29,250.0,city,GR
e1f6547,2026-01-31,500.0,city,AC
e1f6547,2026-02-01,250.0,city,SD
e1f6547,2026-02-04,3500.0,city,SS
e1f6547,2026-02-04,500.0,ucb,MO
e1f6547,2026-02-05,250.0,city,BN
e1f6547,2026-02-06,125.0,city,MR
e1f6547,2026-02-11,500.0,city,TB
e1f6547,2026-02-12,333.34,city,CB
e1f6547,2026-02-14,50.0,city,RD
e1f6547,2026-02-16,200.0,city,AB
e1f6547,2026-02-17,250.0,city,JB
e1f6547,2026-02-19,500.0,city,BC
e1f6547,2026-02-22,250.0,city,RT
e1f6547,2026-02-23,100.0,city,LC
e1f6547,2026-02-25,1000.0,city,KB
e1f6547,2026-02-26,250.0,city,EA
e1f6547,2026-02-26,500.0,city,PS
e1f6547,2026-02-28,250.0,city,CH
e1f6547,2026-02-28,100.0,city,LC
e1f6547,2026-03-05,250.0,city,SB
e1f6547,2026-03-09,200.0,city,BC
e1f6547,2026-03-11,250.0,city,RM
e1f6547,2026-03-12,1000.0,city,BC
e1f6547,2026-03-12,250.0,city,DK
e1f6547,2026-03-12,250.0,city,FF
e1f6547,2026-03-12,50.0,city,LW
e1f6547,2026-03-12,50.0,city,LW
e1f6547,2026-03-12,250.0,city,NS
e1f6547,2026-03-12,250.0,city,RB
e1f6547,2026-03-12,250.0,city,SB
e1f6547,2026-03-12,250.0,city,VW
e1f6547,2026-03-14,210.44,city,CW
e1f6547,2026-03-14,50.0,city,RD
e1f6547,2026-03-15,500.0,city,AH
e1f6547,2026-03-15,250.0,city,RM
e1f6547,2026-03-17,250.0,city,RB
e1f6547,2026-03-17,100.0,city,SB
e1f6547,2026-03-19,250.0,city,BH
e1f6547,2026-03-19,250.0,city,CH
e1f6547,2026-03-19,300.0,city,CM
e1f6547,2026-03-19,500.0,city,EE
e1f6547,2026-03-19,250.0,city,EH
e1f6547,2026-03-19,250.0,city,EW
e1f6547,2026-03-19,1000.0,city,KH
e1f6547,2026-03-19,250.0,city,KW
e1f6547,2026-03-19,250.0,city,MH
e1f6547,2026-03-19,250.0,city,MM
e1f6547,2026-03-19,1000.0,city,PW
e1f6547,2026-03-19,1000.0,city,PW
e1f6547,2026-03-24,500.0,city,IH
e1f6547,2026-03-25,100.0,city,MR
e1f6547,2026-03-26,500.0,city,AB
e1f6547,2026-03-29,500.0,ucb,MO
e1f6547,2026-03-30,200.0,city,BC
e1f6547,2026-03-30,100.0,city,SL
e1f6547,2026-03-30,300.0,city,TL
e1f6547,2026-03-31,500.0,city,JB
e1f6547,2026-03-31,10.0,city,JR
e1f6547,2026-03-31,50.0,city,KC
e1f6547,2026-04-01,250.0,city,SD
e1f6547,2026-04-05,250.0,city,DM
e1f6547,2026-04-05,25.0,city,MS
e1f6547,2026-04-06,500.0,city,AL
e1f6547,2026-04-06,100.0,city,DD
e1f6547,2026-04-06,250.0,city,DH
e1f6547,2026-04-07,1000.0,city,PG
e1f6547,2026-04-07,100.0,city,RD
e1f6547,2026-04-07,25.0,city,SL
e1f6547,2026-04-08,25.0,city,JR
e1f6547,2026-04-09,75.0,city,JA
e1f6547,2026-04-10,3000.0,ucb,MR
e1f6547,2026-04-12,500.0,city,JW
e1f6547,2026-04-12,50.0,city,LW
e1f6547,2026-04-12,50.0,city,LW
e1f6547,2026-04-14,50.0,city,RD
e1f6547,2026-04-16,250.0,city,CB
e1f6547,2026-04-18,100.0,city,SR
e1f6547,2026-04-19,100.0,city,LC
e1f6547,2026-04-20,250.0,city,AD
e1f6547,2026-04-21,25.0,city,LH
e1f6547,2026-04-24,100.0,city,DA
e1f6547,2026-04-24,1000.0,ucb,RK
e1f6547,2026-04-25,50.0,city,FB
e1f6547,2026-04-25,250.0,city,TC
e1f6547,2026-04-26,100.0,city,LC
e1f6547,2026-04-27,25.0,city,RQ
e1f6547,2026-04-28,500.0,city,AB
e1f6547,2026-04-28,500.0,city,NG
e1f6547,2026-04-29,75.0,city,JA
e1f6547,2026-04-30,10.0,city,JR
e1f6547,2026-05-01,100.0,city,AJ
e1f6547,2026-05-04,25.0,city,RQ
e1f6547,2026-05-06,100.0,city,DD
e1f6547,2026-05-07,25.0,city,SL
e1f6547,2026-05-08,200.0,city,CA
e1f6547,2026-05-08,25.0,city,FB
e1f6547,2026-05-10,2007.0,city,CM
e1f6547,2026-05-11,100.0,city,PS
e1f6547,2026-05-12,50.0,city,LW
e1f6547,2026-05-12,50.0,city,LW
e1f6547,2026-05-12,100.0,city,TT
e1f6547,2026-05-13,100.0,city,FB
e1f6547,2026-05-13,250.0,city,JB
e1f6547,2026-05-14,50.0,city,RD
e1f6547,2026-05-16,50.0,city,MR
e1f6547,2026-05-16,25.0,city,RQ
e1f6547,2026-05-19,100.0,city,LC
e1f6547,2026-05-21,200.0,city,AL
e1f6547,2026-05-21,3500.0,city,BE
e1f6547,2026-05-21,500.0,city,CS
e1f6547,2026-05-21,51.0,city,DM
e1f6547,2026-05-21,50.0,city,LH
e1f6547,2026-05-22,200.0,city,BC
e1f6547,2026-05-22,300.0,city,EV
e1f6547,2026-05-22,200.0,city,JT
e1f6547,2026-05-22,100.0,city,TT
e1f6547,2026-05-23,200.0,city,CA
e1f6547,2026-05-24,2000.0,city,RS
e1f6547,2026-05-26,500.0,city,JB
e1f6547,2026-05-26,100.0,city,LC
e1f6547,2026-05-28,100.0,city,SR
e1f6547,2026-05-29,188.0,city,MR
e1f6547,2026-05-30,100.0,city,EB
e1f6547,2026-05-30,100.0,city,JC
e1f6547,2026-05-31,100.0,city,AJ
e1f6547,2026-05-31,10.0,city,JR
e1f6547,2026-05-31,100.0,city,PD
e1f6547,2026-06-04,2000.0,city,FF
e1f6547,2026-06-04,500.0,city,FF
e1f6547,2026-06-06,100.0,city,DD
e1f6547,2026-06-07,25.0,city,SL
e1f6547,2026-06-08,100.0,city,LC
e1f6547,2026-06-09,250.0,city,DG
e1f6547,2026-06-10,50.0,city,RQ
e1f6547,2026-06-11,3500.0,city,AB
e1f6547,2026-06-11,250.0,city,JB
e1f6547,2026-06-11,250.0,city,MR
e1f6547,2026-06-12,100.0,city,CA
e1f6547,2026-06-12,51.0,city,DM
e1f6547,2026-06-12,50.0,city,LW
e1f6547,2026-06-12,50.0,city,LW
e1f6547,2026-06-14,250.0,city,DG
e1f6547,2026-06-14,50.0,city,RD
e1f6547,2026-06-15,250.0,city,AB
e1f6547,2026-06-17,50.0,city,JA
e1f6547,2026-06-17,25.0,city,JA
e1f6547,2026-06-18,200.0,city,JT
e1f6547,2026-06-18,100.0,city,LC
e1f6547,2026-06-18,25.0,city,RQ
e1f6547,2026-06-19,100.0,city,LC
e1f6547,2026-06-20,100.0,city,PS
e1f6547,2026-06-21,100.0,city,BC
e1f6547,2026-06-21,50.0,city,LH
e1f6547,2026-06-22,250.0,city,MR
e1f6547,2026-06-22,1000.0,city,RN
e1f6547,2026-06-24,100.0,city,PD
e1f6547,2026-06-25,50.0,city,CB
e1f6547,2026-06-26,100.0,city,LC
e1f6547,2026-06-26,100.0,city,MS
e1f6547,2026-06-26,25.0,city,RQ
e1f6547,2026-06-27,100.0,city,ET
e1f6547,2026-06-28,250.0,city,JG
e1f6547,2026-06-28,100.0,city,MM
e1f6547,2026-06-28,150.0,city,SR
e1f6547,2026-06-28,250.0,city,WS
e1f6547,2026-06-29,100.0,city,FB
e1f6547,2026-06-30,500.0,city,BC
e1f6547,2026-06-30,100.0,city,DA
e1f6547,2026-06-30,51.0,city,DM
e1f6547,2026-06-30,33.33,city,EB
e1f6547,2026-06-30,250.0,city,EE
e1f6547,2026-06-30,200.0,city,ES
e1f6547,2026-06-30,8.33,city,FB
e1f6547,2026-06-30,10.0,city,JR
e1f6547,2026-06-30,250.0,city,SD
e1f6547,2026-06-30,250.0,city,SD
e1f6547,2026-06-30,30.0,city,TT
e2a3706,2026-02-17,3500.0,city,EN
e2a3706,2026-02-17,3500.0,city,EN
e2a3706,2026-02-17,3500.0,city,ZP
e2a3706,2026-02-17,3500.0,city,ZP
e2a3706,2026-02-19,3500.0,city,TL
e2a3706,2026-02-19,3500.0,city,TL
e2a3706,2026-02-20,3500.0,city,AK
e2a3706,2026-02-20,3500.0,city,AK
e2a3706,2026-02-21,3500.0,city,EA
e2a3706,2026-02-21,3500.0,city,EA
e2a3706,2026-02-26,3500.0,city,JK
e2a3706,2026-02-27,3500.0,city,AK
e2a3706,2026-02-28,2070.0,city,DF
e2a3706,2026-03-01,3500.0,city,EL
e2a3706,2026-03-01,3500.0,city,EL
e2a3706,2026-04-21,250.0,city,JB
e2a3706,2026-05-06,500.0,city,JB
e2a3706,2026-06-13,250.0,city,AK
e2a3706,2026-06-23,300.0,city,FL
e3f5db1,2026-03-27,100.0,city,TS
e3f5db1,2026-04-14,25.0,city,TS
e3f5db1,2026-04-16,50.0,city,TS
e3f5db1,2026-04-21,100.0,city,TS
e3f5db1,2026-05-08,100.0,city,TS
e3f5db1,2026-05-14,25.0,city,TS
e3f5db1,2026-05-29,25.0,city,TS
e3f5db1,2026-06-14,25.0,city,TS
e431f91,2026-02-10,250.0,city,HS
e431f91,2026-02-13,250.0,city,JM
e431f91,2026-02-19,500.0,city,AC
e431f91,2026-02-19,250.0,city,AP
e431f91,2026-04-11,100.0,city,RR
e431f91,2026-04-12,100.0,city,HS
e431f91,2026-05-05,100.0,city,NS
e444f3b,2025-09-04,3500.0,city,ZP
e444f3b,2025-09-04,1500.0,city,ZP
e444f3b,2025-10-13,3500.0,city,DZ
e444f3b,2025-10-13,3500.0,city,DZ
e444f3b,2025-10-28,3500.0,city,TL
e444f3b,2025-10-28,3500.0,city,TL
e444f3b,2025-12-10,3500.0,city,BW
e444f3b,2025-12-10,3500.0,city,BW
e44bfde,2025-11-21,3500.0,city,SS
e44bfde,2025-11-21,3500.0,city,SS
e44bfde,2025-12-11,250.0,city,BC
e44bfde,2026-01-13,50.0,city,LH
e44bfde,2026-01-19,700.0,city,AB
e44bfde,2026-01-19,500.0,city,PW
e44bfde,2026-02-09,250.0,city,LH
e44bfde,2026-02-13,50.0,city,LH
e44bfde,2026-02-21,250.0,city,GP
e44bfde,2026-03-03,250.0,city,JG
e44bfde,2026-03-13,50.0,city,LH
e44bfde,2026-03-25,400.0,city,AB
e44bfde,2026-04-13,50.0,city,LH
e44bfde,2026-04-26,500.0,city,JD
e44bfde,2026-05-13,50.0,city,LH
e458a03,2026-04-26,3500.0,city,SS
e467356,2025-10-10,250.0,city,HA
e467356,2026-03-23,500.0,city,WB
e467356,2026-03-29,1500.0,city,HF
e4a13d5,2025-08-01,30.0,both,PV
e4a13d5,2025-09-01,30.0,both,PV
e4a13d5,2025-09-09,250.0,city,JB
e4a13d5,2025-10-01,30.0,both,PV
e4a13d5,2025-10-30,16.67,city,GH
e4a13d5,2025-11-01,30.0,both,PV
e4a13d5,2025-11-23,2500.0,city,DE
e4a13d5,2025-11-23,300.0,city,DL
e4a13d5,2025-11-30,16.67,city,GH
e4a13d5,2025-12-01,30.0,both,PV
e4a13d5,2025-12-05,1000.0,city,HN
e4a13d5,2025-12-29,250.0,city,HA
e4a13d5,2025-12-30,16.67,city,GH
e4a13d5,2026-01-01,30.0,both,PV
e4a13d5,2026-01-30,16.67,city,GH
e4a13d5,2026-02-01,30.0,both,PV
e4a13d5,2026-02-28,16.67,city,GH
e4a13d5,2026-03-01,30.0,both,PV
e4a13d5,2026-03-30,16.67,city,GH
e4a13d5,2026-04-01,30.0,both,PV
e4a13d5,2026-04-30,16.67,city,GH
e4a13d5,2026-05-01,30.0,both,PV
e4a13d5,2026-05-30,16.67,city,GH
e4a13d5,2026-06-01,30.0,both,PV
e4a13d5,2026-06-30,16.67,city,GH
e559883,2026-04-12,300.0,city,MM
e559883,2026-05-05,25.0,city,WW
e559883,2026-05-13,25.0,city,WW
e559883,2026-05-18,100.0,city,WW
e559883,2026-05-20,25.0,city,WW
e559883,2026-05-25,50.0,city,AM
e559883,2026-05-30,50.0,city,WW
e5cbd98,2025-08-04,100.0,ucb,GL
e5cbd98,2025-08-05,18.0,both,DB
e5cbd98,2025-08-05,27.0,both,LM
e5cbd98,2025-08-05,27.0,ucb,JS
e5cbd98,2025-08-10,47.0,city,DB
e5cbd98,2025-08-11,27.0,city,BE
e5cbd98,2025-08-11,50.0,city,FS
e5cbd98,2025-08-12,50.0,city,RK
e5cbd98,2025-08-14,270.0,city,CB
e5cbd98,2025-08-14,100.0,city,EG
e5cbd98,2025-08-14,100.0,city,GZ
e5cbd98,2025-08-14,27.0,city,JJ
e5cbd98,2025-08-14,100.0,city,PH
e5cbd98,2025-08-15,25.0,city,SB
e5cbd98,2025-08-16,50.0,city,HK
e5cbd98,2025-08-16,50.0,ucb,EY
e5cbd98,2025-08-17,25.0,city,DW
e5cbd98,2025-08-17,41.0,city,GW
e5cbd98,2025-08-17,100.0,city,LG
e5cbd98,2025-08-17,27.0,city,VK
e5cbd98,2025-08-19,20.0,city,GH
e5cbd98,2025-08-20,50.0,city,JS
e5cbd98,2025-08-20,500.0,city,MR
e5cbd98,2025-08-21,50.0,city,KH
e5cbd98,2025-08-23,50.0,city,BE
e5cbd98,2025-08-23,50.0,city,JS
e5cbd98,2025-08-23,1000.0,city,MF
e5cbd98,2025-08-23,50.0,city,MN
e5cbd98,2025-08-23,9.0,city,RE
e5cbd98,2025-08-23,10.0,ucb,EY
e5cbd98,2025-08-24,27.0,city,ML
e5cbd98,2025-08-25,27.0,city,NF
e5cbd98,2025-08-26,270.0,city,HM
e5cbd98,2025-08-26,270.0,city,KS
e5cbd98,2025-08-26,50.0,city,RE
e5cbd98,2025-08-26,27.0,city,RR
e5cbd98,2025-08-27,27.0,city,LF
e5cbd98,2025-08-27,100.0,city,SM
e5cbd98,2025-08-30,27.0,city,DG
e5cbd98,2025-09-01,250.0,city,CA
e5cbd98,2025-09-02,500.0,city,EC
e5cbd98,2025-09-02,27.0,city,HW
e5cbd98,2025-09-04,30.0,city,DS
e5cbd98,2025-09-04,35.0,city,LU
e5cbd98,2025-09-05,18.0,both,DB
e5cbd98,2025-09-05,27.0,both,LM
e5cbd98,2025-09-05,27.0,city,AK
e5cbd98,2025-09-05,250.0,city,CR
e5cbd98,2025-09-05,27.0,city,NM
e5cbd98,2025-09-05,25.0,city,RG
e5cbd98,2025-09-05,27.0,city,RM
e5cbd98,2025-09-05,27.0,ucb,JS
e5cbd98,2025-09-06,25.0,city,HA
e5cbd98,2025-09-06,6.0,city,HW
e5cbd98,2025-09-08,100.0,city,HV
e5cbd98,2025-09-09,108.0,city,AJ
e5cbd98,2025-09-09,6.0,city,FS
e5cbd98,2025-09-09,100.0,city,MS
e5cbd98,2025-09-09,27.0,city,RE
e5cbd98,2025-09-09,76.0,city,RR
e5cbd98,2025-09-09,27.0,city,SI
e5cbd98,2025-09-10,47.0,city,DB
e5cbd98,2025-09-10,3000.0,city,ES
e5cbd98,2025-09-10,4000.0,city,ES
e5cbd98,2025-09-11,50.0,city,FS
e5cbd98,2025-09-12,50.0,city,RK
e5cbd98,2025-09-14,100.0,city,GZ
e5cbd98,2025-09-14,100.0,city,PH
e5cbd98,2025-09-15,25.0,city,SB
e5cbd98,2025-09-16,50.0,city,HK
e5cbd98,2025-09-16,50.0,ucb,EY
e5cbd98,2025-09-17,25.0,city,DW
e5cbd98,2025-09-17,41.0,city,GW
e5cbd98,2025-09-17,100.0,city,LG
e5cbd98,2025-09-17,27.0,city,VK
e5cbd98,2025-09-19,20.0,city,GH
e5cbd98,2025-09-21,50.0,city,KH
e5cbd98,2025-09-21,27.0,city,RE
e5cbd98,2025-09-21,27.0,city,SD
e5cbd98,2025-09-23,50.0,city,BE
e5cbd98,2025-09-23,50.0,city,JS
e5cbd98,2025-09-23,50.0,city,MN
e5cbd98,2025-09-23,27.0,city,PK
e5cbd98,2025-09-23,10.0,city,RE
e5cbd98,2025-09-23,10.0,ucb,EY
e5cbd98,2025-09-24,100.0,city,HC
e5cbd98,2025-09-24,27.0,city,ML
e5cbd98,2025-09-25,27.0,city,NF
e5cbd98,2025-09-26,1000.0,city,RD
e5cbd98,2025-09-26,27.0,city,RR
e5cbd98,2025-09-27,27.0,city,LF
e5cbd98,2025-09-29,50.0,city,JS
e5cbd98,2025-09-30,27.0,city,DG
e5cbd98,2025-10-01,500.0,city,AJ
e5cbd98,2025-10-01,250.0,city,CA
e5cbd98,2025-10-01,27.0,city,CD
e5cbd98,2025-10-01,27.0,city,SI
e5cbd98,2025-10-01,250.0,city,SM
e5cbd98,2025-10-02,27.0,city,HW
e5cbd98,2025-10-02,27.0,city,PK
e5cbd98,2025-10-04,30.0,city,DS
e5cbd98,2025-10-04,27.0,city,JM
e5cbd98,2025-10-04,35.0,city,LU
e5cbd98,2025-10-05,18.0,both,DB
e5cbd98,2025-10-05,27.0,both,LM
e5cbd98,2025-10-05,27.0,city,AK
e5cbd98,2025-10-05,27.0,city,NM
e5cbd98,2025-10-05,25.0,city,RG
e5cbd98,2025-10-05,27.0,city,RM
e5cbd98,2025-10-05,27.0,ucb,JS
e5cbd98,2025-10-06,100.0,city,FB
e5cbd98,2025-10-06,25.0,city,HA
e5cbd98,2025-10-06,6.0,city,HW
e5cbd98,2025-10-08,100.0,city,HV
e5cbd98,2025-10-08,27.0,city,WW
e5cbd98,2025-10-09,6.0,city,BE
e5cbd98,2025-10-09,6.0,city,FS
e5cbd98,2025-10-09,100.0,city,MS
e5cbd98,2025-10-09,76.0,city,RR
e5cbd98,2025-10-10,27.0,city,BE
e5cbd98,2025-10-10,47.0,city,DB
e5cbd98,2025-10-10,27.0,city,ED
e5cbd98,2025-10-11,50.0,city,FS
e5cbd98,2025-10-12,50.0,city,RK
e5cbd98,2025-10-13,27.0,ucb,SH
e5cbd98,2025-10-14,100.0,city,GZ
e5cbd98,2025-10-14,100.0,city,PH
e5cbd98,2025-10-15,25.0,city,SB
e5cbd98,2025-10-16,50.0,city,HK
e5cbd98,2025-10-16,50.0,ucb,EY
e5cbd98,2025-10-17,25.0,city,DW
e5cbd98,2025-10-17,41.0,city,GW
e5cbd98,2025-10-17,100.0,city,LG
e5cbd98,2025-10-17,27.0,city,VK
e5cbd98,2025-10-18,27.0,city,AS
e5cbd98,2025-10-19,50.0,city,AM
e5cbd98,2025-10-19,50.0,city,AM
e5cbd98,2025-10-19,50.0,city,CL
e5cbd98,2025-10-19,250.0,city,DH
e5cbd98,2025-10-19,20.0,city,GH
e5cbd98,2025-10-19,1000.0,city,RD
e5cbd98,2025-10-19,27.0,city,SI
e5cbd98,2025-10-20,27.0,city,BE
e5cbd98,2025-10-20,100.0,city,DN
e5cbd98,2025-10-20,27.0,city,HH
e5cbd98,2025-10-20,100.0,city,HM
e5cbd98,2025-10-20,5.0,city,JS
e5cbd98,2025-10-21,50.0,city,KH
e5cbd98,2025-10-21,27.0,city,SD
e5cbd98,2025-10-21,27.0,ucb,DK
e5cbd98,2025-10-22,20.0,city,JF
e5cbd98,2025-10-23,50.0,city,BE
e5cbd98,2025-10-23,50.0,city,JS
e5cbd98,2025-10-23,50.0,city,JS
e5cbd98,2025-10-23,50.0,city,MN
e5cbd98,2025-10-23,10.0,city,RE
e5cbd98,2025-10-23,10.0,ucb,EY
e5cbd98,2025-10-24,27.0,city,ML
e5cbd98,2025-10-25,27.0,city,NF
e5cbd98,2025-10-26,27.0,city,RR
e5cbd98,2025-10-27,27.0,city,LF
e5cbd98,2025-10-27,27.0,city,SI
e5cbd98,2025-10-28,50.0,city,RS
e5cbd98,2025-10-28,6.0,city,SR
e5cbd98,2025-10-28,25.0,ucb,DR
e5cbd98,2025-10-30,27.0,city,DG
e5cbd98,2025-11-01,250.0,city,CA
e5cbd98,2025-11-01,27.0,city,EK
e5cbd98,2025-11-02,27.0,city,HW
e5cbd98,2025-11-02,27.0,city,SK
e5cbd98,2025-11-03,100.0,city,PH
e5cbd98,2025-11-04,30.0,city,DS
e5cbd98,2025-11-04,27.0,city,JM
e5cbd98,2025-11-04,35.0,city,LU
e5cbd98,2025-11-05,18.0,both,DB
e5cbd98,2025-11-05,27.0,both,LM
e5cbd98,2025-11-05,27.0,city,AK
e5cbd98,2025-11-05,27.0,city,NM
e5cbd98,2025-11-05,25.0,city,RG
e5cbd98,2025-11-05,27.0,city,RM
e5cbd98,2025-11-05,27.0,ucb,JS
e5cbd98,2025-11-06,25.0,city,HA
e5cbd98,2025-11-06,15.0,city,JF
e5cbd98,2025-11-06,10.0,city,NR
e5cbd98,2025-11-08,100.0,city,HV
e5cbd98,2025-11-09,6.0,city,BE
e5cbd98,2025-11-09,6.0,city,FS
e5cbd98,2025-11-09,100.0,city,MS
e5cbd98,2025-11-09,76.0,city,RR
e5cbd98,2025-11-10,27.0,city,BE
e5cbd98,2025-11-10,47.0,city,DB
e5cbd98,2025-11-10,27.0,city,ED
e5cbd98,2025-11-11,50.0,city,FS
e5cbd98,2025-11-11,27.0,city,PF
e5cbd98,2025-11-12,27.0,city,MP
e5cbd98,2025-11-12,50.0,city,RK
e5cbd98,2025-11-13,27.0,ucb,SH
e5cbd98,2025-11-14,100.0,city,GZ
e5cbd98,2025-11-14,100.0,city,PH
e5cbd98,2025-11-15,25.0,city,SB
e5cbd98,2025-11-16,50.0,ucb,EY
e5cbd98,2025-11-17,6.0,city,EK
e5cbd98,2025-11-17,41.0,city,GW
e5cbd98,2025-11-17,100.0,city,LG
e5cbd98,2025-11-18,27.0,city,AS
e5cbd98,2025-11-18,50.0,city,HK
e5cbd98,2025-11-19,20.0,city,GH
e5cbd98,2025-11-20,6.0,city,BE
e5cbd98,2025-11-20,5.0,city,JS
e5cbd98,2025-11-21,50.0,city,KH
e5cbd98,2025-11-21,27.0,city,SD
e5cbd98,2025-11-21,27.0,ucb,DK
e5cbd98,2025-11-22,20.0,city,JF
e5cbd98,2025-11-23,50.0,city,BE
e5cbd98,2025-11-23,50.0,city,JS
e5cbd98,2025-11-23,50.0,city,MN
e5cbd98,2025-11-23,10.0,city,RE
e5cbd98,2025-11-23,10.0,ucb,EY
e5cbd98,2025-11-24,27.0,city,ML
e5cbd98,2025-11-25,50.0,city,JS
e5cbd98,2025-11-25,27.0,city,NF
e5cbd98,2025-11-26,27.0,city,RR
e5cbd98,2025-11-28,27.0,city,PS
e5cbd98,2025-11-28,50.0,city,RS
e5cbd98,2025-11-28,6.0,city,SR
e5cbd98,2025-11-28,25.0,ucb,DR
e5cbd98,2025-11-29,27.0,city,LF
e5cbd98,2025-11-30,20.0,city,AM
e5cbd98,2025-11-30,27.0,city,DG
e5cbd98,2025-11-30,50.0,city,DM
e5cbd98,2025-11-30,100.0,city,MF
e5cbd98,2025-11-30,27.0,city,PH
e5cbd98,2025-11-30,50.0,city,SI
e5cbd98,2025-11-30,127.0,city,SY
e5cbd98,2025-12-01,250.0,city,CA
e5cbd98,2025-12-01,27.0,city,RM
e5cbd98,2025-12-02,10.0,city,EK
e5cbd98,2025-12-03,27.0,city,SI
e5cbd98,2025-12-03,100.0,city,SZ
e5cbd98,2025-12-04,30.0,city,DS
e5cbd98,2025-12-04,27.0,city,JM
e5cbd98,2025-12-04,35.0,city,LU
e5cbd98,2025-12-05,18.0,both,DB
e5cbd98,2025-12-05,27.0,both,LM
e5cbd98,2025-12-05,27.0,city,AK
e5cbd98,2025-12-05,27.0,city,NM
e5cbd98,2025-12-05,25.0,city,RG
e5cbd98,2025-12-05,27.0,city,RM
e5cbd98,2025-12-05,27.0,ucb,JS
e5cbd98,2025-12-06,25.0,city,HA
e5cbd98,2025-12-06,10.0,city,NR
e5cbd98,2025-12-08,100.0,city,HV
e5cbd98,2025-12-08,15.0,city,JF
e5cbd98,2025-12-09,6.0,city,BE
e5cbd98,2025-12-09,6.0,city,FS
e5cbd98,2025-12-09,100.0,city,MS
e5cbd98,2025-12-09,76.0,city,RR
e5cbd98,2025-12-10,27.0,city,BE
e5cbd98,2025-12-10,47.0,city,DB
e5cbd98,2025-12-10,27.0,city,ED
e5cbd98,2025-12-11,50.0,city,FS
e5cbd98,2025-12-11,27.0,city,PF
e5cbd98,2025-12-11,25.0,city,RB
e5cbd98,2025-12-12,50.0,city,RK
e5cbd98,2025-12-13,27.0,ucb,SH
e5cbd98,2025-12-14,100.0,city,GZ
e5cbd98,2025-12-14,100.0,city,PH
e5cbd98,2025-12-15,25.0,city,SB
e5cbd98,2025-12-16,50.0,city,HK
e5cbd98,2025-12-16,50.0,ucb,EY
e5cbd98,2025-12-17,25.0,city,DW
e5cbd98,2025-12-17,6.0,city,EK
e5cbd98,2025-12-17,41.0,city,GW
e5cbd98,2025-12-17,100.0,city,LG
e5cbd98,2025-12-17,27.0,city,VK
e5cbd98,2025-12-18,27.0,city,AS
e5cbd98,2025-12-19,20.0,city,GH
e5cbd98,2025-12-20,6.0,city,BE
e5cbd98,2025-12-20,5.0,city,JS
e5cbd98,2025-12-21,50.0,city,KH
e5cbd98,2025-12-21,27.0,city,SD
e5cbd98,2025-12-21,27.0,ucb,DK
e5cbd98,2025-12-22,20.0,city,JF
e5cbd98,2025-12-22,50.0,city,JS
e5cbd98,2025-12-23,50.0,city,BE
e5cbd98,2025-12-23,50.0,city,JS
e5cbd98,2025-12-23,20.0,city,MF
e5cbd98,2025-12-23,50.0,city,MN
e5cbd98,2025-12-23,10.0,city,RE
e5cbd98,2025-12-23,10.0,ucb,EY
e5cbd98,2025-12-24,27.0,city,ML
e5cbd98,2025-12-24,27.0,city,OD
e5cbd98,2025-12-25,27.0,city,NF
e5cbd98,2025-12-26,27.0,city,RR
e5cbd98,2025-12-28,500.0,city,AJ
e5cbd98,2025-12-28,100.0,city,AM
e5cbd98,2025-12-28,27.0,city,DS
e5cbd98,2025-12-28,1000.0,city,MF
e5cbd98,2025-12-28,27.0,city,PS
e5cbd98,2025-12-28,27.0,city,RE
e5cbd98,2025-12-28,270.0,city,RR
e5cbd98,2025-12-28,50.0,city,RS
e5cbd98,2025-12-28,27.0,city,SI
e5cbd98,2025-12-28,6.0,city,SR
e5cbd98,2025-12-28,25.0,ucb,DR
e5cbd98,2025-12-29,27.0,city,LF
e5cbd98,2025-12-30,27.0,city,DG
e5cbd98,2025-12-30,50.0,city,KS
e5cbd98,2025-12-31,100.0,city,MB
e5cbd98,2026-01-01,250.0,city,CA
e5cbd98,2026-01-04,100.0,city,CC
e5cbd98,2026-01-04,30.0,city,DS
e5cbd98,2026-01-04,27.0,city,HM
e5cbd98,2026-01-04,27.0,city,JM
e5cbd98,2026-01-04,50.0,city,KS
e5cbd98,2026-01-04,35.0,city,LU
e5cbd98,2026-01-04,27.0,city,ST
e5cbd98,2026-01-05,18.0,both,DB
e5cbd98,2026-01-05,27.0,both,LM
e5cbd98,2026-01-05,27.0,city,AK
e5cbd98,2026-01-05,27.0,city,NM
e5cbd98,2026-01-05,25.0,city,RG
e5cbd98,2026-01-05,27.0,city,RM
e5cbd98,2026-01-05,27.0,ucb,JS
e5cbd98,2026-01-06,25.0,city,HA
e5cbd98,2026-01-06,10.0,city,NR
e5cbd98,2026-01-08,100.0,city,HV
e5cbd98,2026-01-09,6.0,city,BE
e5cbd98,2026-01-09,6.0,city,FS
e5cbd98,2026-01-09,76.0,city,RR
e5cbd98,2026-01-10,27.0,city,BE
e5cbd98,2026-01-10,47.0,city,DB
e5cbd98,2026-01-10,27.0,city,ED
e5cbd98,2026-01-11,50.0,city,FS
e5cbd98,2026-01-11,27.0,city,PF
e5cbd98,2026-01-11,25.0,city,RB
e5cbd98,2026-01-12,50.0,city,RK
e5cbd98,2026-01-13,20.0,city,MP
e5cbd98,2026-01-14,100.0,city,GZ
e5cbd98,2026-01-14,100.0,city,PH
e5cbd98,2026-01-15,25.0,city,SB
e5cbd98,2026-01-16,50.0,city,HK
e5cbd98,2026-01-16,50.0,ucb,EY
e5cbd98,2026-01-17,25.0,city,DW
e5cbd98,2026-01-17,6.0,city,EK
e5cbd98,2026-01-17,41.0,city,GW
e5cbd98,2026-01-17,100.0,city,LG
e5cbd98,2026-01-17,27.0,city,VK
e5cbd98,2026-01-18,27.0,city,AS
e5cbd98,2026-01-19,100.0,city,AT
e5cbd98,2026-01-19,20.0,city,GH
e5cbd98,2026-01-19,250.0,city,PH
e5cbd98,2026-01-19,100.0,city,RB
e5cbd98,2026-01-19,27.0,city,RE
e5cbd98,2026-01-19,100.0,ucb,GL
e5cbd98,2026-01-20,6.0,city,BE
e5cbd98,2026-01-20,5.0,city,JS
e5cbd98,2026-01-21,20.0,city,AF
e5cbd98,2026-01-21,50.0,city,KH
e5cbd98,2026-01-21,27.0,city,SD
e5cbd98,2026-01-21,27.0,ucb,DK
e5cbd98,2026-01-22,10.0,city,JF
e5cbd98,2026-01-23,50.0,city,BE
e5cbd98,2026-01-23,50.0,city,JS
e5cbd98,2026-01-23,20.0,city,MF
e5cbd98,2026-01-23,50.0,city,MN
e5cbd98,2026-01-23,10.0,city,RE
e5cbd98,2026-01-23,10.0,ucb,EY
e5cbd98,2026-01-24,27.0,city,ML
e5cbd98,2026-01-24,27.0,city,OD
e5cbd98,2026-01-25,27.0,city,NF
e5cbd98,2026-01-26,20.0,city,AL
e5cbd98,2026-01-26,27.0,city,RR
e5cbd98,2026-01-28,15.0,both,HG
e5cbd98,2026-01-28,27.0,city,PS
e5cbd98,2026-01-28,50.0,city,RS
e5cbd98,2026-01-28,6.0,city,SR
e5cbd98,2026-01-28,25.0,ucb,DR
e5cbd98,2026-01-29,27.0,city,LF
e5cbd98,2026-01-30,27.0,city,DG
e5cbd98,2026-02-01,250.0,city,CA
e5cbd98,2026-02-04,30.0,city,DS
e5cbd98,2026-02-04,6.0,city,HM
e5cbd98,2026-02-04,27.0,city,JM
e5cbd98,2026-02-04,35.0,city,LU
e5cbd98,2026-02-05,18.0,both,DB
e5cbd98,2026-02-05,27.0,both,LM
e5cbd98,2026-02-05,27.0,city,AK
e5cbd98,2026-02-05,27.0,city,NM
e5cbd98,2026-02-05,25.0,city,RG
e5cbd98,2026-02-05,27.0,city,RM
e5cbd98,2026-02-05,27.0,ucb,JS
e5cbd98,2026-02-06,25.0,city,HA
e5cbd98,2026-02-06,10.0,city,NR
e5cbd98,2026-02-08,100.0,city,HV
e5cbd98,2026-02-09,25.0,city,AM
e5cbd98,2026-02-09,6.0,city,BE
e5cbd98,2026-02-09,13.5,city,DM
e5cbd98,2026-02-09,6.0,city,FS
e5cbd98,2026-02-09,10.0,city,NR
e5cbd98,2026-02-09,50.0,city,RD
e5cbd98,2026-02-09,76.0,city,RR
e5cbd98,2026-02-09,25.0,city,SI
e5cbd98,2026-02-09,50.0,city,SM
e5cbd98,2026-02-10,27.0,city,BE
e5cbd98,2026-02-10,47.0,city,DB
e5cbd98,2026-02-10,27.0,city,ED
e5cbd98,2026-02-11,13.5,city,EK
e5cbd98,2026-02-11,50.0,city,FS
e5cbd98,2026-02-11,27.0,city,PF
e5cbd98,2026-02-11,25.0,city,RB
e5cbd98,2026-02-12,15.0,city,JF
e5cbd98,2026-02-12,50.0,city,RK
e5cbd98,2026-02-14,50.0,city,CD
e5cbd98,2026-02-14,100.0,city,GZ
e5cbd98,2026-02-14,500.0,city,HK
e5cbd98,2026-02-14,50.0,city,MR
e5cbd98,2026-02-14,100.0,city,PH
e5cbd98,2026-02-14,27.0,city,SI
e5cbd98,2026-02-15,50.0,city,AM
e5cbd98,2026-02-15,100.0,city,HM
e5cbd98,2026-02-15,50.0,city,KS
e5cbd98,2026-02-15,50.0,city,RD
e5cbd98,2026-02-15,25.0,city,SB
e5cbd98,2026-02-16,100.0,city,EG
e5cbd98,2026-02-16,50.0,city,HK
e5cbd98,2026-02-16,50.0,city,JM
e5cbd98,2026-02-16,50.0,ucb,EY
e5cbd98,2026-02-17,25.0,city,DW
e5cbd98,2026-02-17,6.0,city,EK
e5cbd98,2026-02-17,41.0,city,GW
e5cbd98,2026-02-17,100.0,city,LG
e5cbd98,2026-02-17,10.0,city,ML
e5cbd98,2026-02-17,27.0,city,VK
e5cbd98,2026-02-18,27.0,city,AS
e5cbd98,2026-02-19,20.0,city,GH
e5cbd98,2026-02-20,6.0,city,BE
e5cbd98,2026-02-20,5.0,city,JS
e5cbd98,2026-02-21,20.0,city,AF
e5cbd98,2026-02-21,50.0,city,KH
e5cbd98,2026-02-21,27.0,city,SD
e5cbd98,2026-02-21,27.0,ucb,DK
e5cbd98,2026-02-22,10.0,city,JF
e5cbd98,2026-02-23,50.0,city,BE
e5cbd98,2026-02-23,50.0,city,JS
e5cbd98,2026-02-23,20.0,city,MF
e5cbd98,2026-02-23,50.0,city,MN
e5cbd98,2026-02-23,10.0,city,RE
e5cbd98,2026-02-23,10.0,ucb,EY
e5cbd98,2026-02-24,27.0,city,ML
e5cbd98,2026-02-24,27.0,city,OD
e5cbd98,2026-02-25,27.0,city,NF
e5cbd98,2026-02-26,20.0,city,AL
e5cbd98,2026-02-27,27.0,city,LF
e5cbd98,2026-02-27,27.0,ucb,BH
e5cbd98,2026-02-28,27.0,city,DG
e5cbd98,2026-02-28,27.0,city,PS
e5cbd98,2026-02-28,50.0,city,RS
e5cbd98,2026-02-28,6.0,city,SR
e5cbd98,2026-02-28,25.0,ucb,DR
e5cbd98,2026-03-01,250.0,city,CA
e5cbd98,2026-03-04,30.0,city,DS
e5cbd98,2026-03-04,6.0,city,HM
e5cbd98,2026-03-04,27.0,city,JM
e5cbd98,2026-03-04,35.0,city,LU
e5cbd98,2026-03-05,18.0,both,DB
e5cbd98,2026-03-05,27.0,both,LM
e5cbd98,2026-03-05,27.0,city,AK
e5cbd98,2026-03-05,27.0,city,NM
e5cbd98,2026-03-05,25.0,city,RG
e5cbd98,2026-03-05,27.0,city,RM
e5cbd98,2026-03-05,27.0,ucb,JS
e5cbd98,2026-03-06,25.0,city,HA
e5cbd98,2026-03-06,15.0,city,JF
e5cbd98,2026-03-06,10.0,city,NR
e5cbd98,2026-03-08,100.0,city,HV
e5cbd98,2026-03-09,6.0,city,BE
e5cbd98,2026-03-09,6.0,city,FS
e5cbd98,2026-03-09,100.0,city,RD
e5cbd98,2026-03-09,76.0,city,RR
e5cbd98,2026-03-10,27.0,city,BE
e5cbd98,2026-03-10,47.0,city,DB
e5cbd98,2026-03-10,27.0,city,ED
e5cbd98,2026-03-10,10.0,city,RE
e5cbd98,2026-03-11,50.0,city,FS
e5cbd98,2026-03-11,27.0,city,PF
e5cbd98,2026-03-11,25.0,city,RB
e5cbd98,2026-03-12,50.0,city,RK
e5cbd98,2026-03-14,100.0,city,GZ
e5cbd98,2026-03-14,100.0,city,PH
e5cbd98,2026-03-16,50.0,city,HK
e5cbd98,2026-03-16,50.0,ucb,EY
e5cbd98,2026-03-17,25.0,city,DW
e5cbd98,2026-03-17,6.0,city,EK
e5cbd98,2026-03-17,41.0,city,GW
e5cbd98,2026-03-17,100.0,city,LG
e5cbd98,2026-03-17,10.0,city,ML
e5cbd98,2026-03-17,25.0,city,SB
e5cbd98,2026-03-17,27.0,city,VK
e5cbd98,2026-03-18,100.0,city,EG
e5cbd98,2026-03-18,27.0,city,RE
e5cbd98,2026-03-18,100.0,city,SB
e5cbd98,2026-03-19,20.0,city,GH
e5cbd98,2026-03-20,5.0,city,JS
e5cbd98,2026-03-21,20.0,city,AF
e5cbd98,2026-03-21,50.0,city,KH
e5cbd98,2026-03-21,27.0,city,SD
e5cbd98,2026-03-21,27.0,ucb,DK
e5cbd98,2026-03-22,10.0,city,JF
e5cbd98,2026-03-22,27.0,city,MP
e5cbd98,2026-03-23,50.0,city,JS
e5cbd98,2026-03-23,20.0,city,MF
e5cbd98,2026-03-23,50.0,city,MN
e5cbd98,2026-03-23,10.0,city,RE
e5cbd98,2026-03-23,10.0,ucb,EY
e5cbd98,2026-03-24,27.0,city,ML
e5cbd98,2026-03-24,27.0,city,OD
e5cbd98,2026-03-25,27.0,city,NF
e5cbd98,2026-03-26,20.0,city,AL
e5cbd98,2026-03-27,27.0,city,LF
e5cbd98,2026-03-27,27.0,ucb,BH
e5cbd98,2026-03-28,27.0,city,PS
e5cbd98,2026-03-28,50.0,city,RS
e5cbd98,2026-03-28,6.0,city,SR
e5cbd98,2026-03-28,27.0,city,TS
e5cbd98,2026-03-28,25.0,ucb,DR
e5cbd98,2026-03-29,27.0,city,JJ
e5cbd98,2026-03-30,27.0,city,DG
e5cbd98,2026-04-01,250.0,city,CA
e5cbd98,2026-04-02,13.0,city,SF
e5cbd98,2026-04-04,30.0,city,DS
e5cbd98,2026-04-04,6.0,city,HM
e5cbd98,2026-04-04,27.0,city,JM
e5cbd98,2026-04-04,15.0,city,JM
e5cbd98,2026-04-04,35.0,city,LU
e5cbd98,2026-04-05,18.0,both,DB
e5cbd98,2026-04-05,27.0,both,LM
e5cbd98,2026-04-05,27.0,city,AK
e5cbd98,2026-04-05,6.0,city,LC
e5cbd98,2026-04-05,27.0,city,NM
e5cbd98,2026-04-05,25.0,city,RG
e5cbd98,2026-04-05,27.0,city,RM
e5cbd98,2026-04-05,27.0,ucb,JS
e5cbd98,2026-04-06,25.0,city,HA
e5cbd98,2026-04-06,15.0,city,JF
e5cbd98,2026-04-06,10.0,city,NR
e5cbd98,2026-04-08,100.0,city,HV
e5cbd98,2026-04-09,6.0,city,FS
e5cbd98,2026-04-09,76.0,city,RR
e5cbd98,2026-04-10,47.0,city,DB
e5cbd98,2026-04-10,27.0,city,ED
e5cbd98,2026-04-11,50.0,city,FS
e5cbd98,2026-04-11,27.0,city,PF
e5cbd98,2026-04-11,25.0,city,RB
e5cbd98,2026-04-12,50.0,city,RK
e5cbd98,2026-04-12,15.0,ucb,DR
e5cbd98,2026-04-14,100.0,city,GZ
e5cbd98,2026-04-14,100.0,city,PH
e5cbd98,2026-04-15,15.0,city,LL
e5cbd98,2026-04-15,25.0,city,SB
e5cbd98,2026-04-16,10.0,city,FS
e5cbd98,2026-04-16,50.0,city,HK
e5cbd98,2026-04-16,10.0,city,MF
e5cbd98,2026-04-16,50.0,ucb,EY
e5cbd98,2026-04-17,25.0,city,DW
e5cbd98,2026-04-17,6.0,city,EK
e5cbd98,2026-04-17,41.0,city,GW
e5cbd98,2026-04-17,100.0,city,LG
e5cbd98,2026-04-17,10.0,city,ML
e5cbd98,2026-04-17,27.0,city,VK
e5cbd98,2026-04-18,27.0,city,AS
e5cbd98,2026-04-19,20.0,city,GH
e5cbd98,2026-04-20,27.0,city,JJ
e5cbd98,2026-04-20,5.0,city,JS
e5cbd98,2026-04-20,100.0,city,RD
e5cbd98,2026-04-20,27.0,city,SI
e5cbd98,2026-04-21,20.0,city,AF
e5cbd98,2026-04-21,50.0,city,KH
e5cbd98,2026-04-21,6.0,city,LC
e5cbd98,2026-04-21,27.0,city,SD
e5cbd98,2026-04-21,27.0,city,TS
e5cbd98,2026-04-21,27.0,ucb,DK
e5cbd98,2026-04-22,10.0,city,JF
e5cbd98,2026-04-23,50.0,city,BE
e5cbd98,2026-04-23,50.0,city,JS
e5cbd98,2026-04-23,20.0,city,MF
e5cbd98,2026-04-23,50.0,city,MN
e5cbd98,2026-04-23,10.0,city,RE
e5cbd98,2026-04-23,10.0,ucb,EY
e5cbd98,2026-04-24,27.0,city,ML
e5cbd98,2026-04-24,27.0,city,OD
e5cbd98,2026-04-25,9.0,city,GP
e5cbd98,2026-04-25,27.0,city,NF
e5cbd98,2026-04-26,20.0,city,AL
e5cbd98,2026-04-27,27.0,ucb,BH
e5cbd98,2026-04-28,27.0,city,PS
e5cbd98,2026-04-28,50.0,city,RS
e5cbd98,2026-04-28,6.0,city,SR
e5cbd98,2026-04-28,25.0,ucb,DR
e5cbd98,2026-04-30,27.0,city,DG
e5cbd98,2026-04-30,6.0,city,NG
e5cbd98,2026-05-01,250.0,city,CA
e5cbd98,2026-05-01,25.0,city,DM
e5cbd98,2026-05-01,25.0,city,FS
e5cbd98,2026-05-01,13.5,city,MG
e5cbd98,2026-05-01,50.0,city,MH
e5cbd98,2026-05-01,10.0,city,NR
e5cbd98,2026-05-01,250.0,city,RD
e5cbd98,2026-05-01,2.5,city,SK
e5cbd98,2026-05-02,13.0,city,SF
e5cbd98,2026-05-04,30.0,city,DS
e5cbd98,2026-05-04,6.0,city,HM
e5cbd98,2026-05-04,27.0,city,JM
e5cbd98,2026-05-04,15.0,city,JM
e5cbd98,2026-05-04,35.0,city,LU
e5cbd98,2026-05-05,18.0,both,DB
e5cbd98,2026-05-05,27.0,both,LM
e5cbd98,2026-05-05,6.0,city,LC
e5cbd98,2026-05-05,25.0,city,RG
e5cbd98,2026-05-05,27.0,city,RM
e5cbd98,2026-05-05,27.0,ucb,JS
e5cbd98,2026-05-06,25.0,city,HA
e5cbd98,2026-05-06,15.0,city,JF
e5cbd98,2026-05-06,10.0,city,NR
e5cbd98,2026-05-07,27.0,city,FS
e5cbd98,2026-05-07,27.0,city,FS
e5cbd98,2026-05-07,27.0,city,OI
e5cbd98,2026-05-07,27.0,city,OI
e5cbd98,2026-05-07,27.0,city,OI
e5cbd98,2026-05-08,50.0,city,CV
e5cbd98,2026-05-08,100.0,city,RD
e5cbd98,2026-05-09,6.0,city,FS
e5cbd98,2026-05-09,76.0,city,RR
e5cbd98,2026-05-10,47.0,city,DB
e5cbd98,2026-05-10,27.0,city,ED
e5cbd98,2026-05-10,100.0,city,TS
e5cbd98,2026-05-11,50.0,city,FS
e5cbd98,2026-05-11,27.0,city,PF
e5cbd98,2026-05-11,25.0,city,RB
e5cbd98,2026-05-12,50.0,city,RK
e5cbd98,2026-05-12,15.0,ucb,DR
e5cbd98,2026-05-14,100.0,city,GZ
e5cbd98,2026-05-14,100.0,city,PH
e5cbd98,2026-05-15,15.0,city,LL
e5cbd98,2026-05-15,25.0,city,SB
e5cbd98,2026-05-16,10.0,city,FS
e5cbd98,2026-05-16,50.0,city,HK
e5cbd98,2026-05-16,10.0,city,MF
e5cbd98,2026-05-16,50.0,ucb,EY
e5cbd98,2026-05-17,25.0,city,DW
e5cbd98,2026-05-17,6.0,city,EK
e5cbd98,2026-05-17,41.0,city,GW
e5cbd98,2026-05-17,100.0,city,LG
e5cbd98,2026-05-17,10.0,city,ML
e5cbd98,2026-05-17,27.0,city,VK
e5cbd98,2026-05-18,27.0,city,AS
e5cbd98,2026-05-19,20.0,city,GH
e5cbd98,2026-05-20,5.0,city,JS
e5cbd98,2026-05-21,27.0,city,SD
e5cbd98,2026-05-21,27.0,ucb,DK
e5cbd98,2026-05-22,10.0,city,JF
e5cbd98,2026-05-23,50.0,city,BE
e5cbd98,2026-05-23,50.0,city,JS
e5cbd98,2026-05-23,20.0,city,MF
e5cbd98,2026-05-23,50.0,city,MN
e5cbd98,2026-05-23,10.0,city,RE
e5cbd98,2026-05-23,10.0,ucb,EY
e5cbd98,2026-05-24,27.0,city,ML
e5cbd98,2026-05-24,27.0,city,OD
e5cbd98,2026-05-25,9.0,city,GP
e5cbd98,2026-05-25,27.0,city,NF
e5cbd98,2026-05-26,20.0,city,AL
e5cbd98,2026-05-27,27.0,ucb,BH
e5cbd98,2026-05-28,27.0,city,MG
e5cbd98,2026-05-28,27.0,city,MG
e5cbd98,2026-05-28,27.0,city,PS
e5cbd98,2026-05-28,100.0,city,RD
e5cbd98,2026-05-28,50.0,city,RS
e5cbd98,2026-05-28,6.0,city,SR
e5cbd98,2026-05-28,25.0,ucb,DR
e5cbd98,2026-05-29,50.0,city,CV
e5cbd98,2026-05-29,200.0,city,EG
e5cbd98,2026-05-29,27.0,city,MR
e5cbd98,2026-05-29,27.0,city,PF
e5cbd98,2026-05-30,27.0,city,DG
e5cbd98,2026-05-30,6.0,city,NG
e5cbd98,2026-06-01,250.0,city,CA
e5cbd98,2026-06-02,13.0,city,SF
e5cbd98,2026-06-04,30.0,city,DS
e5cbd98,2026-06-04,6.0,city,HM
e5cbd98,2026-06-04,15.0,city,JM
e5cbd98,2026-06-04,35.0,city,LU
e5cbd98,2026-06-05,18.0,both,DB
e5cbd98,2026-06-05,27.0,both,LM
e5cbd98,2026-06-05,6.0,city,LC
e5cbd98,2026-06-05,25.0,city,RG
e5cbd98,2026-06-05,27.0,city,RM
e5cbd98,2026-06-05,27.0,ucb,JS
e5cbd98,2026-06-06,25.0,city,HA
e5cbd98,2026-06-06,10.0,city,NR
e5cbd98,2026-06-09,6.0,city,FS
e5cbd98,2026-06-09,76.0,city,RR
e5cbd98,2026-06-10,47.0,city,DB
e5cbd98,2026-06-10,27.0,city,ED
e5cbd98,2026-06-11,50.0,city,FS
e5cbd98,2026-06-11,27.0,city,PF
e5cbd98,2026-06-11,25.0,city,RB
e5cbd98,2026-06-12,50.0,city,RK
e5cbd98,2026-06-14,100.0,city,GZ
e5cbd98,2026-06-14,100.0,city,PH
e5cbd98,2026-06-15,15.0,city,LL
e5cbd98,2026-06-15,25.0,city,SB
e5cbd98,2026-06-16,10.0,city,FS
e5cbd98,2026-06-16,50.0,city,HK
e5cbd98,2026-06-16,10.0,city,MF
e5cbd98,2026-06-16,50.0,ucb,EY
e5cbd98,2026-06-17,25.0,city,DW
e5cbd98,2026-06-17,6.0,city,EK
e5cbd98,2026-06-17,41.0,city,GW
e5cbd98,2026-06-17,100.0,city,LG
e5cbd98,2026-06-17,10.0,city,ML
e5cbd98,2026-06-17,27.0,city,VK
e5cbd98,2026-06-18,27.0,city,AS
e5cbd98,2026-06-19,20.0,city,GH
e5cbd98,2026-06-20,5.0,city,JS
e5cbd98,2026-06-21,50.0,city,KH
e5cbd98,2026-06-21,6.0,city,LC
e5cbd98,2026-06-21,27.0,city,SD
e5cbd98,2026-06-21,27.0,ucb,DK
e5cbd98,2026-06-22,10.0,city,JF
e5cbd98,2026-06-23,50.0,city,BE
e5cbd98,2026-06-23,50.0,city,JS
e5cbd98,2026-06-23,20.0,city,MF
e5cbd98,2026-06-23,50.0,city,MN
e5cbd98,2026-06-23,10.0,city,RE
e5cbd98,2026-06-23,10.0,ucb,EY
e5cbd98,2026-06-24,27.0,city,ML
e5cbd98,2026-06-24,27.0,city,OD
e5cbd98,2026-06-25,9.0,city,GP
e5cbd98,2026-06-25,27.0,city,NF
e5cbd98,2026-06-26,20.0,city,AL
e5cbd98,2026-06-27,27.0,ucb,BH
e5cbd98,2026-06-28,27.0,city,PS
e5cbd98,2026-06-28,50.0,city,RS
e5cbd98,2026-06-28,6.0,city,SR
e5cbd98,2026-06-28,25.0,ucb,DR
e5cbd98,2026-06-29,27.0,city,PF
e5cbd98,2026-06-30,27.0,city,DG
e5cbd98,2026-06-30,6.0,city,NG
e62bda4,2025-08-14,15.0,city,MI
e62bda4,2025-08-20,100.0,ucb,ED
e62bda4,2025-09-14,15.0,city,MI
e62bda4,2025-09-20,100.0,ucb,ED
e62bda4,2025-10-14,15.0,city,MI
e62bda4,2025-10-20,100.0,ucb,ED
e62bda4,2025-11-14,15.0,city,MI
e62bda4,2025-11-20,500.0,city,JM
e62bda4,2025-12-14,15.0,city,MI
e62bda4,2025-12-17,50.0,city,MP
e62bda4,2025-12-26,25.0,city,MP
e62bda4,2026-01-14,15.0,city,MI
e62bda4,2026-01-17,500.0,city,LK
e62bda4,2026-01-19,50.0,city,EG
e62bda4,2026-01-24,2000.0,city,LK
e62bda4,2026-01-26,1000.0,city,LK
e62bda4,2026-02-14,15.0,city,MI
e62bda4,2026-03-10,500.0,city,JB
e62bda4,2026-03-14,15.0,city,MI
e62bda4,2026-03-31,50.0,city,JA
e62bda4,2026-04-14,15.0,city,MI
e62bda4,2026-05-14,15.0,city,MI
e62bda4,2026-06-11,3500.0,city,JK
e62bda4,2026-06-11,3500.0,city,JK
e62bda4,2026-06-14,15.0,city,MI
e6c342d,2026-02-04,250.0,both,MF
e6c342d,2026-03-13,350.0,ucb,AE
e6c342d,2026-03-14,1000.0,both,MD
e6c342d,2026-03-14,1000.0,ucb,RK
e6c342d,2026-03-15,500.0,both,DF
e6c342d,2026-03-21,250.0,both,DF
e6c342d,2026-03-21,2500.0,ucb,RK
e6c342d,2026-05-25,3500.0,ucb,RK
e6c342d,2026-05-29,250.0,both,DS
e6d0d1e,2026-02-19,250.0,city,JG
e6d0d1e,2026-02-21,250.0,ucb,DM
e7bfa69,2025-09-21,1000.0,city,KW
e7bfa69,2025-10-16,1500.0,city,JB
e7bfa69,2025-11-01,1000.0,city,CM
e7bfa69,2025-11-02,1000.0,city,FK
e7bfa69,2025-11-04,1000.0,city,AB
e7bfa69,2025-11-04,1000.0,city,LF
e7bfa69,2026-02-24,1000.0,city,JB
e7bfa69,2026-03-19,3500.0,city,NS
e7bfa69,2026-03-19,3500.0,city,NS
e7bfa69,2026-05-19,3500.0,city,BE
e7bfa69,2026-05-19,3500.0,city,MH
e7bfa69,2026-05-19,3500.0,city,MH
e7bfa69,2026-05-29,3.0,city,DD
e7bfa69,2026-06-28,250.0,city,JB
e7bfa69,2026-06-29,3.0,city,DD
e826c09,2026-01-16,250.0,city,PZ
e826c09,2026-06-10,1000.0,ucb,SS
e826c09,2026-06-18,250.0,city,DB
e8865d1,2025-12-08,1000.0,city,DB
e8865d1,2026-03-16,250.0,city,DT
e8865d1,2026-03-16,250.0,ucb,GL
e8865d1,2026-04-06,50.0,city,SC
e8865d1,2026-04-29,250.0,city,PG
e8865d1,2026-04-29,3500.0,city,SG
e8865d1,2026-05-06,1000.0,city,LW
e8865d1,2026-05-06,50.0,city,SC
e8865d1,2026-05-11,3500.0,city,EF
e8865d1,2026-05-11,1000.0,city,LW
e8865d1,2026-06-06,50.0,city,SC
e9af608,2026-04-10,3500.0,city,SS
e9af608,2026-04-10,3500.0,city,SS
e9af608,2026-06-06,25.0,city,AB
e9af608,2026-06-13,250.0,city,AB
e9af608,2026-06-30,250.0,city,CC
e9af608,2026-06-30,312.5,city,GK
e9af608,2026-06-30,2000.0,city,JG
e9af608,2026-06-30,375.0,city,PS
e9af608,2026-06-30,3500.0,city,SG
ea76d04,2026-05-13,3500.0,city,AB
ea76d04,2026-05-13,3500.0,city,AB
ea9a41c,2026-05-31,3500.0,city,SS
eabcffc,2025-10-14,500.0,city,JB
eabcffc,2025-10-14,250.0,city,MR
eabcffc,2025-10-14,250.0,city,PW
eabcffc,2025-10-14,500.0,city,SL
eabcffc,2025-10-25,250.0,city,MR
eabcffc,2025-10-26,500.0,city,HC
eabcffc,2025-11-17,250.0,city,MR
eabcffc,2025-11-20,500.0,city,BC
eabcffc,2025-11-24,250.0,city,MR
eabcffc,2025-12-11,250.0,city,BC
eabcffc,2025-12-28,250.0,city,MR
eabcffc,2026-01-14,5.0,city,CB
eabcffc,2026-01-15,1000.0,city,BC
eabcffc,2026-01-22,500.0,city,AD
eabcffc,2026-01-22,500.0,city,SD
eabcffc,2026-02-13,250.0,city,ST
eabcffc,2026-02-14,5.0,city,CB
eabcffc,2026-02-18,100.0,city,AB
eabcffc,2026-03-04,100.0,city,EB
eabcffc,2026-03-07,3475.0,city,CB
eabcffc,2026-03-07,25.0,city,CB
eabcffc,2026-03-14,5.0,city,CB
eabcffc,2026-03-16,500.0,city,SW
eabcffc,2026-03-17,2000.0,city,MM
eabcffc,2026-03-23,500.0,city,CC
eabcffc,2026-03-23,500.0,city,JV
eabcffc,2026-03-25,500.0,city,JR
eabcffc,2026-03-25,1000.0,city,PS
eabcffc,2026-03-25,10.0,city,ST
eabcffc,2026-03-27,500.0,city,BB
eabcffc,2026-03-30,1000.0,city,RB
eabcffc,2026-03-31,1000.0,city,GO
eabcffc,2026-03-31,1000.0,city,MB
eabcffc,2026-03-31,1000.0,city,PA
eabcffc,2026-04-03,50.0,city,LS
eabcffc,2026-04-06,500.0,city,AB
eabcffc,2026-04-06,100.0,city,LS
eabcffc,2026-04-06,100.0,city,LS
eabcffc,2026-04-14,5.0,city,CB
eabcffc,2026-04-19,100.0,city,EB
eaea397,2026-06-01,9.0,city,AB
eaea397,2026-06-01,9.0,city,BO
eaea397,2026-06-02,27.0,city,MF
ebf3840,2025-08-10,10.0,city,WA
ebf3840,2025-08-13,10.0,city,NS
ebf3840,2025-08-16,25.0,city,DK
ebf3840,2025-08-16,20.0,city,LM
ebf3840,2025-08-21,350.0,city,FS
ebf3840,2025-08-28,25.0,city,LM
ebf3840,2025-08-29,2.18,city,JW
ebf3840,2025-08-31,10.0,city,NS
ebf3840,2025-09-01,150.0,city,SD
ebf3840,2025-09-02,25.0,city,NH
ebf3840,2025-09-04,2.18,city,JW
ebf3840,2025-09-08,1.13,city,JW
ebf3840,2025-09-10,10.0,city,WA
ebf3840,2025-09-12,3500.0,city,SL
ebf3840,2025-09-15,33.33,city,JG
ebf3840,2025-09-15,33.33,city,JW
ebf3840,2025-09-15,10.0,city,NS
ebf3840,2025-09-16,25.0,city,DK
ebf3840,2025-09-16,20.0,city,LM
ebf3840,2025-09-21,1.13,city,JW
ebf3840,2025-09-26,500.0,city,AB
ebf3840,2025-09-26,2.18,city,JW
ebf3840,2025-09-26,10.0,city,NS
ebf3840,2025-09-28,25.0,city,LM
ebf3840,2025-09-29,15.0,city,JG
ebf3840,2025-10-02,100.0,city,MS
ebf3840,2025-10-02,25.0,city,NH
ebf3840,2025-10-05,2.18,city,JW
ebf3840,2025-10-08,2.18,city,JW
ebf3840,2025-10-10,10.0,city,WA
ebf3840,2025-10-13,50.0,city,LH
ebf3840,2025-10-14,2.18,city,JW
ebf3840,2025-10-16,25.0,city,DK
ebf3840,2025-10-16,20.0,city,LM
ebf3840,2025-10-18,71.43,city,CG
ebf3840,2025-10-18,2.18,city,JW
ebf3840,2025-10-20,10.0,city,NS
ebf3840,2025-10-23,2.18,city,JW
ebf3840,2025-10-24,2.18,city,JW
ebf3840,2025-10-28,30.0,city,JG
ebf3840,2025-10-28,25.0,city,LM
ebf3840,2025-10-28,10.0,city,NS
ebf3840,2025-10-30,2500.0,ucb,MR
ebf3840,2025-10-30,2500.0,ucb,MR
ebf3840,2025-11-02,100.0,city,MS
ebf3840,2025-11-02,25.0,city,NH
ebf3840,2025-11-04,25.0,city,JW
ebf3840,2025-11-06,10.0,city,NS
ebf3840,2025-11-08,200.0,city,CB
ebf3840,2025-11-10,10.0,city,WA
ebf3840,2025-11-12,25.0,city,JW
ebf3840,2025-11-13,50.0,city,LH
ebf3840,2025-11-16,25.0,city,DK
ebf3840,2025-11-16,1.13,city,JW
ebf3840,2025-11-16,20.0,city,LM
ebf3840,2025-11-26,10.0,city,NS
ebf3840,2025-11-26,12.5,city,RB
ebf3840,2025-11-28,25.0,city,LM
ebf3840,2025-11-29,10.0,city,NS
ebf3840,2025-12-01,1.09,city,WA
ebf3840,2025-12-02,100.0,city,MS
ebf3840,2025-12-02,25.0,city,NH
ebf3840,2025-12-05,10.0,city,NS
ebf3840,2025-12-06,2.18,city,JW
ebf3840,2025-12-10,10.0,city,WA
ebf3840,2025-12-13,50.0,city,LH
ebf3840,2025-12-14,3.34,city,JG
ebf3840,2025-12-14,10.0,city,NS
ebf3840,2025-12-14,20.0,city,RB
ebf3840,2025-12-16,25.0,city,DK
ebf3840,2025-12-16,20.0,city,LM
ebf3840,2025-12-18,10.0,city,NS
ebf3840,2025-12-23,1.47,city,JW
ebf3840,2025-12-24,20.0,city,JG
ebf3840,2025-12-28,25.0,city,LM
ebf3840,2025-12-29,10.0,city,NS
ebf3840,2025-12-30,250.0,city,KM
ebf3840,2025-12-30,5.0,city,NS
ebf3840,2025-12-31,6.5,city,JW
ebf3840,2026-01-02,25.0,city,NH
ebf3840,2026-01-06,25.0,city,JW
ebf3840,2026-01-06,10.0,city,NS
ebf3840,2026-01-07,1.47,city,JW
ebf3840,2026-01-08,10.0,city,NS
ebf3840,2026-01-10,10.0,city,WA
ebf3840,2026-01-13,50.0,city,LH
ebf3840,2026-01-16,25.0,city,DK
ebf3840,2026-01-16,20.0,city,LM
ebf3840,2026-01-17,10.0,city,NS
ebf3840,2026-01-26,10.0,city,NS
ebf3840,2026-01-27,125.0,city,PB
ebf3840,2026-01-28,25.0,city,LM
ebf3840,2026-01-28,10.0,city,NS
ebf3840,2026-01-29,10.0,city,NS
ebf3840,2026-01-31,10.0,city,NS
ebf3840,2026-02-01,1.47,city,JW
ebf3840,2026-02-02,25.0,city,NH
ebf3840,2026-02-03,20.0,city,PB
ebf3840,2026-02-06,1.0,city,JW
ebf3840,2026-02-09,10.0,city,NS
ebf3840,2026-02-10,10.0,city,WA
ebf3840,2026-02-13,1.0,city,JW
ebf3840,2026-02-13,50.0,city,LH
ebf3840,2026-02-14,1.0,city,JW
ebf3840,2026-02-15,1000.0,city,JD
ebf3840,2026-02-16,25.0,city,DK
ebf3840,2026-02-16,20.0,city,LM
ebf3840,2026-02-18,10.0,city,JG
ebf3840,2026-02-18,1.0,city,JW
ebf3840,2026-02-21,500.0,city,GP
ebf3840,2026-02-22,1.47,city,JW
ebf3840,2026-02-26,10.0,city,NS
ebf3840,2026-02-28,25.0,city,LM
ebf3840,2026-03-02,1.0,city,JW
ebf3840,2026-03-02,25.0,city,NH
ebf3840,2026-03-04,10.0,city,JG
ebf3840,2026-03-09,6.25,city,JW
ebf3840,2026-03-10,1.47,city,JW
ebf3840,2026-03-10,111.11,city,PB
ebf3840,2026-03-10,10.0,city,WA
ebf3840,2026-03-13,50.0,city,LH
ebf3840,2026-03-13,10.0,city,NS
ebf3840,2026-03-16,25.0,city,DK
ebf3840,2026-03-16,20.0,city,LM
ebf3840,2026-03-28,25.0,city,LM
ebf3840,2026-04-02,25.0,city,NH
ebf3840,2026-04-07,1.47,city,JW
ebf3840,2026-04-10,10.0,city,WA
ebf3840,2026-04-13,1.47,city,JW
ebf3840,2026-04-13,50.0,city,LH
ebf3840,2026-04-16,25.0,city,DK
ebf3840,2026-04-16,20.0,city,LM
ebf3840,2026-04-18,1.47,city,JW
ebf3840,2026-04-21,25.0,city,JW
ebf3840,2026-04-28,25.0,city,LM
ebf3840,2026-05-04,250.0,ucb,GL
ebf3840,2026-05-09,250.0,city,RB
ebf3840,2026-05-10,10.0,city,WA
ebf3840,2026-05-15,5.0,city,NS
ebf3840,2026-05-16,25.0,city,DK
ebf3840,2026-05-16,20.0,city,LM
ebf3840,2026-05-25,300.0,city,TL
ebf3840,2026-05-28,25.0,city,LM
ebf3840,2026-06-09,1111.11,city,PW
ebf3840,2026-06-10,10.0,city,WA
ebf3840,2026-06-11,277.77,city,CB
ebf3840,2026-06-11,25.0,city,FS
ebf3840,2026-06-11,277.77,city,LR
ebf3840,2026-06-16,25.0,city,DK
ebf3840,2026-06-16,20.0,city,LM
ebf3840,2026-06-25,5.0,city,NS
ebf3840,2026-06-28,25.0,city,LM
ebf3840,2026-06-29,9.62,city,JW
ebf3840,2026-06-30,1000.0,city,MP
ec386de,2025-10-31,350.0,city,GW
ec386de,2025-11-04,250.0,city,DT
ec386de,2026-02-02,500.0,city,MK
ec386de,2026-03-27,1000.0,city,BG
ec386de,2026-03-31,250.0,city,NO
ec386de,2026-05-14,250.0,city,AB
ec386de,2026-05-20,200.0,city,LH
ec386de,2026-05-21,200.0,city,AL
ec386de,2026-05-24,100.0,city,LH
ec386de,2026-05-25,2500.0,city,BG
ec386de,2026-05-27,100.0,city,AB
ec386de,2026-05-29,200.0,city,LH
ec386de,2026-06-08,250.0,city,AB
ec386de,2026-06-12,50.0,city,LH
ec386de,2026-06-29,300.0,city,TL
ec386de,2026-06-30,500.0,city,NO
ecf27c2,2025-12-06,500.0,city,JB
ecf27c2,2026-01-31,500.0,city,DH
ecf27c2,2026-02-26,2000.0,city,LR
ecf27c2,2026-03-04,1000.0,city,PW
ecf27c2,2026-03-06,250.0,city,DK
ecf27c2,2026-03-07,500.0,city,JB
ed01ed4,2026-05-24,50.0,city,LW
ed01ed4,2026-05-26,250.0,city,AB
ed01ed4,2026-06-22,25.0,city,KE
ed01ed4,2026-06-24,50.0,city,LW
ed1b08b,2025-08-12,250.0,city,DR
ee593f8,2025-08-18,1500.0,ucb,JD
ee593f8,2025-08-30,20.0,city,AO
ee593f8,2025-09-30,20.0,city,AO
ee593f8,2025-10-17,250.0,city,SG
ee593f8,2025-10-30,20.0,city,AO
ee593f8,2025-11-30,20.0,city,AO
ee593f8,2025-12-30,20.0,city,AO
ee593f8,2026-01-30,20.0,city,AO
ee593f8,2026-02-01,250.0,city,SD
ee593f8,2026-02-28,20.0,city,AO
ee593f8,2026-03-30,20.0,city,AO
ee593f8,2026-04-30,20.0,city,AO
ee593f8,2026-05-15,250.0,city,DD
ee593f8,2026-05-30,20.0,city,AO
eee37f8,2025-09-26,1000.0,city,RH
eef4e1f,2025-09-29,3500.0,city,MH
eef4e1f,2025-09-29,1500.0,city,MH
eef4e1f,2026-03-26,500.0,city,AB
eef4e1f,2026-06-05,100.0,city,AB
ef4c7f9,2026-03-14,250.0,city,TF
ef50b9c,2026-01-25,7000.0,city,PM
efb99b1,2025-08-11,150.0,city,TF
efb99b1,2025-08-12,25.0,city,AO
efb99b1,2025-08-12,48.0,city,LC
efb99b1,2025-08-13,200.0,city,LB
efb99b1,2025-08-19,48.0,city,LC
efb99b1,2025-08-20,5.0,city,KH
efb99b1,2025-08-21,27.0,city,JG
efb99b1,2025-08-21,3.0,city,KH
efb99b1,2025-08-25,25.0,city,RB
efb99b1,2025-08-27,20.0,city,AJ
efb99b1,2025-08-27,25.0,city,KH
efb99b1,2025-08-27,5.0,city,KH
efb99b1,2025-08-28,400.0,city,JD
efb99b1,2025-08-30,6.0,city,KH
efb99b1,2025-09-02,52.0,city,JH
efb99b1,2025-09-04,25.0,city,SG
efb99b1,2025-09-05,3.0,city,KH
efb99b1,2025-09-05,50.0,city,RR
efb99b1,2025-09-07,6.0,city,SG
efb99b1,2025-09-07,6.0,city,SG
efb99b1,2025-09-08,48.0,city,LC
efb99b1,2025-09-12,25.0,city,AO
efb99b1,2025-09-13,200.0,city,LB
efb99b1,2025-09-15,25.0,city,RB
efb99b1,2025-09-19,50.0,city,TF
efb99b1,2025-09-20,5.0,city,KH
efb99b1,2025-09-21,27.0,city,JG
efb99b1,2025-09-21,3.0,city,KH
efb99b1,2025-09-27,20.0,city,AJ
efb99b1,2025-09-27,25.0,city,KH
efb99b1,2025-09-27,5.0,city,KH
efb99b1,2025-09-28,400.0,city,JD
efb99b1,2025-09-29,250.0,city,EW
efb99b1,2025-09-29,100.0,city,EW
efb99b1,2025-09-30,6.0,city,KH
efb99b1,2025-10-01,1000.0,city,CK
efb99b1,2025-10-04,25.0,city,SG
efb99b1,2025-10-05,3.0,city,KH
efb99b1,2025-10-05,6.0,city,LB
efb99b1,2025-10-05,6.0,city,LB
efb99b1,2025-10-05,50.0,city,RR
efb99b1,2025-10-07,6.0,city,SG
efb99b1,2025-10-07,6.0,city,SG
efb99b1,2025-10-12,25.0,city,AO
efb99b1,2025-10-15,25.0,city,RB
efb99b1,2025-10-20,5.0,city,KH
efb99b1,2025-10-21,27.0,city,JG
efb99b1,2025-10-21,3.0,city,KH
efb99b1,2025-10-27,20.0,city,AJ
efb99b1,2025-10-27,5.0,city,KH
efb99b1,2025-10-27,25.0,city,KH
efb99b1,2025-10-30,6.0,city,KH
efb99b1,2025-10-30,15.0,city,MI
efb99b1,2025-11-04,25.0,city,SG
efb99b1,2025-11-05,3.0,city,KH
efb99b1,2025-11-05,6.0,city,LB
efb99b1,2025-11-05,6.0,city,LB
efb99b1,2025-11-05,50.0,city,RR
efb99b1,2025-11-12,25.0,city,AO
efb99b1,2025-11-19,52.0,city,JH
efb99b1,2025-11-20,5.0,city,KH
efb99b1,2025-11-21,27.0,city,JG
efb99b1,2025-11-21,3.0,city,KH
efb99b1,2025-11-27,25.0,city,KH
efb99b1,2025-11-27,5.0,city,KH
efb99b1,2025-11-30,72.0,city,CC
efb99b1,2025-11-30,6.0,city,KH
efb99b1,2025-11-30,15.0,city,MI
efb99b1,2025-12-05,3.0,city,KH
efb99b1,2025-12-05,6.0,city,LB
efb99b1,2025-12-05,6.0,city,LB
efb99b1,2025-12-05,50.0,city,RR
efb99b1,2025-12-09,52.0,city,JH
efb99b1,2025-12-11,25.0,city,AO
efb99b1,2025-12-12,25.0,city,AO
efb99b1,2025-12-15,52.0,city,JH
efb99b1,2025-12-20,5.0,city,KH
efb99b1,2025-12-21,27.0,city,JG
efb99b1,2025-12-21,3.0,city,KH
efb99b1,2025-12-22,25.0,city,LC
efb99b1,2025-12-27,20.0,city,AJ
efb99b1,2025-12-27,25.0,city,KH
efb99b1,2025-12-27,5.0,city,KH
efb99b1,2025-12-28,27.0,city,NB
efb99b1,2025-12-30,6.0,city,KH
efb99b1,2025-12-30,15.0,city,MI
efb99b1,2026-01-05,3.0,city,KH
efb99b1,2026-01-05,6.0,city,LB
efb99b1,2026-01-05,6.0,city,LB
efb99b1,2026-01-05,50.0,city,RR
efb99b1,2026-01-08,42.0,city,EG
efb99b1,2026-01-11,50.0,city,AK
efb99b1,2026-01-12,25.0,city,AO
efb99b1,2026-01-15,52.0,city,JH
efb99b1,2026-01-18,15.0,city,AO
efb99b1,2026-01-18,16.0,city,SG
efb99b1,2026-01-20,5.0,city,KH
efb99b1,2026-01-21,16.0,city,AH
efb99b1,2026-01-21,27.0,city,JG
efb99b1,2026-01-21,3.0,city,KH
efb99b1,2026-01-22,16.0,city,AH
efb99b1,2026-01-27,25.0,city,KH
efb99b1,2026-01-28,16.0,city,AH
efb99b1,2026-01-28,25.0,city,SG
efb99b1,2026-01-28,10.0,city,SG
efb99b1,2026-01-29,25.0,city,PW
efb99b1,2026-01-30,6.0,city,KH
efb99b1,2026-01-30,15.0,city,MI
efb99b1,2026-01-31,25.0,city,AK
efb99b1,2026-01-31,25.0,city,AO
efb99b1,2026-01-31,12.5,city,LC
efb99b1,2026-01-31,25.0,city,VL
efb99b1,2026-01-31,13.0,city,VL
efb99b1,2026-02-03,100.0,city,AK
efb99b1,2026-02-04,25.0,city,SG
efb99b1,2026-02-05,3.0,city,KH
efb99b1,2026-02-05,6.0,city,LB
efb99b1,2026-02-05,6.0,city,LB
efb99b1,2026-02-05,50.0,city,RR
efb99b1,2026-02-07,25.0,city,AO
efb99b1,2026-02-08,100.0,city,NN
efb99b1,2026-02-10,100.0,city,AJ
efb99b1,2026-02-12,25.0,city,AO
efb99b1,2026-02-14,50.0,city,EG
efb99b1,2026-02-20,44.0,city,EG
efb99b1,2026-02-20,5.0,city,KH
efb99b1,2026-02-21,27.0,city,JG
efb99b1,2026-02-21,3.0,city,KH
efb99b1,2026-02-22,44.0,city,EG
efb99b1,2026-02-22,250.0,city,SE
efb99b1,2026-02-25,50.0,city,AK
efb99b1,2026-02-25,50.0,city,JG
efb99b1,2026-02-25,25.0,city,VL
efb99b1,2026-02-25,25.0,city,VL
efb99b1,2026-02-26,14.0,city,VL
efb99b1,2026-02-27,25.0,city,KH
efb99b1,2026-02-27,5.0,city,KH
efb99b1,2026-02-27,12.5,city,NN
efb99b1,2026-02-28,6.0,city,KH
efb99b1,2026-02-28,15.0,city,MI
efb99b1,2026-02-28,12.5,city,NN
efb99b1,2026-02-28,25.0,city,PW
efb99b1,2026-03-04,12.5,city,LC
efb99b1,2026-03-04,25.0,city,SG
efb99b1,2026-03-04,25.0,city,VL
efb99b1,2026-03-04,14.0,city,VL
efb99b1,2026-03-05,3.0,city,KH
efb99b1,2026-03-05,6.0,city,LB
efb99b1,2026-03-05,6.0,city,LB
efb99b1,2026-03-05,50.0,city,RR
efb99b1,2026-03-05,15.0,city,SG
efb99b1,2026-03-08,25.0,city,VL
efb99b1,2026-03-08,25.0,city,VL
efb99b1,2026-03-10,50.0,city,AK
efb99b1,2026-03-12,25.0,city,AO
efb99b1,2026-03-20,5.0,city,KH
efb99b1,2026-03-21,27.0,city,JG
efb99b1,2026-03-21,3.0,city,KH
efb99b1,2026-03-21,10.0,city,SG
efb99b1,2026-03-22,44.0,city,EG
efb99b1,2026-03-27,20.0,city,AJ
efb99b1,2026-03-27,25.0,city,AO
efb99b1,2026-03-27,25.0,city,KH
efb99b1,2026-03-27,5.0,city,KH
efb99b1,2026-03-29,25.0,city,PW
efb99b1,2026-03-30,6.0,city,KH
efb99b1,2026-03-30,15.0,city,MI
efb99b1,2026-04-04,25.0,city,SG
efb99b1,2026-04-05,3.0,city,KH
efb99b1,2026-04-05,6.0,city,LB
efb99b1,2026-04-05,6.0,city,LB
efb99b1,2026-04-05,50.0,city,RR
efb99b1,2026-04-12,25.0,city,AO
efb99b1,2026-04-18,88.0,city,TF
efb99b1,2026-04-20,5.0,city,KH
efb99b1,2026-04-20,5.0,city,SG
efb99b1,2026-04-21,27.0,city,JG
efb99b1,2026-04-21,3.0,city,KH
efb99b1,2026-04-27,25.0,city,KH
efb99b1,2026-04-27,5.0,city,KH
efb99b1,2026-04-27,25.0,city,SG
efb99b1,2026-04-27,5.0,city,SG
efb99b1,2026-04-29,25.0,city,PW
efb99b1,2026-04-30,6.0,city,KH
efb99b1,2026-04-30,15.0,city,MI
efb99b1,2026-05-02,250.0,city,JB
efb99b1,2026-05-03,100.0,city,AJ
efb99b1,2026-05-04,100.0,city,EG
efb99b1,2026-05-04,25.0,city,SG
efb99b1,2026-05-05,3.0,city,KH
efb99b1,2026-05-05,6.0,city,LB
efb99b1,2026-05-05,6.0,city,LB
efb99b1,2026-05-05,50.0,city,RR
efb99b1,2026-05-07,3.0,city,SG
efb99b1,2026-05-08,50.0,city,NN
efb99b1,2026-05-11,25.0,city,RB
efb99b1,2026-05-12,25.0,city,AO
efb99b1,2026-05-13,5.0,city,NN
efb99b1,2026-05-20,50.0,city,AJ
efb99b1,2026-05-20,5.0,city,KH
efb99b1,2026-05-21,27.0,city,JG
efb99b1,2026-05-21,3.0,city,KH
efb99b1,2026-05-27,25.0,city,KH
efb99b1,2026-05-27,5.0,city,KH
efb99b1,2026-05-27,25.0,city,LC
efb99b1,2026-05-29,50.0,city,EG
efb99b1,2026-05-29,25.0,city,PW
efb99b1,2026-05-30,25.0,city,AO
efb99b1,2026-05-30,6.0,city,KH
efb99b1,2026-05-30,15.0,city,MI
efb99b1,2026-05-30,250.0,city,SS
efb99b1,2026-06-04,25.0,city,SG
efb99b1,2026-06-05,3.0,city,KH
efb99b1,2026-06-05,6.0,city,LB
efb99b1,2026-06-05,6.0,city,LB
efb99b1,2026-06-05,50.0,city,RR
efb99b1,2026-06-10,27.0,city,DK
efb99b1,2026-06-20,5.0,city,KH
efb99b1,2026-06-21,27.0,city,JG
efb99b1,2026-06-21,3.0,city,KH
efb99b1,2026-06-27,25.0,city,KH
efb99b1,2026-06-27,5.0,city,KH
efb99b1,2026-06-28,25.0,city,AO
efb99b1,2026-06-29,25.0,city,PW
efb99b1,2026-06-30,100.0,city,AJ
efb99b1,2026-06-30,6.0,city,KH
efb99b1,2026-06-30,15.0,city,MI
f046308,2025-09-05,100.0,city,KP
f046308,2025-10-04,250.0,city,JT
f046308,2025-10-04,3500.0,city,SS
f046308,2025-10-05,100.0,city,KP
f046308,2025-10-14,35.0,city,CB
f046308,2025-11-05,100.0,city,KP
f046308,2025-11-07,500.0,city,BW
f046308,2025-11-07,2000.0,city,DR
f046308,2025-11-10,1000.0,city,NB
f046308,2025-11-14,35.0,city,CB
f046308,2025-11-19,3500.0,city,JS
f046308,2025-11-19,1000.0,city,PS
f046308,2025-11-19,1000.0,city,SG
f046308,2025-12-07,100.0,city,KP
f046308,2025-12-14,35.0,city,CB
f046308,2026-01-05,100.0,city,KP
f046308,2026-01-16,50.0,city,LC
f046308,2026-01-29,142.86,city,BW
f046308,2026-01-29,357.15,city,DS
f046308,2026-01-29,71.43,city,JG
f046308,2026-01-29,714.29,city,JG
f046308,2026-01-29,357.15,city,MD
f046308,2026-01-29,285.72,city,PB
f046308,2026-01-29,142.86,city,PS
f046308,2026-01-29,42.86,city,SK
f046308,2026-01-29,285.72,city,TS
f046308,2026-01-31,142.86,city,GW
f046308,2026-01-31,285.72,city,MH
f046308,2026-02-05,100.0,city,KP
f046308,2026-02-14,35.0,city,CB
f046308,2026-02-16,50.0,city,LC
f046308,2026-02-20,714.29,city,SM
f046308,2026-03-05,250.0,city,JB
f046308,2026-03-05,100.0,city,KP
f046308,2026-03-14,35.0,city,CB
f046308,2026-03-14,250.0,city,KW
f046308,2026-03-14,250.0,city,PC
f046308,2026-03-16,50.0,city,LC
f046308,2026-03-19,50.0,city,DF
f046308,2026-03-19,250.0,city,FF
f046308,2026-03-29,250.0,city,BR
f046308,2026-03-29,250.0,city,JB
f046308,2026-03-29,250.0,city,MM
f046308,2026-03-30,250.0,city,KW
f046308,2026-03-30,200.0,city,SB
f046308,2026-03-31,250.0,city,SB
f046308,2026-04-05,100.0,city,KP
f046308,2026-04-08,250.0,city,PW
f046308,2026-04-13,100.0,city,AJ
f046308,2026-04-14,35.0,city,CB
f046308,2026-04-16,50.0,city,LC
f046308,2026-04-17,250.0,city,AL
f046308,2026-04-24,200.0,city,JT
f046308,2026-04-27,25.0,city,AL
f046308,2026-05-05,100.0,city,KP
f046308,2026-05-08,50.0,city,AJ
f046308,2026-05-14,35.0,city,CB
f046308,2026-05-16,500.0,city,DH
f046308,2026-05-16,50.0,city,LC
f046308,2026-05-17,50.0,city,AL
f046308,2026-05-20,250.0,city,JB
f046308,2026-05-22,250.0,city,SB
f046308,2026-05-27,25.0,city,AL
f046308,2026-05-31,1000.0,ucb,RK
f046308,2026-06-04,500.0,city,JB
f046308,2026-06-05,100.0,city,KP
f046308,2026-06-09,200.0,city,JT
f046308,2026-06-13,500.0,city,AC
f046308,2026-06-14,108.0,city,CB
f046308,2026-06-16,50.0,city,LC
f046308,2026-06-17,100.0,city,RF
f046308,2026-06-17,750.0,city,RS
f046308,2026-06-22,100.0,city,AJ
f046308,2026-06-24,35.0,city,AL
f046308,2026-06-27,25.0,city,AL
f1837ee,2025-10-16,25.0,city,JC
f1837ee,2025-10-24,25.0,city,JC
f1837ee,2025-11-11,25.0,city,JC
f1837ee,2025-11-18,25.0,city,JC
f1837ee,2025-12-10,25.0,city,JC
f1837ee,2026-03-25,25.0,city,JC
f1837ee,2026-04-06,25.0,city,JC
f201c15,2025-08-28,250.0,city,JL
f201c15,2025-09-18,3250.0,city,JL
f201c15,2025-09-18,1750.0,city,JL
f201c15,2025-11-18,1750.0,city,JL
f201c15,2025-11-18,1750.0,city,JP
f201c15,2025-11-18,3500.0,city,JP
f201c15,2025-11-27,1000.0,city,EF
f201c15,2025-12-06,500.0,city,AC
f201c15,2025-12-08,250.0,city,IB
f201c15,2025-12-08,250.0,city,MS
f201c15,2025-12-09,25.0,city,AC
f201c15,2025-12-29,1750.0,city,JP
f201c15,2025-12-30,3500.0,city,BW
f201c15,2025-12-30,3500.0,city,BW
f201c15,2025-12-30,3500.0,city,EN
f201c15,2025-12-30,3500.0,city,EN
f201c15,2025-12-31,3500.0,city,AS
f201c15,2025-12-31,3500.0,city,AS
f201c15,2025-12-31,3500.0,city,ZP
f201c15,2025-12-31,3500.0,city,ZP
f201c15,2026-01-28,15.0,city,KB
f201c15,2026-02-19,100.0,city,AC
f201c15,2026-02-28,15.0,city,KB
f201c15,2026-03-19,3500.0,city,ED
f201c15,2026-03-19,3500.0,city,ED
f201c15,2026-03-23,3500.0,city,TL
f201c15,2026-03-23,3500.0,city,TL
f201c15,2026-03-24,3500.0,city,AK
f201c15,2026-03-24,3500.0,city,AK
f201c15,2026-03-28,15.0,city,KB
f201c15,2026-03-29,25.0,city,KB
f201c15,2026-03-30,1000.0,city,ER
f201c15,2026-03-31,3500.0,city,AT
f201c15,2026-03-31,3500.0,city,AT
f201c15,2026-03-31,3500.0,city,EA
f201c15,2026-03-31,3500.0,city,EA
f201c15,2026-04-28,15.0,city,KB
f201c15,2026-05-19,100.0,city,MK
f201c15,2026-05-28,15.0,city,KB
f339a8e,2026-02-16,250.0,city,ST
f39d143,2025-08-13,500.0,city,RH
f3ddb91,2026-06-28,250.0,city,TM
f3e4550,2025-08-26,500.0,city,JB
f3e4550,2025-09-02,1000.0,city,AB
f3e4550,2025-09-05,500.0,city,JB
f3e4550,2025-11-08,200.0,city,CB
f3e4550,2025-11-11,250.0,city,JB
f3e4550,2026-04-08,1428.57,city,GN
f3e4550,2026-05-21,300.0,city,AL
f3e4550,2026-06-11,250.0,city,JB
f5e0b2a,2025-08-15,10.0,city,LW
f5e0b2a,2025-08-20,25.0,city,LW
f5e0b2a,2025-08-26,25.0,city,LW
f5e0b2a,2025-08-29,100.0,city,LW
f5e0b2a,2025-09-05,25.0,city,LW
f5e0b2a,2025-09-06,100.0,city,WS
f5e0b2a,2025-09-29,100.0,city,LW
f5e0b2a,2025-10-06,100.0,city,WS
f5e0b2a,2025-10-29,100.0,city,LW
f5e0b2a,2025-11-06,100.0,city,WS
f5e0b2a,2025-11-29,100.0,city,LW
f5e0b2a,2025-12-06,100.0,city,WS
f5e0b2a,2026-01-06,100.0,city,WS
f5e0b2a,2026-01-29,100.0,city,LW
f5e0b2a,2026-02-05,100.0,city,RK
f5e0b2a,2026-02-05,100.0,city,RK
f5e0b2a,2026-02-06,1000.0,city,JB
f5e0b2a,2026-02-06,100.0,city,WS
f5e0b2a,2026-02-12,250.0,city,ET
f5e0b2a,2026-02-28,100.0,city,LW
f5e0b2a,2026-03-06,100.0,city,WS
f5e0b2a,2026-03-28,100.0,city,ET
f5e0b2a,2026-03-29,100.0,city,LW
f5e0b2a,2026-04-05,12.5,city,EK
f5e0b2a,2026-04-06,100.0,city,WS
f5e0b2a,2026-04-29,100.0,city,LW
f5e0b2a,2026-05-05,12.5,city,EK
f5e0b2a,2026-05-06,100.0,city,WS
f5e0b2a,2026-05-29,100.0,city,LW
f5e0b2a,2026-06-05,12.5,city,EK
f5e0b2a,2026-06-06,100.0,city,WS
f5e0b2a,2026-06-29,100.0,city,LW
f62ec80,2025-08-22,3500.0,city,JK
f62ec80,2025-09-22,3500.0,city,ZP
f62ec80,2025-09-22,3500.0,city,ZP
f62ec80,2025-10-08,3500.0,city,DT
f62ec80,2025-10-08,3500.0,city,DT
f62ec80,2025-10-19,3500.0,city,JK
f725b22,2026-02-13,50.0,city,NB
f725b22,2026-03-13,50.0,city,NB
f725b22,2026-03-23,1000.0,city,MR
f725b22,2026-04-13,50.0,city,NB
f725b22,2026-05-13,50.0,city,NB
f725b22,2026-06-13,50.0,city,NB
f78a198,2025-09-12,300.0,city,MP
f78a198,2026-02-26,3500.0,city,NS
f78a198,2026-02-26,3500.0,city,NS
f78a198,2026-04-08,1428.57,city,GN
f78a198,2026-06-16,100.0,city,JB
f78a198,2026-06-16,100.0,city,JB
f7c9da3,2026-06-28,300.0,city,PB
f7c9da3,2026-06-30,250.0,city,CC
f7c9da3,2026-06-30,312.5,city,GK
f7c9da3,2026-06-30,2000.0,city,JG
f7c9da3,2026-06-30,666.67,city,PL
f7c9da3,2026-06-30,375.0,city,PS
f7c9da3,2026-06-30,3500.0,city,SG
f82a7bd,2025-08-12,50.0,city,BE
f82a7bd,2025-08-12,15.0,city,DK
f82a7bd,2025-08-14,25.0,city,ST
f82a7bd,2025-08-23,25.0,city,LE
f82a7bd,2025-08-27,10.0,city,NM
f82a7bd,2025-08-30,25.0,city,WA
f82a7bd,2025-09-04,25.0,city,LE
f82a7bd,2025-09-05,10.0,city,BG
f82a7bd,2025-09-06,10.0,city,AB
f82a7bd,2025-09-08,10.0,city,HM
f82a7bd,2025-09-08,50.0,city,PS
f82a7bd,2025-09-08,5.0,city,RS
f82a7bd,2025-09-08,25.0,city,TS
f82a7bd,2025-09-12,10.0,city,NS
f82a7bd,2025-09-16,15.0,city,HC
f82a7bd,2025-09-16,10.0,city,TS
f82a7bd,2025-09-17,10.0,city,DN
f82a7bd,2025-09-17,50.0,city,SW
f82a7bd,2025-09-19,50.0,city,JS
f82a7bd,2025-09-19,25.0,city,ST
f82a7bd,2025-09-20,25.0,city,JT
f82a7bd,2025-09-20,100.0,city,SS
f82a7bd,2025-09-21,25.0,city,LW
f82a7bd,2025-09-21,25.0,city,TK
f82a7bd,2025-09-22,10.0,city,MB
f82a7bd,2025-09-23,10.0,city,ND
f82a7bd,2025-09-23,20.0,city,SM
f82a7bd,2025-09-26,100.0,city,GW
f82a7bd,2025-09-27,100.0,city,FA
f82a7bd,2025-09-27,250.0,city,TR
f82a7bd,2025-09-30,5.0,city,NS
f831f87,2026-03-31,3500.0,city,KH
f831f87,2026-03-31,3500.0,city,KH
f831f87,2026-03-31,3500.0,city,MP
f831f87,2026-03-31,3500.0,city,MP
f86b47d,2025-12-02,200.0,city,DE
f86b47d,2025-12-02,250.0,city,PL
f86b47d,2025-12-03,250.0,city,DE
f86b47d,2025-12-15,560.0,city,PL
f86b47d,2026-03-30,250.0,city,NO
f86b47d,2026-04-26,250.0,city,IN
f86b47d,2026-05-01,250.0,city,TL
f86b47d,2026-05-08,1000.0,city,BL
f86b47d,2026-05-22,250.0,city,AB
f86b47d,2026-05-26,300.0,city,HA
f86b47d,2026-06-09,100.0,city,AB
f98f33e,2025-11-13,2000.0,city,DR
f98f33e,2025-11-20,1666.66,city,AL
f98f33e,2025-11-20,3500.0,city,JS
f98f33e,2025-11-20,666.66,city,PL
f98f33e,2025-11-20,1000.0,city,SG
f98f33e,2026-01-12,3500.0,city,JS
f98f33e,2026-02-03,142.86,city,BW
f98f33e,2026-02-03,357.14,city,DS
f98f33e,2026-02-03,714.28,city,JG
f98f33e,2026-02-03,357.14,city,MD
f98f33e,2026-02-03,285.71,city,PB
f98f33e,2026-02-03,142.86,city,PS
f98f33e,2026-02-03,285.71,city,TS
f98f33e,2026-02-10,285.71,city,MH
f98f33e,2026-02-24,714.28,city,SM
f9f0485,2026-04-29,1000.0,city,EN
f9f0485,2026-04-30,3500.0,city,BW
f9f0485,2026-04-30,3500.0,city,CZ
f9f0485,2026-04-30,3500.0,city,EL
f9f0485,2026-05-09,1000.0,city,TL
faaae94,2025-08-13,20.0,city,FO
faaae94,2025-08-19,20.0,city,NV
faaae94,2025-08-23,100.0,city,BH
faaae94,2025-08-25,125.0,city,AM
faaae94,2025-08-31,50.0,ucb,AJ
faaae94,2025-09-01,10.0,city,HM
faaae94,2025-09-02,15.0,city,VK
faaae94,2025-09-03,28.0,city,DS
faaae94,2025-09-03,30.0,city,MH
faaae94,2025-09-04,20.0,city,HM
faaae94,2025-09-04,20.0,city,VK
faaae94,2025-09-05,20.0,city,VK
faaae94,2025-09-08,250.0,city,AJ
faaae94,2025-09-08,28.0,city,MP
faaae94,2025-09-13,20.0,city,FO
faaae94,2025-09-18,100.0,city,SS
faaae94,2025-09-19,20.0,city,NV
faaae94,2025-09-21,25.0,city,VK
faaae94,2025-09-23,28.0,city,MP
faaae94,2025-09-28,125.0,city,MF
faaae94,2025-09-29,100.0,city,ES
faaae94,2025-09-30,50.0,ucb,AJ
faaae94,2025-10-01,10.0,city,HM
faaae94,2025-10-02,10.0,city,NR
faaae94,2025-10-02,15.0,city,VK
faaae94,2025-10-03,28.0,city,DS
faaae94,2025-10-03,30.0,city,MH
faaae94,2025-10-04,20.0,city,VK
faaae94,2025-10-05,20.0,city,VK
faaae94,2025-10-13,20.0,city,FO
faaae94,2025-10-14,15.0,city,DA
faaae94,2025-10-19,20.0,city,NV
faaae94,2025-10-27,27.0,city,MP
faaae94,2025-10-30,15.0,city,CT
faaae94,2025-10-31,50.0,ucb,AJ
faaae94,2025-11-01,10.0,city,HM
faaae94,2025-11-02,10.0,city,NR
faaae94,2025-11-02,15.0,city,VK
faaae94,2025-11-03,28.0,city,DS
faaae94,2025-11-03,30.0,city,MH
faaae94,2025-11-04,20.0,city,VK
faaae94,2025-11-05,20.0,city,VK
faaae94,2025-11-12,14.0,city,MP
faaae94,2025-11-13,20.0,city,FO
faaae94,2025-11-14,15.0,city,DA
faaae94,2025-11-17,14.0,city,NR
faaae94,2025-11-18,14.0,city,VK
faaae94,2025-11-19,20.0,city,NV
faaae94,2025-11-30,15.0,city,CT
faaae94,2025-11-30,50.0,ucb,AJ
faaae94,2025-12-01,10.0,city,HM
faaae94,2025-12-02,10.0,city,NR
faaae94,2025-12-02,15.0,city,VK
faaae94,2025-12-03,28.0,city,DS
faaae94,2025-12-03,30.0,city,MH
faaae94,2025-12-04,20.0,city,VK
faaae94,2025-12-05,20.0,city,VK
faaae94,2025-12-10,25.0,city,MR
faaae94,2025-12-13,20.0,city,FO
faaae94,2025-12-14,15.0,city,DA
faaae94,2025-12-18,28.0,city,MP
faaae94,2025-12-19,20.0,city,DS
faaae94,2025-12-19,20.0,city,NV
faaae94,2025-12-30,15.0,city,CT
faaae94,2025-12-30,250.0,city,MF
faaae94,2025-12-31,50.0,ucb,AJ
faaae94,2026-01-01,10.0,city,HM
faaae94,2026-01-02,10.0,city,NR
faaae94,2026-01-02,15.0,city,VK
faaae94,2026-01-03,28.0,city,DS
faaae94,2026-01-03,15.0,city,DW
faaae94,2026-01-03,30.0,city,MH
faaae94,2026-01-04,20.0,city,VK
faaae94,2026-01-05,20.0,city,VK
faaae94,2026-01-13,20.0,city,FO
faaae94,2026-01-13,7.5,city,MP
faaae94,2026-01-13,50.0,city,MP
faaae94,2026-01-14,15.0,city,DA
faaae94,2026-01-18,100.0,city,ES
faaae94,2026-01-19,20.0,city,DS
faaae94,2026-01-19,20.0,city,NV
faaae94,2026-01-30,15.0,city,CT
faaae94,2026-01-31,50.0,ucb,AJ
faaae94,2026-02-01,10.0,city,HM
faaae94,2026-02-01,28.0,city,MP
faaae94,2026-02-02,100.0,city,AM
faaae94,2026-02-02,10.0,city,NR
faaae94,2026-02-02,15.0,city,VK
faaae94,2026-02-03,28.0,city,DS
faaae94,2026-02-03,15.0,city,DW
faaae94,2026-02-03,30.0,city,MH
faaae94,2026-02-04,20.0,city,VK
faaae94,2026-02-05,20.0,city,VK
faaae94,2026-02-13,20.0,city,FO
faaae94,2026-02-13,125.0,city,MF
faaae94,2026-02-14,15.0,city,DA
faaae94,2026-02-19,20.0,city,DS
faaae94,2026-02-19,20.0,city,NV
faaae94,2026-02-27,2.5,city,MP
faaae94,2026-02-27,28.0,city,MP
faaae94,2026-02-28,50.0,ucb,AJ
faaae94,2026-03-01,10.0,city,HM
faaae94,2026-03-02,15.0,city,CT
faaae94,2026-03-02,10.0,city,NR
faaae94,2026-03-02,15.0,city,VK
faaae94,2026-03-03,28.0,city,DS
faaae94,2026-03-03,15.0,city,DW
faaae94,2026-03-04,20.0,city,VK
faaae94,2026-03-05,20.0,city,VK
faaae94,2026-03-09,10.0,city,MP
faaae94,2026-03-09,28.0,city,MP
faaae94,2026-03-09,100.0,city,VK
faaae94,2026-03-13,20.0,city,FO
faaae94,2026-03-14,15.0,city,DA
faaae94,2026-03-18,125.0,city,MF
faaae94,2026-03-19,20.0,city,DS
faaae94,2026-03-19,20.0,city,NV
faaae94,2026-03-21,125.0,city,MF
faaae94,2026-03-26,14.0,city,MP
faaae94,2026-03-30,15.0,city,CT
faaae94,2026-03-31,50.0,ucb,AJ
faaae94,2026-04-01,10.0,city,HM
faaae94,2026-04-01,250.0,city,JS
faaae94,2026-04-02,5.0,city,MP
faaae94,2026-04-02,10.0,city,NR
faaae94,2026-04-02,15.0,city,VK
faaae94,2026-04-03,28.0,city,DS
faaae94,2026-04-03,15.0,city,DW
faaae94,2026-04-03,30.0,city,MH
faaae94,2026-04-04,20.0,city,VK
faaae94,2026-04-05,20.0,city,VK
faaae94,2026-04-12,50.0,city,GZ
faaae94,2026-04-13,20.0,city,FO
faaae94,2026-04-13,25.0,city,HM
faaae94,2026-04-14,15.0,city,DA
faaae94,2026-04-19,20.0,city,DS
faaae94,2026-04-19,20.0,city,NV
faaae94,2026-04-22,5.0,city,HA
faaae94,2026-04-22,150.0,city,PS
faaae94,2026-04-26,15.0,city,HA
faaae94,2026-04-26,50.0,city,RR
faaae94,2026-04-28,10.0,city,RE
faaae94,2026-04-30,15.0,city,CT
faaae94,2026-04-30,50.0,ucb,AJ
faaae94,2026-05-01,10.0,city,HM
faaae94,2026-05-02,10.0,city,NR
faaae94,2026-05-02,15.0,city,VK
faaae94,2026-05-03,28.0,city,DS
faaae94,2026-05-03,15.0,city,DW
faaae94,2026-05-03,30.0,city,MH
faaae94,2026-05-04,20.0,city,VK
faaae94,2026-05-05,20.0,city,VK
faaae94,2026-05-06,125.0,city,AM
faaae94,2026-05-06,50.0,city,KR
faaae94,2026-05-06,125.0,city,MF
faaae94,2026-05-11,250.0,city,MF
faaae94,2026-05-11,100.0,city,MR
faaae94,2026-05-12,50.0,city,GZ
faaae94,2026-05-12,100.0,city,KR
faaae94,2026-05-13,20.0,city,FO
faaae94,2026-05-14,15.0,city,DA
faaae94,2026-05-14,100.0,city,MR
faaae94,2026-05-18,50.0,city,KR
faaae94,2026-05-19,20.0,city,DS
faaae94,2026-05-19,20.0,city,NV
faaae94,2026-05-22,5.0,city,HA
faaae94,2026-05-26,15.0,city,HA
faaae94,2026-05-26,50.0,city,RR
faaae94,2026-05-28,10.0,city,RE
faaae94,2026-05-30,15.0,city,CT
faaae94,2026-05-31,50.0,ucb,AJ
faaae94,2026-06-01,10.0,city,HM
faaae94,2026-06-02,10.0,city,NR
faaae94,2026-06-02,25.0,city,RJ
faaae94,2026-06-02,15.0,city,VK
faaae94,2026-06-03,28.0,city,DS
faaae94,2026-06-03,15.0,city,DW
faaae94,2026-06-03,30.0,city,MH
faaae94,2026-06-04,20.0,city,VK
faaae94,2026-06-05,100.0,city,AJ
faaae94,2026-06-05,20.0,city,VK
faaae94,2026-06-12,50.0,city,GZ
faaae94,2026-06-13,20.0,city,FO
faaae94,2026-06-14,15.0,city,DA
faaae94,2026-06-18,100.0,city,PB
faaae94,2026-06-19,20.0,city,DS
faaae94,2026-06-19,20.0,city,NV
faaae94,2026-06-22,5.0,city,HA
faaae94,2026-06-22,28.0,city,RJ
faaae94,2026-06-24,250.0,city,MF
faaae94,2026-06-26,15.0,city,HA
faaae94,2026-06-26,50.0,city,RR
faaae94,2026-06-27,10.0,city,MP
faaae94,2026-06-27,14.0,city,MP
faaae94,2026-06-28,100.0,city,AM
faaae94,2026-06-28,10.0,city,RE
faaae94,2026-06-30,15.0,city,CT
faaae94,2026-06-30,50.0,ucb,AJ
fb637e8,2025-08-20,100.0,city,LW
fb637e8,2025-08-21,100.0,city,JL
fb637e8,2025-08-27,50.0,city,JL
fb637e8,2025-08-28,50.0,city,JL
fb637e8,2025-09-01,250.0,city,BJ
fb637e8,2025-09-05,25.0,city,JL
fb637e8,2025-09-06,250.0,city,DE
fb637e8,2025-09-08,500.0,city,MR
fb637e8,2025-09-09,3500.0,city,SS
fb637e8,2025-09-20,50.0,city,JL
fb637e8,2025-09-20,100.0,city,LW
fb637e8,2025-09-24,250.0,city,LC
fb637e8,2025-09-27,25.0,city,LW
fb637e8,2025-09-30,250.0,city,AJ
fb637e8,2025-09-30,250.0,city,CH
fb637e8,2025-10-02,100.0,city,MS
fb637e8,2025-10-03,500.0,city,CS
fb637e8,2025-10-05,25.0,city,JL
fb637e8,2025-10-05,250.0,city,MF
fb637e8,2025-10-08,150.0,city,MN
fb637e8,2025-10-08,1000.0,city,RG
fb637e8,2025-10-09,100.0,city,MS
fb637e8,2025-10-10,100.0,city,MK
fb637e8,2025-10-12,100.0,city,JF
fb637e8,2025-10-14,200.0,city,BC
fb637e8,2025-10-15,50.0,city,LC
fb637e8,2025-10-16,250.0,city,AW
fb637e8,2025-10-16,47.0,city,CS
fb637e8,2025-10-16,250.0,city,DE
fb637e8,2025-10-20,50.0,city,JL
fb637e8,2025-10-20,100.0,city,LW
fb637e8,2025-10-22,50.0,city,JL
fb637e8,2025-10-28,100.0,city,JF
fb637e8,2025-11-01,250.0,city,DK
fb637e8,2025-11-02,100.0,city,MS
fb637e8,2025-11-05,25.0,city,JL
fb637e8,2025-11-09,100.0,city,MS
fb637e8,2025-11-10,200.0,city,BC
fb637e8,2025-11-10,100.0,city,MK
fb637e8,2025-11-11,100.0,city,DJ
fb637e8,2025-11-12,250.0,city,DD
fb637e8,2025-11-12,250.0,city,MF
fb637e8,2025-11-15,50.0,city,LC
fb637e8,2025-11-18,100.0,city,MN
fb637e8,2025-11-20,50.0,city,JL
fb637e8,2025-11-20,100.0,city,LW
fb637e8,2025-12-02,100.0,city,MS
fb637e8,2025-12-03,200.0,city,BC
fb637e8,2025-12-05,25.0,city,JL
fb637e8,2025-12-09,100.0,city,MS
fb637e8,2025-12-15,50.0,city,LC
fb637e8,2025-12-16,100.0,city,DJ
fb637e8,2025-12-20,100.0,city,LW
fb637e8,2025-12-29,50.0,city,JF
fb637e8,2026-01-02,100.0,city,BC
fb637e8,2026-01-12,50.0,city,GZ
fb637e8,2026-01-15,50.0,city,LC
fb637e8,2026-01-16,100.0,city,JF
fb637e8,2026-01-27,50.0,ucb,DE
fb637e8,2026-01-31,25.0,city,CB
fb637e8,2026-02-01,200.0,city,BC
fb637e8,2026-02-01,100.0,city,JF
fb637e8,2026-02-02,125.0,city,MS
fb637e8,2026-02-04,500.0,city,CH
fb637e8,2026-02-04,500.0,city,DE
fb637e8,2026-02-04,100.0,ucb,DE
fb637e8,2026-02-10,250.0,city,HS
fb637e8,2026-02-12,50.0,city,GZ
fb637e8,2026-02-14,100.0,city,JO
fb637e8,2026-02-15,100.0,city,JO
fb637e8,2026-02-15,50.0,city,LC
fb637e8,2026-02-17,200.0,city,BC
fb637e8,2026-02-19,500.0,city,SS
fb637e8,2026-02-22,500.0,city,CB
fb637e8,2026-02-24,500.0,city,AL
fb637e8,2026-02-25,100.0,city,AJ
fb637e8,2026-02-28,25.0,city,CB
fb637e8,2026-03-01,25.0,city,JO
fb637e8,2026-03-06,10.0,city,JH
fb637e8,2026-03-09,500.0,city,JF
fb637e8,2026-03-12,50.0,city,GZ
fb637e8,2026-03-13,200.0,city,BC
fb637e8,2026-03-15,50.0,city,LC
fb637e8,2026-03-17,25.0,city,JH
fb637e8,2026-03-17,250.0,city,LB
fb637e8,2026-03-21,125.0,city,MF
fb637e8,2026-03-26,500.0,city,PD
fb637e8,2026-03-29,100.0,city,JF
fb637e8,2026-03-30,200.0,city,BC
fb637e8,2026-03-30,100.0,city,JH
fb637e8,2026-03-31,25.0,city,CB
fb637e8,2026-04-01,100.0,city,FB
fb637e8,2026-04-01,25.0,city,JO
fb637e8,2026-04-02,50.0,city,JM
fb637e8,2026-04-02,25.0,city,PT
fb637e8,2026-04-04,100.0,city,DE
fb637e8,2026-04-05,100.0,city,DJ
fb637e8,2026-04-06,10.0,city,JH
fb637e8,2026-04-06,250.0,city,TB
fb637e8,2026-04-07,100.0,both,WT
fb637e8,2026-04-09,47.0,both,WT
fb637e8,2026-04-12,50.0,city,GZ
fb637e8,2026-04-12,100.0,city,HS
fb637e8,2026-04-13,25.0,city,JM
fb637e8,2026-04-15,25.0,city,LA
fb637e8,2026-04-15,50.0,city,LC
fb637e8,2026-04-17,25.0,city,JH
fb637e8,2026-04-18,25.0,city,JH
fb637e8,2026-04-19,50.0,city,LA
fb637e8,2026-04-20,15.0,city,JH
fb637e8,2026-04-20,25.0,city,JM
fb637e8,2026-04-23,100.0,city,JH
fb637e8,2026-04-25,50.0,city,JF
fb637e8,2026-04-27,100.0,city,GG
fb637e8,2026-04-27,25.0,city,JM
fb637e8,2026-04-27,35.0,city,PT
fb637e8,2026-04-29,250.0,city,DE
fb637e8,2026-04-30,25.0,city,CB
fb637e8,2026-04-30,200.0,city,FB
fb637e8,2026-04-30,10.0,city,JH
fb637e8,2026-04-30,25.0,city,LA
fb637e8,2026-04-30,500.0,city,SS
fb637e8,2026-05-01,50.0,city,DF
fb637e8,2026-05-01,25.0,city,JO
fb637e8,2026-05-01,250.0,city,RD
fb637e8,2026-05-02,500.0,both,JM
fb637e8,2026-05-02,25.0,city,PT
fb637e8,2026-05-03,100.0,city,DJ
fb637e8,2026-05-04,25.0,city,JM
fb637e8,2026-05-05,2000.0,city,JF
fb637e8,2026-05-06,10.0,city,JH
fb637e8,2026-05-07,25.0,city,JH
fb637e8,2026-05-09,50.0,city,JF
fb637e8,2026-05-11,25.0,city,JM
fb637e8,2026-05-11,500.0,city,RB
fb637e8,2026-05-12,50.0,city,GZ
fb637e8,2026-05-12,25.0,city,JH
fb637e8,2026-05-14,50.0,city,LA
fb637e8,2026-05-15,25.0,city,LA
fb637e8,2026-05-15,50.0,city,LC
fb637e8,2026-05-16,100.0,city,DF
fb637e8,2026-05-17,25.0,city,JH
fb637e8,2026-05-17,250.0,city,PC
fb637e8,2026-05-18,25.0,city,JM
fb637e8,2026-05-19,50.0,city,PT
fb637e8,2026-05-22,100.0,city,BC
fb637e8,2026-05-22,50.0,city,JF
fb637e8,2026-05-23,50.0,city,JH
fb637e8,2026-05-25,250.0,city,DE
fb637e8,2026-05-25,500.0,city,SS
fb637e8,2026-05-27,100.0,city,GG
fb637e8,2026-05-28,25.0,city,JM
fb637e8,2026-05-28,35.0,city,LA
fb637e8,2026-05-29,50.0,city,KV
fb637e8,2026-05-31,25.0,city,CB
fb637e8,2026-05-31,1000.0,ucb,RK
fb637e8,2026-06-01,50.0,city,PH
fb637e8,2026-06-01,50.0,city,SJ
fb637e8,2026-06-02,100.0,city,PH
fb637e8,2026-06-02,25.0,city,PT
fb637e8,2026-06-04,100.0,city,AB
fb637e8,2026-06-06,10.0,city,JH
fb637e8,2026-06-06,100.0,city,JO
fb637e8,2026-06-06,100.0,city,PC
fb637e8,2026-06-07,50.0,city,JM
fb637e8,2026-06-08,10.0,city,JF
fb637e8,2026-06-10,250.0,city,MA
fb637e8,2026-06-11,250.0,city,DE
fb637e8,2026-06-11,100.0,city,JL
fb637e8,2026-06-12,3500.0,city,AB
fb637e8,2026-06-12,50.0,city,GZ
fb637e8,2026-06-13,25.0,city,PT
fb637e8,2026-06-15,35.0,city,LA
fb637e8,2026-06-15,50.0,city,LC
fb637e8,2026-06-16,100.0,city,TB
fb637e8,2026-06-17,25.0,city,JH
fb637e8,2026-06-17,25.0,city,JH
fb637e8,2026-06-18,250.0,city,JL
fb637e8,2026-06-18,250.0,city,PM
fb637e8,2026-06-18,100.0,city,TB
fb637e8,2026-06-19,10.0,city,JH
fb637e8,2026-06-22,50.0,city,PT
fb637e8,2026-06-23,50.0,city,SJ
fb637e8,2026-06-27,100.0,city,GG
fb637e8,2026-06-27,35.0,city,JH
fb637e8,2026-06-28,25.0,city,JM
fb637e8,2026-06-28,250.0,city,WS
fb637e8,2026-06-29,250.0,city,CS
fb637e8,2026-06-29,35.0,city,KV
fb637e8,2026-06-29,100.0,city,PH
fb637e8,2026-06-30,25.0,city,CB
fb637e8,2026-06-30,250.0,city,MH
fba1a31,2026-03-18,7000.0,city,SV
fc7395a,2026-01-20,250.0,city,DM
fc7395a,2026-02-03,357.15,city,DS
fc7395a,2026-02-03,714.29,city,JG
fc7395a,2026-02-03,357.15,city,MD
fc7395a,2026-02-03,285.72,city,PB
fc7395a,2026-02-03,142.86,city,PS
fc7395a,2026-02-03,285.72,city,TS
fc7395a,2026-02-10,285.72,city,MH
fc7395a,2026-02-24,714.29,city,SM
fc7395a,2026-03-10,4545.46,city,JM
fc7395a,2026-03-25,7000.0,city,SS
fc7395a,2026-03-31,416.67,city,CC
fc7395a,2026-03-31,1666.67,city,JG
fc7395a,2026-03-31,166.67,city,MH
fc7395a,2026-03-31,166.67,city,PB
fc7395a,2026-03-31,166.67,city,PS
fc7395a,2026-03-31,3500.0,city,SG
fc7395a,2026-04-27,250.0,city,CF
fc7395a,2026-06-30,250.0,city,CC
fc7395a,2026-06-30,200.0,city,DT
fc7395a,2026-06-30,312.5,city,GK
fc7395a,2026-06-30,1500.0,city,HS
fc7395a,2026-06-30,150.0,city,HS
fc7395a,2026-06-30,1500.0,city,JG
fc7395a,2026-06-30,200.0,city,LH
fc7395a,2026-06-30,25.0,city,MH
fc7395a,2026-06-30,300.0,city,PB
fc7395a,2026-06-30,125.0,city,PS
fc7395a,2026-06-30,375.0,city,PS
fcbe149,2025-08-12,25.0,city,WW
fcbe149,2025-08-14,250.0,city,CC
fcbe149,2025-08-20,50.0,city,KS
fcbe149,2025-08-22,12.5,city,KK
fcbe149,2025-08-24,25.0,city,WW
fcbe149,2025-08-25,10.0,city,DS
fcbe149,2025-08-25,25.0,city,JC
fcbe149,2025-08-31,25.0,city,GM
fcbe149,2025-09-09,25.0,city,JC
fcbe149,2025-09-11,10.0,city,DS
fcbe149,2025-09-22,12.5,city,KK
fcbe149,2025-09-24,25.0,city,WW
fcbe149,2025-09-25,10.0,city,DS
fcbe149,2025-09-27,25.0,city,WW
fcbe149,2025-09-30,25.0,city,GM
fcbe149,2025-10-01,27.0,city,SJ
fcbe149,2025-10-02,50.0,city,AB
fcbe149,2025-10-07,25.0,city,JC
fcbe149,2025-10-09,25.0,city,WW
fcbe149,2025-10-10,50.0,city,JP
fcbe149,2025-10-11,10.0,city,DS
fcbe149,2025-10-11,10.0,city,MS
fcbe149,2025-10-19,50.0,city,AB
fcbe149,2025-10-21,25.0,city,TS
fcbe149,2025-10-22,12.5,city,KK
fcbe149,2025-10-24,25.0,city,WW
fcbe149,2025-10-25,10.0,city,DS
fcbe149,2025-10-26,500.0,city,HC
fcbe149,2025-10-31,25.0,city,GM
fcbe149,2025-10-31,13.5,city,SJ
fcbe149,2025-11-01,27.0,city,SJ
fcbe149,2025-11-01,25.0,city,WW
fcbe149,2025-11-06,10.0,city,AB
fcbe149,2025-11-07,250.0,city,AB
fcbe149,2025-11-07,25.0,city,JC
fcbe149,2025-11-10,50.0,city,JP
fcbe149,2025-11-11,10.0,city,DS
fcbe149,2025-11-13,100.0,city,AB
fcbe149,2025-11-19,25.0,city,WW
fcbe149,2025-11-21,25.0,city,TS
fcbe149,2025-11-22,12.5,city,KK
fcbe149,2025-11-24,25.0,city,WW
fcbe149,2025-11-25,10.0,city,DS
fcbe149,2025-11-29,25.0,city,DS
fcbe149,2025-11-30,25.0,city,GM
fcbe149,2025-11-30,10.0,city,MS
fcbe149,2025-12-06,22.5,city,DS
fcbe149,2025-12-06,5.0,city,MS
fcbe149,2025-12-07,25.0,city,JC
fcbe149,2025-12-08,250.0,city,JM
fcbe149,2025-12-09,50.0,city,WW
fcbe149,2025-12-10,25.0,city,JC
fcbe149,2025-12-10,50.0,city,JP
fcbe149,2025-12-11,10.0,city,DS
fcbe149,2025-12-11,500.0,city,VW
fcbe149,2025-12-12,25.0,city,JC
fcbe149,2025-12-13,100.0,city,CC
fcbe149,2025-12-14,950.0,ucb,JK
fcbe149,2025-12-16,25.0,city,DS
fcbe149,2025-12-22,25.0,city,JC
fcbe149,2025-12-26,25.0,city,JC
fcbe149,2025-12-30,25.0,city,JC
fcbe149,2026-01-01,25.0,city,DS
fcbe149,2026-01-01,50.0,city,HK
fcbe149,2026-01-05,50.0,city,HK
fcbe149,2026-01-09,100.0,city,HK
fcbe149,2026-01-13,50.0,city,HK
fcbe149,2026-01-15,50.0,city,DS
fcbe149,2026-01-18,25.0,city,HK
fcbe149,2026-01-21,1000.0,city,AD
fcbe149,2026-01-23,25.0,city,HK
fcbe149,2026-01-24,25.0,city,WW
fcbe149,2026-01-26,500.0,city,CM
fcbe149,2026-01-26,10.0,city,DS
fcbe149,2026-01-28,50.0,city,HK
fcbe149,2026-01-29,25.0,city,HK
fcbe149,2026-01-31,25.0,city,HK
fcbe149,2026-02-04,25.0,city,HK
fcbe149,2026-02-09,12.5,city,DS
fcbe149,2026-02-10,50.0,city,HK
fcbe149,2026-02-15,20.0,city,HK
fcbe149,2026-02-17,25.0,city,HK
fcbe149,2026-02-18,1000.0,city,AD
fcbe149,2026-02-18,500.0,city,BC
fcbe149,2026-02-21,50.0,city,HK
fcbe149,2026-02-22,50.0,city,WW
fcbe149,2026-02-23,50.0,city,HK
fcbe149,2026-02-25,50.0,city,WW
fcbe149,2026-02-28,25.0,city,HK
fcbe149,2026-02-28,25.0,city,WW
fcbe149,2026-03-02,100.0,city,JG
fcbe149,2026-03-02,250.0,city,MS
fcbe149,2026-03-02,50.0,city,WW
fcf5643,2025-10-16,1000.0,city,LI
fcf5643,2026-02-24,500.0,city,LI
fd5485a,2025-09-12,1000.0,city,DS
fd5485a,2026-01-05,1000.0,city,DS
fd5485a,2026-05-07,500.0,city,MS
fd96f44,2026-03-16,105.03,city,TG
fd96f44,2026-03-17,500.0,ucb,SS
fd96f44,2026-05-24,150.0,city,TH
fefb681,2025-08-14,25.0,city,AB
fefb681,2025-09-14,25.0,city,AB
fefb681,2025-10-14,25.0,city,AB
fefb681,2025-10-28,3500.0,city,TL
fefb681,2025-10-28,3500.0,city,TL
fefb681,2025-10-29,50.0,city,GG
fefb681,2025-11-14,25.0,city,AB
fefb681,2025-11-30,500.0,city,PC
fefb681,2025-12-14,25.0,city,AB
fefb681,2026-01-14,25.0,city,AB
fefb681,2026-01-28,500.0,city,SG
fefb681,2026-02-14,25.0,city,AB
fefb681,2026-02-26,100.0,city,DT
fefb681,2026-03-14,25.0,city,AB
fefb681,2026-03-18,3500.0,city,NS
fefb681,2026-03-18,3500.0,city,NS
fefb681,2026-04-14,25.0,city,AB
fefb681,2026-05-14,25.0,city,AB
fefb681,2026-06-14,5.0,city,AB
fefb681,2026-06-17,100.0,city,DT
