hash,date,amount,bucket
001f179,2026-01-27,500.0,city
001f179,2026-03-10,500.0,city
001f179,2026-03-17,250.0,city
0050738,2025-09-28,12.5,city
0050738,2025-11-22,25.0,city
0050738,2026-01-30,3500.0,city
0050738,2026-03-16,25.0,city
0050738,2026-05-26,25.0,city
0050738,2026-06-14,25.0,city
01656d6,2026-03-10,500.0,city
01b4a9a,2026-05-12,3500.0,city
01b4a9a,2026-05-12,3500.0,city
01b4a9a,2026-05-13,3500.0,city
01b4a9a,2026-05-13,3500.0,city
033d483,2026-02-17,1000.0,ucb
0343622,2025-09-16,500.0,city
036baf0,2025-09-29,250.0,city
036baf0,2025-12-19,250.0,city
042d21f,2025-11-19,100.0,city
042d21f,2026-03-06,500.0,city
042d21f,2026-04-07,500.0,city
042d21f,2026-05-13,250.0,city
042d21f,2026-06-09,15.0,city
04ccca8,2026-01-28,357.14,city
04ccca8,2026-01-28,357.14,city
04ccca8,2026-01-29,285.71,city
04ccca8,2026-01-29,714.29,city
04ccca8,2026-01-29,142.86,city
04ccca8,2026-01-29,285.71,city
04ccca8,2026-01-30,285.71,city
04ccca8,2026-02-07,3500.0,city
04ccca8,2026-02-07,3500.0,city
04ccca8,2026-02-20,714.29,city
04ccca8,2026-03-23,416.66,city
04ccca8,2026-03-23,3500.0,city
04ccca8,2026-03-23,166.66,city
04ccca8,2026-03-24,166.66,city
04ccca8,2026-03-24,1666.66,city
04ccca8,2026-03-25,166.66,city
04ccca8,2026-04-12,250.0,ucb
04ccca8,2026-04-23,100.0,city
04ccca8,2026-05-03,100.0,city
04ccca8,2026-05-13,250.0,city
04ccca8,2026-05-21,100.0,city
04ccca8,2026-06-24,500.0,city
0632894,2026-04-19,250.0,city
0641872,2025-08-22,250.0,city
0641872,2025-11-10,500.0,city
06792df,2025-08-12,3500.0,city
06792df,2025-08-26,250.0,city
06792df,2025-08-31,250.0,city
06792df,2025-09-01,250.0,city
06792df,2025-09-24,1000.0,city
06792df,2025-09-25,250.0,city
06792df,2025-09-27,333.34,city
06792df,2025-11-10,100.0,city
06792df,2025-11-11,250.0,city
06792df,2025-11-13,2000.0,city
06792df,2025-11-20,1666.67,city
06792df,2025-11-20,666.67,city
06792df,2025-11-20,3500.0,city
06792df,2025-11-20,1000.0,city
06792df,2025-11-26,166.67,city
06792df,2025-12-03,100.0,city
06792df,2025-12-04,83.34,city
06792df,2025-12-13,250.0,city
06792df,2026-01-03,333.33,city
06792df,2026-01-10,166.67,city
06792df,2026-01-13,3500.0,city
06792df,2026-01-16,166.67,city
06792df,2026-01-27,500.0,city
06792df,2026-03-06,250.0,city
06792df,2026-03-10,111.12,city
06792df,2026-03-18,500.0,city
06792df,2026-04-30,500.0,city
06792df,2026-05-02,200.0,city
06792df,2026-05-08,100.0,city
06792df,2026-05-13,100.0,city
06792df,2026-05-21,300.0,city
06792df,2026-05-22,100.0,city
06792df,2026-05-30,1500.0,city
06792df,2026-06-10,50.0,city
06792df,2026-06-12,100.0,city
06792df,2026-06-15,100.0,city
06792df,2026-06-18,100.0,city
06792df,2026-06-30,250.0,city
06f3499,2025-08-10,100.0,city
06f3499,2025-08-15,10.0,city
06f3499,2025-08-15,228.0,city
06f3499,2025-08-15,272.0,city
06f3499,2025-08-15,250.0,city
06f3499,2025-08-17,1000.0,city
06f3499,2025-08-18,25.0,city
06f3499,2025-08-21,250.0,city
06f3499,2025-08-21,250.0,city
06f3499,2025-08-21,25.0,city
06f3499,2025-08-22,1000.0,city
06f3499,2025-08-29,20.0,city
06f3499,2025-08-29,23.65,city
06f3499,2025-08-30,25.0,city
06f3499,2025-09-01,150.0,city
06f3499,2025-09-02,100.0,city
06f3499,2025-09-03,100.0,city
06f3499,2025-09-04,20.0,city
06f3499,2025-09-07,25.0,city
06f3499,2025-09-09,25.0,city
06f3499,2025-09-10,100.0,city
06f3499,2025-09-15,1000.0,city
06f3499,2025-09-16,1000.0,city
06f3499,2025-09-18,500.0,city
06f3499,2025-09-20,1000.0,city
06f3499,2025-09-20,1000.0,city
06f3499,2025-09-20,200.0,city
06f3499,2025-09-21,25.0,city
06f3499,2025-09-23,50.0,city
06f3499,2025-09-24,250.0,city
06f3499,2025-09-24,100.0,city
06f3499,2025-09-29,20.0,city
06f3499,2025-09-29,500.0,city
06f3499,2025-09-29,23.65,city
06f3499,2025-09-29,3500.0,city
06f3499,2025-09-30,200.0,both
06f3499,2025-09-30,1500.0,city
06f3499,2025-09-30,25.0,city
06f3499,2025-09-30,500.0,city
06f3499,2025-09-30,200.0,city
06f3499,2025-09-30,2500.0,ucb
06f3499,2025-09-30,2500.0,ucb
06f3499,2025-10-02,100.0,city
06f3499,2025-10-02,1000.0,city
06f3499,2025-10-03,100.0,city
06f3499,2025-10-04,20.0,city
06f3499,2025-10-07,25.0,city
06f3499,2025-10-08,750.0,city
06f3499,2025-10-10,500.0,city
06f3499,2025-10-17,500.0,city
06f3499,2025-10-17,25.0,city
06f3499,2025-10-20,500.0,city
06f3499,2025-10-21,25.0,city
06f3499,2025-10-22,250.0,city
06f3499,2025-10-24,100.0,city
06f3499,2025-10-26,10.0,city
06f3499,2025-10-26,500.0,city
06f3499,2025-10-27,50.0,city
06f3499,2025-10-28,250.0,city
06f3499,2025-10-29,20.0,city
06f3499,2025-10-29,23.65,city
06f3499,2025-10-30,25.0,city
06f3499,2025-10-30,1000.0,ucb
06f3499,2025-10-31,1000.0,city
06f3499,2025-11-02,100.0,city
06f3499,2025-11-03,1042.0,city
06f3499,2025-11-03,100.0,city
06f3499,2025-11-04,20.0,city
06f3499,2025-11-05,100.0,city
06f3499,2025-11-07,25.0,city
06f3499,2025-11-13,50.0,city
06f3499,2025-11-14,250.0,city
06f3499,2025-11-21,25.0,city
06f3499,2025-11-29,20.0,city
06f3499,2025-11-29,23.65,city
06f3499,2025-11-30,250.0,city
06f3499,2025-11-30,250.0,city
06f3499,2025-11-30,25.0,city
06f3499,2025-12-07,25.0,city
06f3499,2025-12-07,25.0,city
06f3499,2025-12-07,20.0,city
06f3499,2025-12-07,100.0,city
06f3499,2025-12-07,100.0,city
06f3499,2025-12-21,25.0,city
06f3499,2025-12-22,1000.0,city
06f3499,2025-12-29,20.0,city
06f3499,2025-12-29,23.65,city
06f3499,2025-12-30,250.0,city
06f3499,2025-12-30,250.0,city
06f3499,2025-12-30,25.0,city
06f3499,2025-12-31,500.0,city
06f3499,2025-12-31,500.0,city
06f3499,2025-12-31,100.0,city
06f3499,2026-01-02,100.0,city
06f3499,2026-01-03,100.0,city
06f3499,2026-01-04,20.0,city
06f3499,2026-01-07,25.0,city
06f3499,2026-01-13,1500.0,city
06f3499,2026-01-13,2000.0,city
06f3499,2026-01-20,100.0,city
06f3499,2026-01-21,25.0,city
06f3499,2026-01-22,10.0,city
06f3499,2026-01-22,100.0,city
06f3499,2026-01-22,25.0,city
06f3499,2026-01-24,500.0,city
06f3499,2026-01-27,1000.0,city
06f3499,2026-01-28,20.0,city
06f3499,2026-01-29,20.0,city
06f3499,2026-01-29,23.65,city
06f3499,2026-01-30,250.0,city
06f3499,2026-01-30,250.0,city
06f3499,2026-01-30,25.0,city
06f3499,2026-01-31,500.0,city
06f3499,2026-02-01,250.0,city
06f3499,2026-02-03,100.0,city
06f3499,2026-02-04,20.0,city
06f3499,2026-02-07,25.0,city
06f3499,2026-02-12,500.0,city
06f3499,2026-02-21,25.0,city
06f3499,2026-02-21,400.0,city
06f3499,2026-02-21,600.0,city
06f3499,2026-02-25,600.0,city
06f3499,2026-02-25,10.0,city
06f3499,2026-02-28,20.0,city
06f3499,2026-02-28,250.0,city
06f3499,2026-02-28,250.0,city
06f3499,2026-02-28,23.65,city
06f3499,2026-02-28,25.0,city
06f3499,2026-02-28,20.0,city
06f3499,2026-03-01,250.0,city
06f3499,2026-03-03,100.0,city
06f3499,2026-03-05,500.0,city
06f3499,2026-03-06,20.0,city
06f3499,2026-03-07,25.0,city
06f3499,2026-03-11,5.0,city
06f3499,2026-03-18,100.0,city
06f3499,2026-03-23,500.0,city
06f3499,2026-03-23,10.0,city
06f3499,2026-03-27,500.0,city
06f3499,2026-03-28,100.0,city
06f3499,2026-03-28,20.0,city
06f3499,2026-03-28,100.0,city
06f3499,2026-03-28,250.0,city
06f3499,2026-03-29,20.0,city
06f3499,2026-03-29,1000.0,city
06f3499,2026-03-29,23.65,city
06f3499,2026-03-30,250.0,city
06f3499,2026-03-30,250.0,city
06f3499,2026-03-30,25.0,city
06f3499,2026-03-31,100.0,city
06f3499,2026-03-31,500.0,city
06f3499,2026-03-31,250.0,city
06f3499,2026-03-31,500.0,city
06f3499,2026-03-31,250.0,city
06f3499,2026-03-31,1000.0,city
06f3499,2026-04-01,500.0,city
06f3499,2026-04-03,100.0,city
06f3499,2026-04-04,20.0,city
06f3499,2026-04-07,25.0,city
06f3499,2026-04-11,5.0,city
06f3499,2026-04-19,1000.0,city
06f3499,2026-04-21,25.0,city
06f3499,2026-04-28,100.0,city
06f3499,2026-04-28,20.0,city
06f3499,2026-04-29,350.0,city
06f3499,2026-04-29,20.0,city
06f3499,2026-04-29,23.65,city
06f3499,2026-04-30,250.0,city
06f3499,2026-04-30,250.0,city
06f3499,2026-04-30,25.0,city
06f3499,2026-05-03,100.0,city
06f3499,2026-05-04,20.0,city
06f3499,2026-05-06,1000.0,city
06f3499,2026-05-11,5.0,city
06f3499,2026-05-13,500.0,city
06f3499,2026-05-21,25.0,city
06f3499,2026-05-22,100.0,city
06f3499,2026-05-23,100.0,city
06f3499,2026-05-24,250.0,city
06f3499,2026-05-27,500.0,city
06f3499,2026-05-27,250.0,city
06f3499,2026-05-28,100.0,city
06f3499,2026-05-28,20.0,city
06f3499,2026-05-29,20.0,city
06f3499,2026-05-29,23.65,city
06f3499,2026-05-30,250.0,city
06f3499,2026-05-30,250.0,city
06f3499,2026-05-30,25.0,city
06f3499,2026-05-31,250.0,city
06f3499,2026-06-01,500.0,city
06f3499,2026-06-01,1000.0,city
06f3499,2026-06-01,250.0,city
06f3499,2026-06-02,200.0,city
06f3499,2026-06-03,100.0,city
06f3499,2026-06-04,20.0,city
06f3499,2026-06-09,500.0,city
06f3499,2026-06-10,250.0,city
06f3499,2026-06-11,5.0,city
06f3499,2026-06-13,100.0,city
06f3499,2026-06-17,250.0,city
06f3499,2026-06-21,100.0,city
06f3499,2026-06-21,25.0,city
06f3499,2026-06-22,250.0,city
06f3499,2026-06-23,500.0,city
06f3499,2026-06-27,100.0,city
06f3499,2026-06-27,250.0,city
06f3499,2026-06-28,20.0,city
06f3499,2026-06-28,350.0,ucb
06f3499,2026-06-29,20.0,city
06f3499,2026-06-29,500.0,city
06f3499,2026-06-29,23.65,city
06f3499,2026-06-29,250.0,city
06f3499,2026-06-30,250.0,city
06f3499,2026-06-30,25.0,city
06f3499,2026-06-30,1500.0,city
072db56,2026-04-21,1000.0,city
072db56,2026-05-21,250.0,city
072db56,2026-05-26,300.0,city
072db56,2026-05-30,250.0,city
0770f74,2026-03-31,500.0,city
0770f74,2026-06-19,500.0,city
0806e7f,2025-09-30,250.0,city
0806e7f,2026-05-27,500.0,city
0806e7f,2026-06-24,500.0,city
08106b3,2025-08-10,31.0,city
08106b3,2025-08-15,10.0,city
08106b3,2025-08-16,100.0,city
08106b3,2025-08-20,35.0,city
08106b3,2025-09-06,6.0,city
08106b3,2025-09-10,31.0,city
08106b3,2025-09-16,100.0,city
08106b3,2025-09-28,1000.0,ucb
08106b3,2025-10-10,31.0,city
08106b3,2025-10-11,30.0,city
08106b3,2025-10-16,100.0,city
08106b3,2025-10-22,25.0,city
08106b3,2025-10-23,25.0,city
08106b3,2025-10-26,25.0,city
08106b3,2025-11-10,31.0,city
08106b3,2025-11-10,50.0,city
08106b3,2025-11-11,30.0,city
08106b3,2025-11-12,250.0,city
08106b3,2025-11-12,250.0,city
08106b3,2025-11-15,100.0,city
08106b3,2025-11-16,100.0,city
08106b3,2025-11-21,100.0,city
08106b3,2025-11-22,25.0,city
08106b3,2025-11-23,25.0,city
08106b3,2025-11-26,25.0,city
08106b3,2025-12-10,31.0,city
08106b3,2025-12-10,200.0,city
08106b3,2025-12-11,30.0,city
08106b3,2025-12-12,100.0,city
08106b3,2025-12-22,25.0,city
08106b3,2025-12-23,25.0,city
08106b3,2025-12-26,25.0,city
08106b3,2026-01-10,31.0,city
08106b3,2026-01-11,30.0,city
08106b3,2026-01-20,500.0,city
08106b3,2026-01-22,25.0,city
08106b3,2026-01-23,25.0,city
08106b3,2026-01-26,25.0,city
08106b3,2026-01-27,500.0,city
08106b3,2026-01-29,250.0,city
08106b3,2026-01-30,100.0,city
08106b3,2026-02-05,250.0,city
08106b3,2026-02-09,250.0,city
08106b3,2026-02-10,250.0,city
08106b3,2026-02-10,31.0,city
08106b3,2026-02-11,30.0,city
08106b3,2026-02-13,250.0,city
08106b3,2026-02-18,100.0,city
08106b3,2026-02-19,1000.0,city
08106b3,2026-02-22,25.0,city
08106b3,2026-02-23,25.0,city
08106b3,2026-02-25,25.0,city
08106b3,2026-02-26,25.0,city
08106b3,2026-02-26,100.0,city
08106b3,2026-03-07,250.0,city
08106b3,2026-03-09,125.0,city
08106b3,2026-03-10,31.0,city
08106b3,2026-03-11,30.0,city
08106b3,2026-03-22,25.0,city
08106b3,2026-03-22,25.0,city
08106b3,2026-03-23,25.0,city
08106b3,2026-03-26,25.0,city
08106b3,2026-03-30,200.0,city
08106b3,2026-04-10,31.0,city
08106b3,2026-04-11,25.0,city
08106b3,2026-04-11,30.0,city
08106b3,2026-04-14,25.0,city
08106b3,2026-04-21,50.0,city
08106b3,2026-04-22,25.0,city
08106b3,2026-04-23,25.0,city
08106b3,2026-04-26,25.0,city
08106b3,2026-04-29,500.0,city
08106b3,2026-05-07,350.0,city
08106b3,2026-05-10,31.0,city
08106b3,2026-05-11,25.0,city
08106b3,2026-05-11,30.0,city
08106b3,2026-05-14,25.0,city
08106b3,2026-05-22,200.0,city
08106b3,2026-05-22,100.0,city
08106b3,2026-05-22,25.0,city
08106b3,2026-05-23,25.0,city
08106b3,2026-05-24,25.0,city
08106b3,2026-05-26,25.0,city
08106b3,2026-06-02,250.0,city
08106b3,2026-06-02,100.0,city
08106b3,2026-06-08,200.0,city
08106b3,2026-06-10,31.0,city
08106b3,2026-06-11,30.0,city
08106b3,2026-06-11,25.0,city
08106b3,2026-06-15,200.0,city
08106b3,2026-06-22,25.0,city
08106b3,2026-06-22,50.0,city
08106b3,2026-06-23,25.0,city
08106b3,2026-06-23,25.0,city
08106b3,2026-06-26,25.0,city
08106b3,2026-06-29,100.0,city
08106b3,2026-06-30,500.0,city
0868bb9,2025-09-11,520.51,city
0868bb9,2025-10-12,500.0,city
0868bb9,2025-10-22,104.1,city
0868bb9,2025-10-31,104.1,city
0868bb9,2026-02-23,104.1,city
0868bb9,2026-03-16,260.25,city
08928e3,2025-08-29,1000.0,city
08928e3,2025-09-10,500.0,city
08928e3,2025-09-15,250.0,city
08928e3,2025-09-30,250.0,city
08928e3,2026-01-05,500.0,city
08928e3,2026-01-24,100.0,city
08928e3,2026-01-31,100.0,city
08928e3,2026-01-31,250.0,city
08928e3,2026-03-07,250.0,city
08928e3,2026-03-08,250.0,city
08928e3,2026-03-28,100.0,city
08928e3,2026-03-30,250.0,city
08928e3,2026-05-13,500.0,city
0af1e71,2025-10-13,250.0,city
0af1e71,2026-01-21,1000.0,city
0af1e71,2026-03-13,1000.0,city
0b051b1,2025-10-01,1000.0,ucb
0be768c,2025-11-26,83.33,city
0be768c,2025-12-03,166.67,city
0be768c,2025-12-03,83.33,city
0be768c,2025-12-03,83.33,city
0be768c,2025-12-24,83.33,city
0be768c,2026-01-07,333.33,city
0be768c,2026-01-14,166.67,city
0be768c,2026-01-15,50.0,city
0be768c,2026-01-21,166.67,city
0be768c,2026-02-17,150.0,city
0be768c,2026-03-21,250.0,city
0be768c,2026-05-12,25.0,city
0be768c,2026-05-15,250.0,city
0c27d5a,2025-08-14,3500.0,city
0c27d5a,2025-08-14,3500.0,city
0c27d5a,2025-08-14,3500.0,city
0c27d5a,2025-08-14,3500.0,city
0c27d5a,2025-08-18,1500.0,city
0c27d5a,2025-08-18,250.0,city
0c27d5a,2025-08-18,1000.0,city
0c27d5a,2025-08-18,100.0,city
0c27d5a,2025-08-18,100.0,city
0c27d5a,2025-08-19,100.0,city
0c27d5a,2025-08-20,250.0,city
0c27d5a,2025-08-20,250.0,city
0c27d5a,2025-08-25,200.0,city
0c27d5a,2025-08-25,250.0,city
0c27d5a,2025-08-26,250.0,city
0c27d5a,2025-08-27,500.0,city
0c27d5a,2025-08-29,250.0,city
0c27d5a,2025-08-31,250.0,city
0c27d5a,2025-08-31,1000.0,city
0c27d5a,2025-09-09,1000.0,city
0c27d5a,2025-09-09,500.0,city
0c27d5a,2025-09-16,500.0,city
0c27d5a,2025-09-18,100.0,city
0c27d5a,2025-09-20,100.0,city
0c27d5a,2025-09-26,250.0,city
0c27d5a,2025-09-26,200.0,city
0c27d5a,2025-09-29,250.0,city
0c27d5a,2025-10-01,25.0,city
0c27d5a,2025-10-01,6.0,city
0c27d5a,2025-10-08,50.0,city
0c27d5a,2025-10-09,100.0,city
0c27d5a,2025-10-14,100.0,city
0c27d5a,2025-10-16,1500.0,city
0c27d5a,2025-10-18,50.0,city
0c27d5a,2025-10-18,100.0,city
0c27d5a,2025-10-20,250.0,city
0c27d5a,2025-10-21,500.0,city
0c27d5a,2025-10-21,200.0,city
0c27d5a,2025-10-24,100.0,city
0c27d5a,2025-10-25,125.0,city
0c27d5a,2025-10-28,750.0,city
0c27d5a,2025-10-28,25.0,city
0c27d5a,2025-10-30,50.0,city
0c27d5a,2025-10-30,25.0,city
0c27d5a,2025-10-30,50.0,city
0c27d5a,2025-10-31,250.0,city
0c27d5a,2025-11-02,100.0,city
0c27d5a,2025-11-02,100.0,city
0c27d5a,2025-11-03,500.0,both
0c27d5a,2025-11-06,250.0,city
0c27d5a,2025-11-06,200.0,city
0c27d5a,2025-11-07,500.0,city
0c27d5a,2025-11-07,250.0,city
0c27d5a,2025-11-09,50.0,city
0c27d5a,2025-11-10,2500.0,city
0c27d5a,2025-11-11,500.0,city
0c27d5a,2025-11-13,500.0,city
0c27d5a,2025-11-15,100.0,city
0c27d5a,2025-11-16,250.0,city
0c27d5a,2025-11-18,50.0,city
0c27d5a,2025-11-18,500.0,city
0c27d5a,2025-11-18,500.0,city
0c27d5a,2025-11-20,250.0,city
0c27d5a,2025-11-21,100.0,city
0c27d5a,2025-11-25,200.0,city
0c27d5a,2025-11-28,25.0,city
0c27d5a,2025-11-30,200.0,city
0c27d5a,2025-11-30,250.0,city
0c27d5a,2025-12-02,25.0,city
0c27d5a,2025-12-06,1000.0,city
0c27d5a,2025-12-09,50.0,city
0c27d5a,2025-12-14,100.0,city
0c27d5a,2025-12-16,7.5,city
0c27d5a,2025-12-16,250.0,city
0c27d5a,2025-12-17,500.0,city
0c27d5a,2025-12-18,50.0,city
0c27d5a,2025-12-21,12.5,city
0c27d5a,2025-12-28,25.0,city
0c27d5a,2025-12-29,75.0,city
0c27d5a,2026-01-03,12.5,city
0c27d5a,2026-01-06,100.0,city
0c27d5a,2026-01-09,100.0,city
0c27d5a,2026-01-09,50.0,city
0c27d5a,2026-01-11,10.0,city
0c27d5a,2026-01-13,15.0,city
0c27d5a,2026-01-13,200.0,city
0c27d5a,2026-01-14,15.0,city
0c27d5a,2026-01-14,100.0,city
0c27d5a,2026-01-16,15.0,city
0c27d5a,2026-01-18,50.0,city
0c27d5a,2026-01-19,150.0,city
0c27d5a,2026-01-19,50.0,city
0c27d5a,2026-01-21,250.0,city
0c27d5a,2026-01-25,15.0,city
0c27d5a,2026-01-27,1500.0,city
0c27d5a,2026-01-27,15.0,city
0c27d5a,2026-01-27,500.0,city
0c27d5a,2026-01-28,25.0,city
0c27d5a,2026-01-28,50.0,city
0c27d5a,2026-01-31,40.0,city
0c27d5a,2026-01-31,15.0,city
0c27d5a,2026-01-31,250.0,city
0c27d5a,2026-01-31,150.0,city
0c27d5a,2026-02-02,1000.0,city
0c27d5a,2026-02-04,50.0,city
0c27d5a,2026-02-05,1000.0,city
0c27d5a,2026-02-06,100.0,city
0c27d5a,2026-02-09,100.0,city
0c27d5a,2026-02-09,100.0,city
0c27d5a,2026-02-09,100.0,city
0c27d5a,2026-02-09,50.0,city
0c27d5a,2026-02-10,250.0,city
0c27d5a,2026-02-10,250.0,city
0c27d5a,2026-02-11,10.0,city
0c27d5a,2026-02-11,500.0,city
0c27d5a,2026-02-11,500.0,city
0c27d5a,2026-02-13,500.0,city
0c27d5a,2026-02-13,15.0,city
0c27d5a,2026-02-13,200.0,city
0c27d5a,2026-02-14,25.0,city
0c27d5a,2026-02-15,100.0,city
0c27d5a,2026-02-17,50.0,city
0c27d5a,2026-02-17,250.0,city
0c27d5a,2026-02-17,250.0,city
0c27d5a,2026-02-17,100.0,city
0c27d5a,2026-02-18,50.0,city
0c27d5a,2026-02-18,500.0,city
0c27d5a,2026-02-19,500.0,city
0c27d5a,2026-02-19,500.0,city
0c27d5a,2026-02-20,100.0,city
0c27d5a,2026-02-20,1000.0,city
0c27d5a,2026-02-20,200.0,city
0c27d5a,2026-02-21,1000.0,city
0c27d5a,2026-02-22,40.0,city
0c27d5a,2026-02-24,100.0,city
0c27d5a,2026-02-25,250.0,city
0c27d5a,2026-02-25,50.0,city
0c27d5a,2026-02-27,15.0,city
0c27d5a,2026-02-27,500.0,city
0c27d5a,2026-02-28,25.0,city
0c27d5a,2026-02-28,20.0,city
0c27d5a,2026-02-28,250.0,city
0c27d5a,2026-02-28,50.0,city
0c27d5a,2026-03-04,100.0,city
0c27d5a,2026-03-06,250.0,city
0c27d5a,2026-03-06,100.0,city
0c27d5a,2026-03-06,15.0,city
0c27d5a,2026-03-06,250.0,city
0c27d5a,2026-03-07,500.0,ucb
0c27d5a,2026-03-08,50.0,city
0c27d5a,2026-03-09,50.0,city
0c27d5a,2026-03-10,500.0,city
0c27d5a,2026-03-11,10.0,city
0c27d5a,2026-03-11,15.0,city
0c27d5a,2026-03-11,250.0,city
0c27d5a,2026-03-12,15.0,city
0c27d5a,2026-03-12,100.0,city
0c27d5a,2026-03-13,500.0,both
0c27d5a,2026-03-13,500.0,city
0c27d5a,2026-03-14,25.0,city
0c27d5a,2026-03-16,500.0,city
0c27d5a,2026-03-16,250.0,city
0c27d5a,2026-03-16,20.0,city
0c27d5a,2026-03-16,50.0,city
0c27d5a,2026-03-16,200.0,city
0c27d5a,2026-03-17,50.0,city
0c27d5a,2026-03-18,50.0,city
0c27d5a,2026-03-18,15.0,city
0c27d5a,2026-03-18,250.0,city
0c27d5a,2026-03-19,15.0,city
0c27d5a,2026-03-19,100.0,city
0c27d5a,2026-03-20,200.0,city
0c27d5a,2026-03-22,100.0,city
0c27d5a,2026-03-25,250.0,city
0c27d5a,2026-03-25,500.0,city
0c27d5a,2026-03-25,50.0,city
0c27d5a,2026-03-25,50.0,city
0c27d5a,2026-03-26,25.0,city
0c27d5a,2026-03-28,25.0,city
0c27d5a,2026-03-28,50.0,city
0c27d5a,2026-03-29,50.0,city
0c27d5a,2026-03-30,100.0,city
0c27d5a,2026-03-30,40.0,city
0c27d5a,2026-03-31,300.0,city
0c27d5a,2026-03-31,100.0,city
0c27d5a,2026-03-31,250.0,city
0c27d5a,2026-03-31,1000.0,city
0c27d5a,2026-03-31,100.0,city
0c27d5a,2026-03-31,250.0,ucb
0c27d5a,2026-04-01,250.0,both
0c27d5a,2026-04-01,250.0,city
0c27d5a,2026-04-01,50.0,city
0c27d5a,2026-04-01,10.0,city
0c27d5a,2026-04-02,25.0,city
0c27d5a,2026-04-03,100.0,city
0c27d5a,2026-04-04,200.0,city
0c27d5a,2026-04-06,500.0,city
0c27d5a,2026-04-06,3000.0,ucb
0c27d5a,2026-04-08,50.0,city
0c27d5a,2026-04-08,750.0,city
0c27d5a,2026-04-08,50.0,city
0c27d5a,2026-04-09,50.0,city
0c27d5a,2026-04-09,25.0,city
0c27d5a,2026-04-09,200.0,city
0c27d5a,2026-04-11,10.0,city
0c27d5a,2026-04-12,250.0,city
0c27d5a,2026-04-13,250.0,city
0c27d5a,2026-04-14,250.0,city
0c27d5a,2026-04-14,200.0,city
0c27d5a,2026-04-15,25.0,city
0c27d5a,2026-04-16,25.0,city
0c27d5a,2026-04-17,50.0,city
0c27d5a,2026-04-18,50.0,city
0c27d5a,2026-04-18,25.0,city
0c27d5a,2026-04-18,10.0,city
0c27d5a,2026-04-18,50.0,city
0c27d5a,2026-04-19,1000.0,city
0c27d5a,2026-04-19,200.0,city
0c27d5a,2026-04-26,50.0,city
0c27d5a,2026-04-26,250.0,city
0c27d5a,2026-04-26,50.0,city
0c27d5a,2026-04-26,100.0,city
0c27d5a,2026-04-26,25.0,city
0c27d5a,2026-04-26,200.0,city
0c27d5a,2026-04-26,1900.0,city
0c27d5a,2026-04-26,3100.0,city
0c27d5a,2026-04-26,25.0,city
0c27d5a,2026-04-26,5.0,city
0c27d5a,2026-04-26,50.0,city
0c27d5a,2026-04-26,25.0,city
0c27d5a,2026-04-26,50.0,city
0c27d5a,2026-04-26,25.0,city
0c27d5a,2026-04-26,200.0,city
0c27d5a,2026-04-26,200.0,city
0c27d5a,2026-04-26,1000.0,ucb
0c27d5a,2026-04-27,25.0,city
0c27d5a,2026-04-28,25.0,city
0c27d5a,2026-04-28,100.0,city
0c27d5a,2026-04-28,50.0,city
0c27d5a,2026-04-28,500.0,ucb
0c27d5a,2026-04-29,50.0,city
0c27d5a,2026-04-29,25.0,city
0c27d5a,2026-04-29,50.0,city
0c27d5a,2026-04-29,200.0,city
0c27d5a,2026-04-30,25.0,city
0c27d5a,2026-04-30,200.0,city
0c27d5a,2026-04-30,25.0,city
0c27d5a,2026-05-02,25.0,city
0c27d5a,2026-05-04,20.0,city
0c27d5a,2026-05-05,100.0,city
0c27d5a,2026-05-05,25.0,city
0c27d5a,2026-05-05,100.0,city
0c27d5a,2026-05-05,200.0,city
0c27d5a,2026-05-05,200.0,city
0c27d5a,2026-05-06,125.0,city
0c27d5a,2026-05-06,250.0,city
0c27d5a,2026-05-06,125.0,city
0c27d5a,2026-05-06,200.0,city
0c27d5a,2026-05-06,125.0,city
0c27d5a,2026-05-07,15.0,city
0c27d5a,2026-05-08,10.0,city
0c27d5a,2026-05-08,50.0,city
0c27d5a,2026-05-08,75.0,city
0c27d5a,2026-05-09,500.0,city
0c27d5a,2026-05-09,25.0,city
0c27d5a,2026-05-10,1000.0,city
0c27d5a,2026-05-11,10.0,city
0c27d5a,2026-05-13,500.0,city
0c27d5a,2026-05-14,100.0,city
0c27d5a,2026-05-14,100.0,city
0c27d5a,2026-05-14,10.0,city
0c27d5a,2026-05-15,100.0,city
0c27d5a,2026-05-17,50.0,city
0c27d5a,2026-05-18,50.0,city
0c27d5a,2026-05-18,10.0,city
0c27d5a,2026-05-19,25.0,city
0c27d5a,2026-05-20,62.5,city
0c27d5a,2026-05-20,1000.0,city
0c27d5a,2026-05-20,200.0,city
0c27d5a,2026-05-21,500.0,city
0c27d5a,2026-05-22,250.0,city
0c27d5a,2026-05-23,5.0,city
0c27d5a,2026-05-23,25.0,city
0c27d5a,2026-05-24,25.0,city
0c27d5a,2026-05-25,25.0,city
0c27d5a,2026-05-25,50.0,city
0c27d5a,2026-05-26,250.0,city
0c27d5a,2026-05-26,250.0,city
0c27d5a,2026-05-26,50.0,city
0c27d5a,2026-05-27,25.0,city
0c27d5a,2026-05-27,100.0,city
0c27d5a,2026-05-27,25.0,city
0c27d5a,2026-05-27,12.5,city
0c27d5a,2026-05-28,25.0,city
0c27d5a,2026-05-28,100.0,city
0c27d5a,2026-05-28,50.0,city
0c27d5a,2026-05-30,25.0,city
0c27d5a,2026-05-31,100.0,city
0c27d5a,2026-06-01,250.0,city
0c27d5a,2026-06-01,1000.0,city
0c27d5a,2026-06-02,100.0,city
0c27d5a,2026-06-04,80.0,city
0c27d5a,2026-06-05,200.0,city
0c27d5a,2026-06-06,250.0,city
0c27d5a,2026-06-06,400.0,city
0c27d5a,2026-06-07,15.0,city
0c27d5a,2026-06-07,10.0,city
0c27d5a,2026-06-08,200.0,city
0c27d5a,2026-06-08,10.0,city
0c27d5a,2026-06-08,50.0,city
0c27d5a,2026-06-09,25.0,city
0c27d5a,2026-06-11,10.0,city
0c27d5a,2026-06-11,125.0,city
0c27d5a,2026-06-11,25.0,city
0c27d5a,2026-06-12,3500.0,city
0c27d5a,2026-06-14,25.0,city
0c27d5a,2026-06-14,50.0,city
0c27d5a,2026-06-14,10.0,city
0c27d5a,2026-06-16,100.0,city
0c27d5a,2026-06-18,50.0,city
0c27d5a,2026-06-18,10.0,city
0c27d5a,2026-06-19,250.0,city
0c27d5a,2026-06-19,25.0,city
0c27d5a,2026-06-19,25.0,city
0c27d5a,2026-06-20,107.0,city
0c27d5a,2026-06-20,150.0,city
0c27d5a,2026-06-20,200.0,city
0c27d5a,2026-06-20,500.0,city
0c27d5a,2026-06-20,50.0,city
0c27d5a,2026-06-21,100.0,city
0c27d5a,2026-06-21,25.0,city
0c27d5a,2026-06-22,250.0,city
0c27d5a,2026-06-23,125.0,city
0c27d5a,2026-06-23,5.0,city
0c27d5a,2026-06-23,25.0,city
0c27d5a,2026-06-24,250.0,city
0c27d5a,2026-06-24,2000.0,city
0c27d5a,2026-06-24,100.0,city
0c27d5a,2026-06-24,25.0,city
0c27d5a,2026-06-25,500.0,city
0c27d5a,2026-06-25,500.0,city
0c27d5a,2026-06-25,50.0,city
0c27d5a,2026-06-26,500.0,city
0c27d5a,2026-06-27,1000.0,city
0c27d5a,2026-06-27,25.0,city
0c27d5a,2026-06-27,25.0,city
0c27d5a,2026-06-28,25.0,city
0c27d5a,2026-06-28,100.0,city
0c27d5a,2026-06-28,50.0,city
0c27d5a,2026-06-29,50.0,city
0c27d5a,2026-06-29,83.33,city
0c27d5a,2026-06-30,250.0,city
0c27d5a,2026-06-30,250.0,city
0c27d5a,2026-06-30,3500.0,city
0c27d5a,2026-06-30,100.0,city
0c27d5a,2026-06-30,500.0,city
0c27d5a,2026-06-30,1000.0,ucb
0c5146d,2025-08-29,50.0,city
0c5146d,2025-09-29,50.0,city
0c5146d,2025-10-29,50.0,city
0c5146d,2025-11-29,50.0,city
0c5146d,2026-01-29,50.0,city
0c5146d,2026-02-28,50.0,city
0c5146d,2026-03-29,50.0,city
0c5146d,2026-04-29,50.0,city
0c5146d,2026-05-29,50.0,city
0c5146d,2026-06-29,50.0,city
0cea768,2026-03-20,3500.0,city
0cea768,2026-03-20,3500.0,city
0cea768,2026-03-31,3500.0,city
0cea768,2026-03-31,3500.0,city
0cea768,2026-03-31,3500.0,city
0cea768,2026-03-31,3500.0,city
0cf6469,2025-12-15,1000.0,ucb
0e2d8e9,2026-02-27,500.0,city
0e9578e,2026-06-11,250.0,city
0edec3c,2026-03-16,500.0,city
0f220f3,2025-09-08,3500.0,city
0f220f3,2025-09-08,2500.0,city
0f220f3,2025-09-08,3500.0,city
0f220f3,2025-09-08,3500.0,city
0f220f3,2025-09-11,3500.0,city
0f220f3,2025-09-11,3500.0,city
0f72616,2025-10-17,3500.0,city
0f72616,2025-10-17,1705.08,city
0f72616,2025-11-03,3500.0,city
0f72616,2025-11-03,143.56,city
0f72616,2025-11-03,3356.44,city
0f72616,2025-11-03,287.12,city
0fe9bf7,2025-08-29,100.0,city
0fe9bf7,2025-09-13,100.0,city
0fe9bf7,2025-09-26,250.0,city
0fe9bf7,2025-10-15,100.0,city
0fe9bf7,2025-10-22,100.0,city
0fe9bf7,2025-11-28,500.0,city
0fe9bf7,2025-11-28,250.0,city
0fe9bf7,2025-11-30,100.0,city
0fe9bf7,2025-11-30,100.0,city
0fe9bf7,2026-01-15,48.0,city
0fe9bf7,2026-01-23,25.0,city
0fe9bf7,2026-02-08,250.0,city
0fe9bf7,2026-02-08,250.0,city
0fe9bf7,2026-02-16,5.0,city
0fe9bf7,2026-02-20,100.0,city
0fe9bf7,2026-02-20,100.0,city
0fe9bf7,2026-02-23,100.0,city
0fe9bf7,2026-02-23,25.0,city
0fe9bf7,2026-03-23,25.0,city
0fe9bf7,2026-04-23,25.0,city
0fe9bf7,2026-05-23,25.0,city
103d9b8,2026-03-29,3500.0,city
103d9b8,2026-05-23,100.0,city
103d9b8,2026-05-23,100.0,city
103d9b8,2026-06-09,250.0,city
104e823,2025-12-10,500.0,city
104e823,2025-12-10,250.0,city
104e823,2025-12-29,250.0,city
104e823,2026-02-10,500.0,city
104e823,2026-02-26,3250.0,city
104e823,2026-02-26,250.0,city
104e823,2026-02-26,250.0,city
104e823,2026-02-28,1000.0,both
106ed32,2025-10-15,500.0,city
111f82e,2025-08-26,100.0,city
111f82e,2025-09-06,100.0,city
111f82e,2025-09-17,100.0,city
111f82e,2025-09-29,50.0,city
111f82e,2025-12-19,500.0,city
111f82e,2026-01-30,200.0,city
11459de,2026-05-12,300.0,city
1298f2b,2026-03-16,520.51,ucb
12be4ce,2025-09-23,250.0,city
12db45b,2025-10-08,2500.0,city
12db45b,2025-10-15,1500.0,city
12db45b,2025-10-15,100.0,ucb
12db45b,2025-10-31,500.0,city
12db45b,2025-12-08,250.0,city
12db45b,2025-12-08,250.0,ucb
12db45b,2025-12-14,500.0,ucb
12db45b,2025-12-14,200.0,ucb
12db45b,2025-12-22,750.0,city
12db45b,2025-12-23,500.0,ucb
12db45b,2026-03-07,26.0,ucb
12db45b,2026-06-03,250.0,city
1421eae,2025-09-29,50.0,city
1421eae,2025-10-29,50.0,city
1421eae,2025-10-31,7000.0,city
1421eae,2025-11-14,250.0,city
1421eae,2025-11-29,50.0,city
1421eae,2025-12-29,50.0,city
1421eae,2026-01-29,50.0,city
14a7f32,2025-08-19,2000.0,city
14a7f32,2025-08-19,500.0,city
14a7f32,2025-08-19,3500.0,city
14a7f32,2025-08-19,1000.0,city
14a7f32,2025-08-21,3500.0,city
14a7f32,2025-08-21,3500.0,city
15cc3db,2026-03-10,2000.0,city
15cc3db,2026-03-12,2000.0,city
1640d41,2025-09-13,25.0,city
1645d66,2026-02-23,1000.0,city
1702f22,2026-01-07,100.0,city
1702f22,2026-03-28,100.0,city
1702f22,2026-04-28,100.0,city
17cf523,2025-08-10,17.5,city
17cf523,2025-08-31,25.0,city
17cf523,2025-09-02,10.0,city
17cf523,2025-09-10,17.5,city
17cf523,2025-09-30,25.0,city
17cf523,2025-10-02,10.0,city
17cf523,2025-10-10,17.5,city
17cf523,2025-10-31,25.0,city
17cf523,2025-11-02,10.0,city
17cf523,2025-11-10,17.5,city
17cf523,2025-11-30,25.0,city
17cf523,2025-12-02,10.0,city
17cf523,2025-12-10,17.5,city
17cf523,2025-12-31,25.0,city
17cf523,2026-01-02,10.0,city
17cf523,2026-01-10,17.5,city
17cf523,2026-01-31,25.0,city
17cf523,2026-02-02,10.0,city
17cf523,2026-02-10,17.5,city
17cf523,2026-02-28,25.0,city
17cf523,2026-03-02,10.0,city
17cf523,2026-03-10,17.5,city
17cf523,2026-03-31,25.0,city
17cf523,2026-04-10,17.5,city
17cf523,2026-04-30,25.0,city
17cf523,2026-05-02,10.0,city
17cf523,2026-05-10,17.5,city
17cf523,2026-05-31,25.0,city
17cf523,2026-06-01,250.0,city
17cf523,2026-06-10,17.5,city
17cf523,2026-06-30,25.0,city
18c187c,2025-08-01,30.0,both
18c187c,2025-08-13,50.0,city
18c187c,2025-08-13,25.0,city
18c187c,2025-08-15,5.4,city
18c187c,2025-08-21,10.0,city
18c187c,2025-08-23,15.0,city
18c187c,2025-08-24,15.0,city
18c187c,2025-08-27,10.0,city
18c187c,2025-08-30,16.67,city
18c187c,2025-09-01,30.0,both
18c187c,2025-09-05,100.0,city
18c187c,2025-09-06,25.0,city
18c187c,2025-09-07,25.0,city
18c187c,2025-09-07,15.0,city
18c187c,2025-09-08,3.5,city
18c187c,2025-09-13,50.0,city
18c187c,2025-09-13,25.0,city
18c187c,2025-09-15,5.4,city
18c187c,2025-09-21,10.0,city
18c187c,2025-09-23,15.0,city
18c187c,2025-09-24,15.0,city
18c187c,2025-09-27,10.0,city
18c187c,2025-09-30,16.67,city
18c187c,2025-10-01,30.0,both
18c187c,2025-10-06,25.0,city
18c187c,2025-10-07,15.0,city
18c187c,2025-10-07,10.0,city
18c187c,2025-10-07,25.0,city
18c187c,2025-10-08,3.5,city
18c187c,2025-10-13,50.0,city
18c187c,2025-10-13,25.0,city
18c187c,2025-10-15,5.4,city
18c187c,2025-10-21,10.0,city
18c187c,2025-10-23,15.0,city
18c187c,2025-10-24,15.0,city
18c187c,2025-10-24,5.0,city
18c187c,2025-10-26,3.6,both
18c187c,2025-10-27,7.2,both
18c187c,2025-10-27,10.0,city
18c187c,2025-10-29,15.0,city
18c187c,2025-10-30,100.0,city
18c187c,2025-10-30,16.67,city
18c187c,2025-11-01,30.0,both
18c187c,2025-11-06,25.0,city
18c187c,2025-11-07,25.0,city
18c187c,2025-11-07,10.0,city
18c187c,2025-11-07,15.0,city
18c187c,2025-11-08,3.5,city
18c187c,2025-11-13,50.0,city
18c187c,2025-11-15,5.4,city
18c187c,2025-11-21,10.0,city
18c187c,2025-11-22,50.0,city
18c187c,2025-11-23,15.0,city
18c187c,2025-11-23,15.0,city
18c187c,2025-11-24,15.0,city
18c187c,2025-11-24,5.0,city
18c187c,2025-11-26,3.6,both
18c187c,2025-11-27,7.2,both
18c187c,2025-11-29,15.0,city
18c187c,2025-11-30,16.67,city
18c187c,2025-12-01,30.0,both
18c187c,2025-12-06,25.0,city
18c187c,2025-12-07,15.0,city
18c187c,2025-12-07,25.0,city
18c187c,2025-12-07,10.0,city
18c187c,2025-12-08,3.5,city
18c187c,2025-12-13,50.0,city
18c187c,2025-12-15,5.4,city
18c187c,2025-12-21,10.0,city
18c187c,2025-12-23,15.0,city
18c187c,2025-12-23,15.0,city
18c187c,2025-12-24,5.0,city
18c187c,2025-12-24,15.0,city
18c187c,2025-12-26,3.6,both
18c187c,2025-12-27,7.2,both
18c187c,2025-12-29,15.0,city
18c187c,2025-12-30,16.67,city
18c187c,2025-12-31,750.0,city
18c187c,2026-01-01,30.0,both
18c187c,2026-01-06,25.0,city
18c187c,2026-01-07,25.0,city
18c187c,2026-01-07,15.0,city
18c187c,2026-01-07,10.0,city
18c187c,2026-01-08,3.5,city
18c187c,2026-01-12,15.0,city
18c187c,2026-01-13,50.0,city
18c187c,2026-01-14,5.0,city
18c187c,2026-01-15,5.4,city
18c187c,2026-01-18,10.0,city
18c187c,2026-01-21,10.0,city
18c187c,2026-01-23,15.0,city
18c187c,2026-01-23,15.0,city
18c187c,2026-01-24,5.0,city
18c187c,2026-01-24,15.0,city
18c187c,2026-01-25,100.0,city
18c187c,2026-01-26,3.6,both
18c187c,2026-01-29,15.0,city
18c187c,2026-01-29,50.0,city
18c187c,2026-01-30,16.67,city
18c187c,2026-02-01,30.0,both
18c187c,2026-02-03,250.0,city
18c187c,2026-02-06,25.0,city
18c187c,2026-02-07,15.0,city
18c187c,2026-02-07,25.0,city
18c187c,2026-02-07,10.0,city
18c187c,2026-02-08,3.5,city
18c187c,2026-02-12,15.0,city
18c187c,2026-02-14,5.0,city
18c187c,2026-02-15,5.4,city
18c187c,2026-02-18,10.0,city
18c187c,2026-02-21,10.0,city
18c187c,2026-02-23,15.0,city
18c187c,2026-02-23,15.0,city
18c187c,2026-02-24,15.0,city
18c187c,2026-02-24,5.0,city
18c187c,2026-02-26,3.6,both
18c187c,2026-02-26,15.0,city
18c187c,2026-02-27,7.2,both
18c187c,2026-02-28,50.0,city
18c187c,2026-02-28,15.0,city
18c187c,2026-02-28,16.67,city
18c187c,2026-03-01,30.0,both
18c187c,2026-03-06,25.0,city
18c187c,2026-03-07,25.0,city
18c187c,2026-03-07,10.0,city
18c187c,2026-03-07,15.0,city
18c187c,2026-03-08,3.5,city
18c187c,2026-03-12,15.0,city
18c187c,2026-03-14,5.0,city
18c187c,2026-03-15,5.4,city
18c187c,2026-03-18,10.0,city
18c187c,2026-03-21,10.0,city
18c187c,2026-03-23,15.0,city
18c187c,2026-03-23,15.0,city
18c187c,2026-03-24,15.0,city
18c187c,2026-03-24,5.0,city
18c187c,2026-03-26,3.6,both
18c187c,2026-03-27,7.2,both
18c187c,2026-03-29,50.0,city
18c187c,2026-03-29,15.0,city
18c187c,2026-03-30,16.67,city
18c187c,2026-04-01,30.0,both
18c187c,2026-04-06,25.0,city
18c187c,2026-04-07,15.0,city
18c187c,2026-04-07,25.0,city
18c187c,2026-04-07,25.0,city
18c187c,2026-04-08,3.5,city
18c187c,2026-04-14,5.0,city
18c187c,2026-04-15,5.4,city
18c187c,2026-04-21,10.0,city
18c187c,2026-04-23,15.0,city
18c187c,2026-04-23,15.0,city
18c187c,2026-04-24,15.0,city
18c187c,2026-04-26,3.6,both
18c187c,2026-04-27,7.2,both
18c187c,2026-04-29,50.0,city
18c187c,2026-04-29,15.0,city
18c187c,2026-04-30,16.67,city
18c187c,2026-05-01,30.0,both
18c187c,2026-05-06,25.0,city
18c187c,2026-05-07,25.0,city
18c187c,2026-05-07,15.0,city
18c187c,2026-05-08,3.5,city
18c187c,2026-05-09,50.0,city
18c187c,2026-05-14,5.0,city
18c187c,2026-05-15,5.4,city
18c187c,2026-05-21,10.0,city
18c187c,2026-05-23,15.0,city
18c187c,2026-05-23,15.0,city
18c187c,2026-05-24,15.0,city
18c187c,2026-05-26,3.6,both
18c187c,2026-05-27,7.2,both
18c187c,2026-05-27,3.0,city
18c187c,2026-05-29,15.0,city
18c187c,2026-05-29,50.0,city
18c187c,2026-05-30,16.67,city
18c187c,2026-06-01,30.0,both
18c187c,2026-06-04,15.0,city
18c187c,2026-06-06,25.0,city
18c187c,2026-06-07,15.0,city
18c187c,2026-06-07,25.0,city
18c187c,2026-06-08,3.5,city
18c187c,2026-06-11,500.0,city
18c187c,2026-06-14,5.0,city
18c187c,2026-06-15,5.4,city
18c187c,2026-06-21,10.0,city
18c187c,2026-06-23,15.0,city
18c187c,2026-06-23,15.0,city
18c187c,2026-06-24,15.0,city
18c187c,2026-06-26,3.6,both
18c187c,2026-06-27,7.2,both
18c187c,2026-06-29,15.0,city
18c187c,2026-06-29,50.0,city
18c187c,2026-06-30,25.0,city
18c187c,2026-06-30,16.67,city
1958cc1,2025-11-12,250.0,city
1958cc1,2025-11-20,250.0,city
1958cc1,2026-01-13,100.0,city
1958cc1,2026-02-02,1000.0,city
1958cc1,2026-03-31,250.0,ucb
1958cc1,2026-05-20,200.0,city
1958cc1,2026-06-02,250.0,city
1958cc1,2026-06-18,500.0,city
1958cc1,2026-06-21,50.0,city
19c85c1,2025-09-12,3500.0,city
19c85c1,2025-09-12,3500.0,city
19c85c1,2025-09-27,333.33,city
19c85c1,2026-02-09,833.33,ucb
19c85c1,2026-03-09,1045.46,city
19c85c1,2026-03-09,3500.0,city
19c85c1,2026-06-09,250.0,city
19c85c1,2026-06-29,666.66,city
19c85c1,2026-06-29,375.0,city
19c85c1,2026-06-29,312.5,city
19c85c1,2026-06-29,250.0,city
19c85c1,2026-06-29,1500.0,city
19c85c1,2026-06-29,3500.0,city
19c85c1,2026-06-30,300.0,city
1a7a800,2026-03-16,200.0,city
1a7a800,2026-03-25,100.0,city
1a7a800,2026-06-06,500.0,city
1b3ae97,2025-08-13,50.0,city
1b3ae97,2025-08-15,38.0,city
1b3ae97,2025-08-28,50.0,city
1b3ae97,2025-09-01,38.0,city
1b3ae97,2025-09-13,50.0,city
1b3ae97,2025-11-21,100.0,city
1b3ae97,2025-12-15,100.0,city
1bbe9dc,2025-10-31,200.0,city
1bbe9dc,2025-10-31,100.0,city
1bbe9dc,2026-01-15,12.5,city
1bbe9dc,2026-02-15,12.5,city
1bbe9dc,2026-03-15,12.5,city
1bbe9dc,2026-04-15,12.5,city
1bc4453,2026-02-22,25.0,city
1bc4453,2026-02-22,100.0,city
1bc4453,2026-03-29,100.0,city
1bdbf8c,2025-10-08,3500.0,city
1bdbf8c,2025-10-08,3500.0,city
1bdbf8c,2025-10-13,3500.0,city
1bdbf8c,2025-10-13,3500.0,city
1bf18f0,2026-01-18,95.0,city
1bf18f0,2026-03-01,104.1,city
1bf18f0,2026-04-01,104.1,city
1bf18f0,2026-05-01,95.0,city
1bf18f0,2026-06-01,104.1,city
1d31490,2025-09-26,500.0,city
1d84a1e,2025-12-04,500.0,city
1d84a1e,2026-05-05,250.0,city
1e3a1c7,2026-01-07,250.0,city
1e3a1c7,2026-01-08,100.0,city
1e3a1c7,2026-01-10,150.0,city
1e3a1c7,2026-01-10,150.0,city
1e3a1c7,2026-02-04,50.0,city
1e3a1c7,2026-02-08,100.0,city
1e3a1c7,2026-03-08,100.0,city
1e3a1c7,2026-03-30,250.0,city
1e3a1c7,2026-04-08,100.0,city
1e3a1c7,2026-04-22,100.0,city
1e3a1c7,2026-04-22,100.0,city
1e3a1c7,2026-05-08,100.0,city
1e3a1c7,2026-05-15,300.0,city
1e3a1c7,2026-05-16,300.0,city
1e3a1c7,2026-05-25,100.0,city
1e3a1c7,2026-06-08,100.0,city
1e3a1c7,2026-06-09,25.0,city
1e3a1c7,2026-06-16,25.0,city
1e3a1c7,2026-06-18,29.0,city
20317ff,2025-08-29,500.0,city
20317ff,2025-09-02,100.0,city
20317ff,2025-09-30,100.0,city
20317ff,2025-10-08,300.0,city
20317ff,2025-10-16,10.0,city
20317ff,2025-10-18,3500.0,city
20317ff,2025-10-18,3500.0,city
20317ff,2025-10-20,1500.0,city
20317ff,2025-10-20,2000.0,city
20317ff,2025-10-20,2000.0,city
20317ff,2025-10-20,2500.0,city
20317ff,2025-10-21,3500.0,city
20317ff,2025-10-21,500.0,city
20317ff,2025-10-26,500.0,city
20317ff,2025-11-16,10.0,city
20317ff,2025-12-16,10.0,city
20317ff,2025-12-20,40.0,city
20317ff,2025-12-26,5.0,city
20317ff,2026-01-05,100.0,city
20317ff,2026-01-05,100.0,city
20317ff,2026-01-09,10.0,city
20317ff,2026-01-18,10.0,city
20317ff,2026-01-26,5.0,city
20317ff,2026-01-28,500.0,city
20317ff,2026-02-09,4.0,city
20317ff,2026-02-15,50.0,city
20317ff,2026-02-15,250.0,city
20317ff,2026-02-18,10.0,city
20317ff,2026-02-28,5.0,city
20317ff,2026-03-05,15.0,city
20317ff,2026-03-09,4.0,city
20317ff,2026-03-16,10.0,city
20317ff,2026-03-22,100.0,city
20317ff,2026-03-24,250.0,city
20317ff,2026-03-28,5.0,city
20317ff,2026-04-09,4.0,city
20317ff,2026-04-16,10.0,city
20317ff,2026-04-28,5.0,city
20317ff,2026-04-30,50.0,city
20317ff,2026-05-04,100.0,city
20317ff,2026-05-09,4.0,city
20317ff,2026-05-13,250.0,city
20317ff,2026-05-14,3500.0,city
20317ff,2026-05-14,3500.0,city
20317ff,2026-05-15,100.0,city
20317ff,2026-05-16,10.0,city
20317ff,2026-05-21,3500.0,city
20317ff,2026-05-21,3500.0,city
20317ff,2026-05-26,5.0,city
20317ff,2026-06-09,5.0,city
20317ff,2026-06-09,4.0,city
20317ff,2026-06-11,1000.0,city
20317ff,2026-06-16,10.0,city
20317ff,2026-06-26,5.0,city
2041680,2025-08-21,100.0,ucb
2041680,2025-12-13,200.0,ucb
206b8fe,2026-02-12,250.0,city
206b8fe,2026-03-05,100.0,city
206b8fe,2026-03-16,200.0,city
206b8fe,2026-03-31,50.0,city
206b8fe,2026-04-11,200.0,city
206b8fe,2026-05-06,75.0,city
20aa6f9,2026-02-12,5.0,city
20aa6f9,2026-02-13,25.0,city
20aa6f9,2026-02-14,50.0,city
20aa6f9,2026-02-16,5.0,city
20aa6f9,2026-02-16,25.0,city
20cf0aa,2025-09-17,1000.0,city
20cf0aa,2025-09-20,500.0,city
20cf0aa,2025-09-22,500.0,city
20cf0aa,2025-09-22,1000.0,city
20cf0aa,2025-11-19,250.0,city
20cf0aa,2025-12-08,250.0,city
20cf0aa,2025-12-09,500.0,city
20cf0aa,2025-12-09,500.0,city
23f4d0f,2026-01-10,700.0,city
23f4d0f,2026-01-13,500.0,city
23f4d0f,2026-02-02,250.0,city
23f4d0f,2026-02-09,833.33,ucb
23f4d0f,2026-02-22,250.0,city
23f4d0f,2026-03-09,3500.0,city
23f4d0f,2026-03-09,1045.45,city
23f4d0f,2026-03-24,3500.0,city
23f4d0f,2026-03-24,416.67,city
23f4d0f,2026-03-24,1666.67,city
23f4d0f,2026-03-26,166.67,city
24f98a7,2025-11-15,3500.0,city
24f98a7,2025-11-20,250.0,city
24f98a7,2026-01-08,100.0,city
24f98a7,2026-01-14,100.0,city
24f98a7,2026-01-18,250.0,city
24f98a7,2026-01-23,500.0,city
24f98a7,2026-01-26,500.0,city
24f98a7,2026-01-28,234.49,city
24f98a7,2026-02-05,250.0,city
24f98a7,2026-02-05,500.0,city
24f98a7,2026-02-05,500.0,city
24f98a7,2026-02-05,300.0,city
24f98a7,2026-03-20,1000.0,city
24f98a7,2026-03-21,100.0,city
24f98a7,2026-03-28,100.0,city
24f98a7,2026-04-01,250.0,city
24f98a7,2026-04-12,400.0,city
24f98a7,2026-04-27,50.0,city
24f98a7,2026-04-29,250.0,city
24f98a7,2026-04-29,500.0,city
24f98a7,2026-04-30,1000.0,city
24f98a7,2026-05-02,750.0,city
24f98a7,2026-05-02,25.0,city
24f98a7,2026-05-05,250.0,city
24f98a7,2026-05-05,30.0,city
24f98a7,2026-05-11,100.0,city
24f98a7,2026-05-13,500.0,city
24f98a7,2026-05-20,250.0,city
24f98a7,2026-05-22,100.0,city
24f98a7,2026-06-03,50.0,city
24f98a7,2026-06-06,3500.0,city
24f98a7,2026-06-07,250.0,city
24f98a7,2026-06-10,300.0,city
24f98a7,2026-06-14,50.0,city
24f98a7,2026-06-16,100.0,city
24f98a7,2026-06-19,100.0,city
24f98a7,2026-06-28,500.0,city
24f98a7,2026-06-30,100.0,city
24f98a7,2026-06-30,1000.0,city
25d8c3a,2026-01-10,700.0,city
25d8c3a,2026-01-13,500.0,city
25d8c3a,2026-02-02,250.0,city
25d8c3a,2026-02-22,250.0,city
25d8c3a,2026-03-09,3500.0,city
25d8c3a,2026-03-09,1045.45,city
25d8c3a,2026-04-01,250.0,city
261c0ce,2026-05-03,20.0,city
261c0ce,2026-05-03,20.0,city
261c0ce,2026-05-20,25.0,city
261c0ce,2026-05-31,50.0,city
261f248,2025-08-27,9.0,city
261f248,2025-08-30,26.0,city
261f248,2025-09-01,50.0,city
261f248,2025-09-19,250.0,ucb
261f248,2025-09-23,1500.0,city
261f248,2025-09-24,50.0,city
261f248,2025-09-25,26.0,city
261f248,2025-09-27,9.0,city
261f248,2025-10-01,50.0,city
261f248,2025-10-03,250.0,city
261f248,2025-10-03,500.0,city
261f248,2025-10-20,25.0,both
261f248,2025-10-22,500.0,city
261f248,2025-10-22,250.0,ucb
261f248,2025-10-23,500.0,city
261f248,2025-10-23,50.0,city
261f248,2025-10-25,26.0,city
261f248,2025-10-27,9.0,city
261f248,2025-10-29,1000.0,city
261f248,2025-10-29,500.0,city
261f248,2025-10-30,50.0,city
261f248,2025-10-30,26.0,city
261f248,2025-10-30,2900.0,ucb
261f248,2025-11-20,25.0,both
261f248,2025-11-23,50.0,city
261f248,2025-11-25,26.0,city
261f248,2025-11-27,9.0,city
261f248,2025-12-20,25.0,both
261f248,2025-12-23,50.0,city
261f248,2025-12-25,26.0,city
261f248,2025-12-27,9.0,city
261f248,2025-12-30,500.0,city
261f248,2026-01-13,50.0,city
261f248,2026-01-20,25.0,both
261f248,2026-01-23,50.0,city
261f248,2026-01-25,26.0,city
261f248,2026-01-27,9.0,city
261f248,2026-02-01,26.0,city
261f248,2026-02-20,25.0,both
261f248,2026-02-23,50.0,city
261f248,2026-02-25,26.0,city
261f248,2026-02-27,9.0,city
261f248,2026-03-01,250.0,city
261f248,2026-03-09,50.0,city
261f248,2026-03-12,1000.0,city
261f248,2026-03-15,500.0,city
261f248,2026-03-25,26.0,city
261f248,2026-03-27,9.0,city
2671d23,2025-10-17,3500.0,city
2671d23,2025-10-17,3500.0,city
2819671,2026-03-05,3500.0,city
2819671,2026-03-05,3500.0,city
28ceae1,2026-03-20,1000.0,city
28ceae1,2026-04-09,250.0,city
28ceae1,2026-04-09,100.0,city
28ceae1,2026-04-16,259.0,city
28ceae1,2026-05-07,500.0,city
28ceae1,2026-05-21,3500.0,city
28ceae1,2026-05-21,3500.0,city
28ceae1,2026-05-30,250.0,city
28ceae1,2026-06-16,100.0,city
29613a8,2025-10-20,250.0,city
2a2dc20,2026-06-25,500.0,city
2c0ddb8,2025-11-18,500.0,city
2c0ddb8,2026-01-08,20.0,city
2c0ddb8,2026-01-20,25.0,city
2c0ddb8,2026-02-08,20.0,city
2c0ddb8,2026-02-10,25.0,city
2c0ddb8,2026-02-20,25.0,city
2c0ddb8,2026-03-08,20.0,city
2c0ddb8,2026-03-20,25.0,city
2c0f378,2025-08-15,25.0,city
2c0f378,2025-09-01,250.0,city
2c0f378,2025-09-15,500.0,city
2c0f378,2025-09-15,25.0,city
2c0f378,2025-09-15,200.0,city
2c0f378,2025-10-07,500.0,city
2c0f378,2025-10-08,50.0,city
2c0f378,2025-10-15,25.0,city
2c0f378,2025-10-18,71.43,city
2c0f378,2025-10-21,1500.0,ucb
2c0f378,2025-10-21,3500.0,ucb
2c0f378,2025-12-01,100.0,city
2c0f378,2025-12-15,25.0,city
2c0f378,2026-01-15,25.0,city
2c0f378,2026-01-30,300.0,city
2c0f378,2026-01-31,10.0,city
2c0f378,2026-02-15,25.0,city
2c0f378,2026-02-21,500.0,city
2c0f378,2026-03-08,20.0,city
2c0f378,2026-03-11,25.0,city
2c0f378,2026-03-15,25.0,city
2c0f378,2026-03-26,100.0,city
2c0f378,2026-04-01,250.0,city
2c0f378,2026-04-06,2000.0,city
2c0f378,2026-04-15,25.0,city
2c0f378,2026-05-13,1000.0,city
2c0f378,2026-05-26,100.0,city
2c0f378,2026-06-11,3500.0,city
2c0f378,2026-06-30,150.0,city
2c0f378,2026-06-30,2000.0,ucb
2c14108,2026-05-26,250.0,city
2c1d860,2025-08-12,100.0,city
2c1d860,2025-08-14,50.0,city
2c1d860,2025-08-14,50.0,city
2c1d860,2025-08-22,50.0,city
2c1d860,2025-08-23,50.0,city
2c1d860,2025-08-23,20.0,city
2c1d860,2025-08-24,100.0,city
2c1d860,2025-08-26,500.0,city
2c1d860,2025-09-07,50.0,city
2c1d860,2025-09-14,50.0,city
2c1d860,2025-09-23,20.0,city
2c1d860,2025-09-30,113.0,both
2c1d860,2025-09-30,100.0,city
2c1d860,2025-10-12,50.0,city
2c1d860,2025-10-14,50.0,city
2c1d860,2025-10-26,500.0,city
2c1d860,2025-10-26,50.0,city
2c1d860,2025-10-26,20.0,city
2c1d860,2025-10-31,50.0,city
2c1d860,2025-11-07,50.0,city
2c1d860,2025-11-14,50.0,city
2c1d860,2025-11-23,20.0,city
2c1d860,2025-12-05,25.0,city
2c1d860,2025-12-07,50.0,city
2c1d860,2025-12-13,200.0,city
2c1d860,2025-12-17,250.0,city
2c1d860,2025-12-23,20.0,city
2c1d860,2025-12-29,300.0,city
2c1d860,2025-12-30,100.0,city
2c1d860,2026-01-05,18.0,city
2c1d860,2026-01-07,10.0,city
2c1d860,2026-01-07,50.0,city
2c1d860,2026-01-12,25.0,city
2c1d860,2026-01-16,25.0,city
2c1d860,2026-01-20,100.0,city
2c1d860,2026-01-23,20.0,city
2c1d860,2026-01-24,15.0,city
2c1d860,2026-01-25,10.0,city
2c1d860,2026-01-31,25.0,city
2c1d860,2026-02-05,18.0,city
2c1d860,2026-02-07,10.0,city
2c1d860,2026-02-07,50.0,city
2c1d860,2026-02-08,300.0,city
2c1d860,2026-02-10,25.0,city
2c1d860,2026-02-11,100.0,city
2c1d860,2026-02-12,100.0,city
2c1d860,2026-02-12,15.0,city
2c1d860,2026-02-16,50.0,city
2c1d860,2026-02-18,50.0,city
2c1d860,2026-02-23,25.0,city
2c1d860,2026-02-23,20.0,city
2c1d860,2026-02-24,15.0,city
2c1d860,2026-02-25,10.0,city
2c1d860,2026-02-26,90.0,city
2c1d860,2026-02-28,25.0,city
2c1d860,2026-03-05,18.0,city
2c1d860,2026-03-06,250.0,city
2c1d860,2026-03-06,25.0,city
2c1d860,2026-03-06,100.0,city
2c1d860,2026-03-07,10.0,city
2c1d860,2026-03-07,50.0,city
2c1d860,2026-03-12,113.0,both
2c1d860,2026-03-12,1000.0,city
2c1d860,2026-03-14,25.0,city
2c1d860,2026-03-17,250.0,city
2c1d860,2026-03-23,25.0,city
2c1d860,2026-03-23,20.0,city
2c1d860,2026-03-24,15.0,city
2c1d860,2026-03-27,25.0,city
2c1d860,2026-03-31,100.0,city
2c1d860,2026-03-31,25.0,city
2c1d860,2026-04-03,15.0,city
2c1d860,2026-04-05,18.0,city
2c1d860,2026-04-07,10.0,city
2c1d860,2026-04-07,50.0,city
2c1d860,2026-04-08,250.0,city
2c1d860,2026-04-18,100.0,city
2c1d860,2026-04-23,25.0,city
2c1d860,2026-04-23,20.0,city
2c1d860,2026-04-24,15.0,city
2c1d860,2026-04-26,100.0,city
2c1d860,2026-04-27,25.0,city
2c1d860,2026-04-30,25.0,city
2c1d860,2026-05-03,15.0,city
2c1d860,2026-05-05,18.0,city
2c1d860,2026-05-07,50.0,city
2c1d860,2026-05-07,10.0,city
2c1d860,2026-05-07,50.0,city
2c1d860,2026-05-09,150.0,city
2c1d860,2026-05-14,500.0,city
2c1d860,2026-05-16,50.0,city
2c1d860,2026-05-22,250.0,city
2c1d860,2026-05-24,15.0,city
2c1d860,2026-05-26,500.0,city
2c1d860,2026-05-27,25.0,city
2c1d860,2026-05-31,25.0,city
2c1d860,2026-06-03,15.0,city
2c1d860,2026-06-04,300.0,city
2c1d860,2026-06-05,18.0,city
2c1d860,2026-06-07,10.0,city
2c1d860,2026-06-07,50.0,city
2c1d860,2026-06-08,250.0,city
2c1d860,2026-06-08,250.0,city
2c1d860,2026-06-12,50.0,city
2c1d860,2026-06-16,100.0,city
2c1d860,2026-06-17,100.0,city
2c1d860,2026-06-23,250.0,city
2c1d860,2026-06-23,25.0,city
2c1d860,2026-06-24,15.0,city
2c1d860,2026-06-27,25.0,city
2c1d860,2026-06-28,250.0,city
2c1d860,2026-06-30,25.0,city
2c1d860,2026-06-30,25.0,city
2e7df6a,2026-06-01,10.41,city
2e7df6a,2026-06-01,250.0,city
2ecaa44,2025-12-30,500.0,city
2ecaa44,2026-01-21,250.0,city
2fd8b15,2025-09-02,500.0,city
2fd8b15,2025-10-11,250.0,city
2fd8b15,2025-10-17,500.0,city
2fd8b15,2026-02-04,250.0,city
317f343,2025-11-14,250.0,city
317f343,2025-11-21,100.0,city
317f343,2026-01-07,500.0,city
317f343,2026-01-19,75.0,city
317f343,2026-02-07,25.0,city
317f343,2026-02-14,100.0,city
317f343,2026-02-26,25.0,city
317f343,2026-04-13,50.0,city
317f343,2026-04-30,50.0,city
317f343,2026-05-24,50.0,city
320b1d2,2025-10-22,3500.0,city
320b1d2,2025-10-22,3500.0,city
320b1d2,2025-10-22,2800.0,city
320b1d2,2025-10-22,1200.0,city
320b1d2,2025-10-22,700.0,city
320b1d2,2025-10-22,2300.0,city
320b1d2,2025-10-22,3500.0,city
320b1d2,2025-10-22,3500.0,city
320b1d2,2025-10-22,3500.0,city
320b1d2,2025-10-22,3500.0,city
320b1d2,2025-10-22,3500.0,city
320b1d2,2025-10-22,3500.0,city
320b1d2,2025-10-22,3500.0,city
320b1d2,2025-10-22,3500.0,city
320b1d2,2025-10-22,3500.0,city
320b1d2,2025-10-22,3500.0,city
320b1d2,2025-10-22,3500.0,city
320b1d2,2025-10-22,3500.0,city
320b1d2,2025-10-22,3500.0,city
320b1d2,2025-10-22,3500.0,city
320b1d2,2025-10-22,3500.0,city
320b1d2,2025-10-22,3500.0,city
320b1d2,2025-10-22,3500.0,city
320b1d2,2025-10-22,3500.0,city
320b1d2,2025-10-22,3500.0,city
320b1d2,2025-10-22,3500.0,city
320b1d2,2025-10-22,3500.0,city
320b1d2,2025-10-22,3500.0,city
320b1d2,2025-10-22,3500.0,city
320b1d2,2025-10-22,3500.0,city
320b1d2,2025-10-22,3500.0,city
320b1d2,2025-10-22,3500.0,city
320b1d2,2025-10-22,3500.0,city
320b1d2,2025-10-22,3500.0,city
320b1d2,2025-10-22,2300.0,city
320b1d2,2025-10-22,1200.0,city
320b1d2,2025-10-22,3500.0,city
320b1d2,2025-10-22,3500.0,city
320b1d2,2025-10-22,3500.0,city
320b1d2,2025-10-22,3500.0,city
320b1d2,2025-10-22,3500.0,city
320b1d2,2025-10-22,3500.0,city
320b1d2,2025-10-22,3500.0,city
320b1d2,2025-10-22,3500.0,city
320b1d2,2025-10-22,3500.0,city
320b1d2,2025-10-22,1000.0,city
320b1d2,2025-10-22,3500.0,city
320b1d2,2025-10-22,3480.0,city
320b1d2,2025-10-22,3500.0,city
320b1d2,2025-10-22,3500.0,city
320b1d2,2025-10-22,3500.0,city
320b1d2,2025-10-22,3500.0,city
320b1d2,2025-10-22,1000.0,city
320b1d2,2025-10-22,2500.0,city
320b1d2,2025-10-22,3500.0,city
320b1d2,2025-10-22,3500.0,city
320b1d2,2025-10-22,3500.0,city
320b1d2,2025-10-22,3500.0,city
320b1d2,2025-10-22,3500.0,city
320b1d2,2025-10-22,3500.0,city
320b1d2,2025-10-22,3500.0,city
320b1d2,2025-10-22,3500.0,city
320b1d2,2025-10-22,3500.0,city
320b1d2,2025-10-22,3500.0,city
320b1d2,2025-10-22,3500.0,city
320b1d2,2025-10-22,3500.0,city
320b1d2,2025-10-22,3500.0,city
320b1d2,2025-10-22,3500.0,city
320b1d2,2025-10-22,3500.0,city
320b1d2,2025-10-22,3500.0,city
320b1d2,2025-10-22,3500.0,city
320b1d2,2025-10-22,3500.0,ucb
320b1d2,2025-10-22,3500.0,ucb
320b1d2,2025-10-23,7000.0,city
320b1d2,2025-10-23,7000.0,city
320b1d2,2025-10-23,3500.0,city
320b1d2,2025-10-23,3500.0,city
320b1d2,2025-10-23,200.0,city
320b1d2,2025-10-23,3500.0,city
320b1d2,2025-10-23,3500.0,city
320b1d2,2025-10-23,3500.0,city
320b1d2,2025-10-26,200.0,city
320b1d2,2025-10-26,50.0,city
320b1d2,2025-11-06,250.0,city
320b1d2,2025-11-06,3500.0,city
320b1d2,2025-11-06,1500.0,city
320b1d2,2025-11-08,3500.0,city
320b1d2,2025-11-08,3500.0,city
320b1d2,2025-11-08,1000.0,city
320b1d2,2025-11-09,2000.0,city
320b1d2,2025-11-10,6800.0,city
320b1d2,2025-11-10,200.0,city
320b1d2,2025-11-22,200.0,city
320b1d2,2025-11-22,3500.0,city
320b1d2,2025-11-23,200.0,city
320b1d2,2025-11-23,3500.0,city
320b1d2,2025-12-02,250.0,city
320b1d2,2025-12-06,1000.0,city
320b1d2,2025-12-08,2000.0,city
320b1d2,2025-12-08,1500.0,city
320b1d2,2025-12-08,3500.0,city
320b1d2,2025-12-29,1000.0,city
320b1d2,2025-12-30,500.0,city
320b1d2,2025-12-31,500.0,city
320b1d2,2025-12-31,1000.0,city
320b1d2,2025-12-31,3500.0,city
320b1d2,2025-12-31,3500.0,city
320b1d2,2025-12-31,3500.0,city
320b1d2,2025-12-31,3500.0,city
320b1d2,2026-01-07,3500.0,city
320b1d2,2026-01-07,3500.0,city
320b1d2,2026-01-07,50.0,city
320b1d2,2026-01-16,500.0,city
320b1d2,2026-01-16,500.0,city
320b1d2,2026-01-20,500.0,both
320b1d2,2026-01-23,250.0,city
320b1d2,2026-01-23,500.0,city
320b1d2,2026-01-23,250.0,city
320b1d2,2026-01-23,500.0,city
320b1d2,2026-01-24,500.0,city
320b1d2,2026-01-24,2500.0,city
320b1d2,2026-01-24,2500.0,city
320b1d2,2026-01-25,250.0,city
320b1d2,2026-01-26,1000.0,city
320b1d2,2026-01-26,1000.0,city
320b1d2,2026-01-27,100.0,city
320b1d2,2026-02-07,50.0,city
320b1d2,2026-02-23,50.0,city
320b1d2,2026-03-03,1000.0,city
320b1d2,2026-03-07,50.0,city
320b1d2,2026-03-10,1000.0,city
320b1d2,2026-03-23,50.0,city
320b1d2,2026-03-31,3500.0,city
320b1d2,2026-03-31,3500.0,city
320b1d2,2026-04-05,500.0,city
320b1d2,2026-04-05,3500.0,city
320b1d2,2026-04-07,50.0,city
320b1d2,2026-04-12,500.0,ucb
320b1d2,2026-04-16,500.0,city
320b1d2,2026-04-16,100.0,city
320b1d2,2026-04-22,3500.0,city
320b1d2,2026-04-22,3500.0,city
320b1d2,2026-04-22,1000.0,city
320b1d2,2026-04-23,50.0,city
320b1d2,2026-04-27,500.0,city
320b1d2,2026-04-27,1500.0,city
320b1d2,2026-04-28,500.0,city
320b1d2,2026-04-29,250.0,city
320b1d2,2026-04-30,500.0,city
320b1d2,2026-05-03,2500.0,city
320b1d2,2026-05-07,50.0,city
320b1d2,2026-05-11,3500.0,city
320b1d2,2026-05-11,3500.0,city
320b1d2,2026-05-13,3500.0,city
320b1d2,2026-05-13,3500.0,city
320b1d2,2026-05-14,200.0,city
320b1d2,2026-05-19,3500.0,city
320b1d2,2026-05-19,3500.0,city
320b1d2,2026-05-19,3500.0,city
320b1d2,2026-05-19,3500.0,city
320b1d2,2026-05-19,3500.0,city
320b1d2,2026-05-21,3500.0,city
320b1d2,2026-05-21,3500.0,city
320b1d2,2026-05-21,3500.0,city
320b1d2,2026-05-21,3500.0,city
320b1d2,2026-05-21,3500.0,city
320b1d2,2026-05-23,50.0,city
320b1d2,2026-05-31,100.0,city
320b1d2,2026-06-05,2500.0,city
320b1d2,2026-06-07,50.0,city
320b1d2,2026-06-23,50.0,city
320b1d2,2026-06-28,500.0,both
320b1d2,2026-06-29,50.0,city
320b1d2,2026-06-29,100.0,city
320b1d2,2026-06-29,250.0,city
320b1d2,2026-06-29,100.0,city
3466151,2026-03-31,250.0,city
34728b2,2025-10-21,100.0,city
34728b2,2025-11-21,100.0,ucb
34728b2,2025-12-28,100.0,city
34728b2,2026-01-21,250.0,city
34728b2,2026-01-25,250.0,ucb
34728b2,2026-04-04,250.0,both
34728b2,2026-04-06,100.0,ucb
3811325,2026-03-08,475.0,city
3811325,2026-03-09,20.26,city
3811325,2026-06-23,23.75,city
384d63f,2025-08-10,50.0,city
384d63f,2025-08-10,100.0,city
384d63f,2025-08-11,50.0,city
384d63f,2025-08-12,50.0,city
384d63f,2025-08-12,50.0,city
384d63f,2025-08-12,25.0,city
384d63f,2025-08-12,25.0,city
384d63f,2025-08-13,50.0,city
384d63f,2025-08-13,20.0,city
384d63f,2025-08-13,25.0,city
384d63f,2025-08-13,6.0,city
384d63f,2025-08-14,25.0,city
384d63f,2025-08-14,50.0,city
384d63f,2025-08-14,100.0,city
384d63f,2025-08-16,100.0,city
384d63f,2025-08-18,50.0,city
384d63f,2025-08-18,5.0,city
384d63f,2025-08-20,5.0,city
384d63f,2025-08-21,25.0,city
384d63f,2025-08-21,300.0,city
384d63f,2025-08-21,100.0,ucb
384d63f,2025-08-22,125.0,city
384d63f,2025-08-25,100.0,city
384d63f,2025-08-26,35.0,city
384d63f,2025-08-26,1000.0,city
384d63f,2025-08-26,5.0,city
384d63f,2025-08-27,5.0,city
384d63f,2025-08-27,20.0,city
384d63f,2025-08-27,10.0,city
384d63f,2025-08-27,8.33,ucb
384d63f,2025-08-27,250.0,ucb
384d63f,2025-08-28,5.0,city
384d63f,2025-08-28,50.0,city
384d63f,2025-08-28,50.0,ucb
384d63f,2025-08-29,100.0,city
384d63f,2025-08-29,250.0,city
384d63f,2025-08-29,250.0,city
384d63f,2025-08-29,20.0,city
384d63f,2025-08-30,100.0,city
384d63f,2025-08-30,200.0,city
384d63f,2025-08-30,250.0,city
384d63f,2025-08-30,5.0,city
384d63f,2025-08-30,200.0,city
384d63f,2025-08-31,150.0,city
384d63f,2025-08-31,22.0,city
384d63f,2025-08-31,25.0,city
384d63f,2025-09-01,35.0,city
384d63f,2025-09-02,500.0,city
384d63f,2025-09-02,40.0,city
384d63f,2025-09-03,50.0,city
384d63f,2025-09-03,50.0,city
384d63f,2025-09-03,10.0,city
384d63f,2025-09-04,25.0,city
384d63f,2025-09-04,100.0,city
384d63f,2025-09-04,25.0,city
384d63f,2025-09-04,50.0,city
384d63f,2025-09-04,25.0,city
384d63f,2025-09-04,5.0,city
384d63f,2025-09-05,100.0,city
384d63f,2025-09-07,250.0,city
384d63f,2025-09-07,50.0,city
384d63f,2025-09-08,5.0,city
384d63f,2025-09-09,200.0,city
384d63f,2025-09-09,176.0,city
384d63f,2025-09-10,100.0,city
384d63f,2025-09-11,50.0,city
384d63f,2025-09-12,5.0,city
384d63f,2025-09-12,20.0,city
384d63f,2025-09-12,5.0,city
384d63f,2025-09-12,200.0,city
384d63f,2025-09-12,25.0,city
384d63f,2025-09-13,20.0,city
384d63f,2025-09-13,6.0,city
384d63f,2025-09-13,25.0,city
384d63f,2025-09-14,50.0,city
384d63f,2025-09-14,250.0,city
384d63f,2025-09-16,100.0,city
384d63f,2025-09-17,50.0,city
384d63f,2025-09-18,2.5,city
384d63f,2025-09-18,100.0,city
384d63f,2025-09-18,4.0,city
384d63f,2025-09-20,5.0,city
384d63f,2025-09-20,50.0,city
384d63f,2025-09-20,50.0,city
384d63f,2025-09-20,50.0,city
384d63f,2025-09-21,300.0,city
384d63f,2025-09-21,50.0,city
384d63f,2025-09-21,1000.0,city
384d63f,2025-09-22,50.0,city
384d63f,2025-09-25,1000.0,city
384d63f,2025-09-25,700.0,city
384d63f,2025-09-25,300.0,city
384d63f,2025-09-26,250.0,city
384d63f,2025-09-26,100.0,city
384d63f,2025-09-26,5.0,city
384d63f,2025-09-26,35.0,city
384d63f,2025-09-26,35.0,city
384d63f,2025-09-26,100.0,city
384d63f,2025-09-26,200.0,city
384d63f,2025-09-27,300.0,city
384d63f,2025-09-27,20.0,city
384d63f,2025-09-27,5.0,city
384d63f,2025-09-27,10.0,city
384d63f,2025-09-27,8.33,ucb
384d63f,2025-09-29,50.0,city
384d63f,2025-09-29,500.0,city
384d63f,2025-09-29,20.0,city
384d63f,2025-09-29,250.0,city
384d63f,2025-09-30,500.0,city
384d63f,2025-09-30,22.0,city
384d63f,2025-09-30,5.0,city
384d63f,2025-09-30,100.0,city
384d63f,2025-10-01,35.0,city
384d63f,2025-10-03,25.0,city
384d63f,2025-10-03,50.0,city
384d63f,2025-10-03,50.0,city
384d63f,2025-10-03,10.0,city
384d63f,2025-10-03,50.0,city
384d63f,2025-10-04,25.0,city
384d63f,2025-10-04,5.0,city
384d63f,2025-10-04,50.0,city
384d63f,2025-10-04,25.0,city
384d63f,2025-10-05,50.0,city
384d63f,2025-10-06,100.0,city
384d63f,2025-10-06,50.0,city
384d63f,2025-10-06,200.0,city
384d63f,2025-10-07,5.0,city
384d63f,2025-10-07,3.33,city
384d63f,2025-10-07,250.0,city
384d63f,2025-10-07,1000.0,ucb
384d63f,2025-10-08,20.0,city
384d63f,2025-10-08,5.0,city
384d63f,2025-10-09,100.0,city
384d63f,2025-10-10,50.0,city
384d63f,2025-10-10,20.0,city
384d63f,2025-10-11,100.0,city
384d63f,2025-10-11,100.0,city
384d63f,2025-10-11,20.0,city
384d63f,2025-10-11,50.0,city
384d63f,2025-10-12,50.0,city
384d63f,2025-10-12,20.0,city
384d63f,2025-10-12,500.0,city
384d63f,2025-10-12,25.0,city
384d63f,2025-10-13,25.0,city
384d63f,2025-10-13,10.0,city
384d63f,2025-10-13,6.0,city
384d63f,2025-10-13,50.0,city
384d63f,2025-10-13,25.0,city
384d63f,2025-10-13,120.0,city
384d63f,2025-10-13,50.0,city
384d63f,2025-10-13,2.5,city
384d63f,2025-10-14,100.0,city
384d63f,2025-10-15,200.0,city
384d63f,2025-10-15,50.0,city
384d63f,2025-10-15,50.0,city
384d63f,2025-10-16,100.0,city
384d63f,2025-10-16,3.0,city
384d63f,2025-10-17,500.0,city
384d63f,2025-10-20,5.0,city
384d63f,2025-10-20,200.0,city
384d63f,2025-10-20,75.0,city
384d63f,2025-10-20,50.0,city
384d63f,2025-10-21,50.0,city
384d63f,2025-10-21,300.0,city
384d63f,2025-10-21,30.0,city
384d63f,2025-10-21,200.0,city
384d63f,2025-10-21,1000.0,city
384d63f,2025-10-21,50.0,city
384d63f,2025-10-22,100.0,city
384d63f,2025-10-23,100.0,city
384d63f,2025-10-24,3.0,city
384d63f,2025-10-24,25.0,city
384d63f,2025-10-24,100.0,city
384d63f,2025-10-24,20.0,city
384d63f,2025-10-26,125.0,city
384d63f,2025-10-26,250.0,city
384d63f,2025-10-26,5.0,city
384d63f,2025-10-26,500.0,city
384d63f,2025-10-27,25.0,city
384d63f,2025-10-27,10.0,city
384d63f,2025-10-27,20.0,city
384d63f,2025-10-27,5.0,city
384d63f,2025-10-27,100.0,city
384d63f,2025-10-27,100.0,city
384d63f,2025-10-27,8.33,ucb
384d63f,2025-10-28,50.0,city
384d63f,2025-10-29,25.0,city
384d63f,2025-10-29,100.0,city
384d63f,2025-10-29,250.0,city
384d63f,2025-10-29,20.0,city
384d63f,2025-10-30,5.0,city
384d63f,2025-10-31,100.0,city
384d63f,2025-10-31,22.0,city
384d63f,2025-10-31,20.0,city
384d63f,2025-10-31,5.0,city
384d63f,2025-10-31,100.0,city
384d63f,2025-10-31,10.0,city
384d63f,2025-10-31,25.0,city
384d63f,2025-10-31,20.0,city
384d63f,2025-11-01,35.0,city
384d63f,2025-11-03,10.0,city
384d63f,2025-11-03,50.0,city
384d63f,2025-11-03,50.0,city
384d63f,2025-11-04,50.0,city
384d63f,2025-11-04,5.0,city
384d63f,2025-11-04,25.0,city
384d63f,2025-11-04,25.0,city
384d63f,2025-11-05,10.0,city
384d63f,2025-11-05,25.0,city
384d63f,2025-11-06,50.0,city
384d63f,2025-11-06,50.0,city
384d63f,2025-11-06,500.0,city
384d63f,2025-11-06,5.0,city
384d63f,2025-11-06,250.0,city
384d63f,2025-11-06,100.0,city
384d63f,2025-11-07,3.33,city
384d63f,2025-11-07,50.0,city
384d63f,2025-11-08,5.0,city
384d63f,2025-11-09,1.5,city
384d63f,2025-11-09,1.5,city
384d63f,2025-11-11,5.0,city
384d63f,2025-11-11,50.0,city
384d63f,2025-11-11,100.0,city
384d63f,2025-11-11,20.0,city
384d63f,2025-11-12,50.0,city
384d63f,2025-11-12,25.0,city
384d63f,2025-11-12,50.0,city
384d63f,2025-11-13,30.0,city
384d63f,2025-11-13,25.0,city
384d63f,2025-11-13,6.0,city
384d63f,2025-11-13,50.0,city
384d63f,2025-11-15,1.0,city
384d63f,2025-11-16,2.5,city
384d63f,2025-11-16,100.0,city
384d63f,2025-11-16,100.0,city
384d63f,2025-11-16,20.0,city
384d63f,2025-11-17,100.0,city
384d63f,2025-11-19,100.0,city
384d63f,2025-11-19,3.0,city
384d63f,2025-11-20,5.0,city
384d63f,2025-11-21,30.0,city
384d63f,2025-11-21,50.0,city
384d63f,2025-11-21,300.0,city
384d63f,2025-11-22,25.0,city
384d63f,2025-11-22,250.0,city
384d63f,2025-11-22,25.0,city
384d63f,2025-11-23,20.0,city
384d63f,2025-11-24,20.0,city
384d63f,2025-11-25,200.0,city
384d63f,2025-11-25,10.0,city
384d63f,2025-11-26,5.0,city
384d63f,2025-11-26,40.0,city
384d63f,2025-11-26,35.0,city
384d63f,2025-11-27,20.0,city
384d63f,2025-11-27,10.0,city
384d63f,2025-11-27,8.33,ucb
384d63f,2025-11-29,250.0,city
384d63f,2025-11-29,250.0,city
384d63f,2025-11-29,25.0,city
384d63f,2025-11-29,20.0,city
384d63f,2025-11-30,10.0,city
384d63f,2025-11-30,22.0,city
384d63f,2025-11-30,5.0,city
384d63f,2025-12-01,100.0,city
384d63f,2025-12-01,50.0,city
384d63f,2025-12-01,35.0,city
384d63f,2025-12-01,100.0,city
384d63f,2025-12-01,200.0,city
384d63f,2025-12-01,250.0,ucb
384d63f,2025-12-02,5.0,city
384d63f,2025-12-03,50.0,city
384d63f,2025-12-03,10.0,city
384d63f,2025-12-04,25.0,city
384d63f,2025-12-04,25.0,city
384d63f,2025-12-04,50.0,city
384d63f,2025-12-04,25.0,city
384d63f,2025-12-04,5.0,city
384d63f,2025-12-05,500.0,city
384d63f,2025-12-06,500.0,city
384d63f,2025-12-06,100.0,city
384d63f,2025-12-06,50.0,city
384d63f,2025-12-07,3.33,city
384d63f,2025-12-08,5.0,city
384d63f,2025-12-08,25.0,city
384d63f,2025-12-08,35.0,city
384d63f,2025-12-09,125.0,city
384d63f,2025-12-10,50.0,city
384d63f,2025-12-10,100.0,city
384d63f,2025-12-11,25.0,city
384d63f,2025-12-11,25.0,city
384d63f,2025-12-11,5.0,city
384d63f,2025-12-12,25.0,city
384d63f,2025-12-12,25.0,city
384d63f,2025-12-13,25.0,city
384d63f,2025-12-13,50.0,city
384d63f,2025-12-13,50.0,city
384d63f,2025-12-13,6.0,city
384d63f,2025-12-14,100.0,city
384d63f,2025-12-14,100.0,city
384d63f,2025-12-14,10.0,city
384d63f,2025-12-14,20.0,city
384d63f,2025-12-16,100.0,city
384d63f,2025-12-17,25.0,city
384d63f,2025-12-18,25.0,city
384d63f,2025-12-19,100.0,city
384d63f,2025-12-20,50.0,city
384d63f,2025-12-20,5.0,city
384d63f,2025-12-21,100.0,city
384d63f,2025-12-21,35.0,city
384d63f,2025-12-21,75.0,city
384d63f,2025-12-21,300.0,city
384d63f,2025-12-21,30.0,city
384d63f,2025-12-21,50.0,city
384d63f,2025-12-22,50.0,city
384d63f,2025-12-22,1000.0,city
384d63f,2025-12-24,20.0,city
384d63f,2025-12-25,100.0,city
384d63f,2025-12-25,25.0,city
384d63f,2025-12-26,100.0,city
384d63f,2025-12-26,35.0,city
384d63f,2025-12-26,20.0,city
384d63f,2025-12-26,5.0,city
384d63f,2025-12-27,20.0,city
384d63f,2025-12-28,250.0,city
384d63f,2025-12-28,200.0,city
384d63f,2025-12-28,50.0,city
384d63f,2025-12-29,25.0,city
384d63f,2025-12-29,250.0,city
384d63f,2025-12-29,5.0,city
384d63f,2025-12-29,20.0,city
384d63f,2025-12-29,20.0,city
384d63f,2025-12-29,25.0,city
384d63f,2025-12-29,35.0,city
384d63f,2025-12-30,100.0,city
384d63f,2025-12-30,5.0,city
384d63f,2025-12-30,250.0,city
384d63f,2025-12-30,50.0,city
384d63f,2025-12-30,250.0,city
384d63f,2025-12-30,50.0,city
384d63f,2025-12-30,100.0,city
384d63f,2025-12-31,25.0,city
384d63f,2025-12-31,10.0,city
384d63f,2025-12-31,22.0,city
384d63f,2025-12-31,100.0,city
384d63f,2025-12-31,1000.0,city
384d63f,2025-12-31,25.0,city
384d63f,2026-01-01,35.0,city
384d63f,2026-01-01,50.0,city
384d63f,2026-01-02,25.0,city
384d63f,2026-01-03,10.0,city
384d63f,2026-01-03,50.0,city
384d63f,2026-01-04,5.0,city
384d63f,2026-01-04,20.0,city
384d63f,2026-01-04,25.0,city
384d63f,2026-01-04,25.0,city
384d63f,2026-01-05,50.0,city
384d63f,2026-01-05,20.0,city
384d63f,2026-01-06,50.0,city
384d63f,2026-01-07,2.5,city
384d63f,2026-01-07,3.33,city
384d63f,2026-01-08,5.0,city
384d63f,2026-01-08,50.0,city
384d63f,2026-01-08,5.0,city
384d63f,2026-01-08,100.0,city
384d63f,2026-01-10,25.0,city
384d63f,2026-01-11,250.0,city
384d63f,2026-01-11,25.0,city
384d63f,2026-01-11,15.0,city
384d63f,2026-01-12,25.0,city
384d63f,2026-01-13,20.0,city
384d63f,2026-01-13,50.0,city
384d63f,2026-01-13,50.0,city
384d63f,2026-01-13,6.0,city
384d63f,2026-01-13,50.0,city
384d63f,2026-01-13,25.0,city
384d63f,2026-01-13,250.0,city
384d63f,2026-01-13,20.0,city
384d63f,2026-01-13,50.0,city
384d63f,2026-01-14,12.5,city
384d63f,2026-01-14,200.0,city
384d63f,2026-01-14,20.0,city
384d63f,2026-01-15,5.0,city
384d63f,2026-01-15,20.0,city
384d63f,2026-01-15,20.0,city
384d63f,2026-01-15,20.0,city
384d63f,2026-01-16,50.0,city
384d63f,2026-01-16,500.0,city
384d63f,2026-01-16,25.0,city
384d63f,2026-01-16,15.0,ucb
384d63f,2026-01-17,25.0,city
384d63f,2026-01-17,100.0,city
384d63f,2026-01-19,150.0,city
384d63f,2026-01-21,250.0,city
384d63f,2026-01-21,30.0,city
384d63f,2026-01-21,15.0,city
384d63f,2026-01-21,300.0,city
384d63f,2026-01-21,50.0,city
384d63f,2026-01-22,250.0,city
384d63f,2026-01-22,5.0,city
384d63f,2026-01-22,100.0,city
384d63f,2026-01-23,5.0,city
384d63f,2026-01-23,30.0,city
384d63f,2026-01-23,500.0,city
384d63f,2026-01-24,500.0,city
384d63f,2026-01-24,100.0,city
384d63f,2026-01-24,20.0,city
384d63f,2026-01-25,50.0,city
384d63f,2026-01-25,250.0,ucb
384d63f,2026-01-26,50.0,city
384d63f,2026-01-26,35.0,city
384d63f,2026-01-26,5.0,city
384d63f,2026-01-26,25.0,city
384d63f,2026-01-26,5.0,city
384d63f,2026-01-27,50.0,city
384d63f,2026-01-27,100.0,city
384d63f,2026-01-27,100.0,city
384d63f,2026-01-27,15.0,city
384d63f,2026-01-27,20.0,city
384d63f,2026-01-27,1.0,city
384d63f,2026-01-28,20.0,city
384d63f,2026-01-28,15.0,city
384d63f,2026-01-28,250.0,city
384d63f,2026-01-28,50.0,city
384d63f,2026-01-29,30.0,city
384d63f,2026-01-29,25.0,city
384d63f,2026-01-29,250.0,city
384d63f,2026-01-29,25.0,city
384d63f,2026-01-30,50.0,city
384d63f,2026-01-30,20.0,city
384d63f,2026-01-30,25.0,city
384d63f,2026-01-30,5.0,city
384d63f,2026-01-30,50.0,city
384d63f,2026-01-31,25.0,city
384d63f,2026-01-31,25.0,city
384d63f,2026-01-31,22.0,city
384d63f,2026-01-31,5.0,city
384d63f,2026-01-31,10.0,city
384d63f,2026-01-31,50.0,city
384d63f,2026-02-01,500.0,city
384d63f,2026-02-01,25.0,city
384d63f,2026-02-01,35.0,city
384d63f,2026-02-03,500.0,city
384d63f,2026-02-03,12.5,city
384d63f,2026-02-03,1000.0,city
384d63f,2026-02-03,100.0,city
384d63f,2026-02-03,50.0,city
384d63f,2026-02-03,1.0,city
384d63f,2026-02-03,250.0,city
384d63f,2026-02-03,50.0,city
384d63f,2026-02-03,50.0,city
384d63f,2026-02-03,10.0,city
384d63f,2026-02-03,35.0,ucb
384d63f,2026-02-04,100.0,city
384d63f,2026-02-04,25.0,city
384d63f,2026-02-04,25.0,city
384d63f,2026-02-04,100.0,city
384d63f,2026-02-04,5.0,city
384d63f,2026-02-04,25.0,city
384d63f,2026-02-04,5.0,city
384d63f,2026-02-04,20.0,city
384d63f,2026-02-05,150.0,city
384d63f,2026-02-06,100.0,city
384d63f,2026-02-06,50.0,city
384d63f,2026-02-07,3.33,city
384d63f,2026-02-07,200.0,city
384d63f,2026-02-08,50.0,city
384d63f,2026-02-08,5.0,city
384d63f,2026-02-09,50.0,city
384d63f,2026-02-09,250.0,city
384d63f,2026-02-09,100.0,city
384d63f,2026-02-09,100.0,city
384d63f,2026-02-09,50.0,city
384d63f,2026-02-10,50.0,city
384d63f,2026-02-10,50.0,city
384d63f,2026-02-10,100.0,city
384d63f,2026-02-10,100.0,city
384d63f,2026-02-11,250.0,city
384d63f,2026-02-11,15.0,city
384d63f,2026-02-11,25.0,city
384d63f,2026-02-11,40.0,city
384d63f,2026-02-11,50.0,city
384d63f,2026-02-12,50.0,city
384d63f,2026-02-12,27.0,city
384d63f,2026-02-12,20.0,city
384d63f,2026-02-12,25.0,city
384d63f,2026-02-12,3.0,city
384d63f,2026-02-13,5.0,city
384d63f,2026-02-13,6.0,city
384d63f,2026-02-13,50.0,city
384d63f,2026-02-13,100.0,city
384d63f,2026-02-13,25.0,city
384d63f,2026-02-13,50.0,city
384d63f,2026-02-13,25.0,city
384d63f,2026-02-13,20.0,city
384d63f,2026-02-13,25.0,city
384d63f,2026-02-14,500.0,city
384d63f,2026-02-14,2000.0,city
384d63f,2026-02-14,5.0,city
384d63f,2026-02-14,100.0,ucb
384d63f,2026-02-15,20.0,city
384d63f,2026-02-15,20.0,city
384d63f,2026-02-15,20.0,city
384d63f,2026-02-16,50.0,city
384d63f,2026-02-16,50.0,city
384d63f,2026-02-17,100.0,city
384d63f,2026-02-17,12.5,city
384d63f,2026-02-18,100.0,city
384d63f,2026-02-18,100.0,city
384d63f,2026-02-18,50.0,city
384d63f,2026-02-18,20.0,city
384d63f,2026-02-18,200.0,city
384d63f,2026-02-19,50.0,city
384d63f,2026-02-19,100.0,city
384d63f,2026-02-19,2.5,city
384d63f,2026-02-20,1.5,city
384d63f,2026-02-20,250.0,city
384d63f,2026-02-20,15.0,city
384d63f,2026-02-20,25.0,city
384d63f,2026-02-20,200.0,city
384d63f,2026-02-20,20.0,city
384d63f,2026-02-21,250.0,city
384d63f,2026-02-21,30.0,city
384d63f,2026-02-21,50.0,city
384d63f,2026-02-21,25.0,city
384d63f,2026-02-21,300.0,city
384d63f,2026-02-22,25.0,city
384d63f,2026-02-22,50.0,city
384d63f,2026-02-22,100.0,city
384d63f,2026-02-23,100.0,city
384d63f,2026-02-23,25.0,city
384d63f,2026-02-23,25.0,city
384d63f,2026-02-23,50.0,city
384d63f,2026-02-23,100.0,city
384d63f,2026-02-23,50.0,city
384d63f,2026-02-24,27.0,city
384d63f,2026-02-24,20.0,city
384d63f,2026-02-24,250.0,city
384d63f,2026-02-24,3.0,city
384d63f,2026-02-24,30.0,city
384d63f,2026-02-24,100.0,city
384d63f,2026-02-24,27.0,city
384d63f,2026-02-25,50.0,city
384d63f,2026-02-25,50.0,city
384d63f,2026-02-25,100.0,city
384d63f,2026-02-26,5.0,city
384d63f,2026-02-26,20.0,city
384d63f,2026-02-26,35.0,city
384d63f,2026-02-26,5.0,city
384d63f,2026-02-27,50.0,city
384d63f,2026-02-27,20.0,city
384d63f,2026-02-27,500.0,city
384d63f,2026-02-27,20.0,city
384d63f,2026-02-28,22.0,city
384d63f,2026-02-28,5.0,city
384d63f,2026-02-28,50.0,city
384d63f,2026-02-28,50.0,city
384d63f,2026-02-28,1.5,city
384d63f,2026-02-28,10.0,city
384d63f,2026-02-28,25.0,city
384d63f,2026-03-01,20.0,city
384d63f,2026-03-01,35.0,city
384d63f,2026-03-02,50.0,city
384d63f,2026-03-03,50.0,city
384d63f,2026-03-03,100.0,city
384d63f,2026-03-04,20.0,city
384d63f,2026-03-04,5.0,city
384d63f,2026-03-04,25.0,city
384d63f,2026-03-05,50.0,city
384d63f,2026-03-05,50.0,city
384d63f,2026-03-05,100.0,city
384d63f,2026-03-06,35.0,city
384d63f,2026-03-06,50.0,city
384d63f,2026-03-06,100.0,city
384d63f,2026-03-06,5.0,city
384d63f,2026-03-06,50.0,city
384d63f,2026-03-06,250.0,ucb
384d63f,2026-03-07,3.33,city
384d63f,2026-03-07,40.0,city
384d63f,2026-03-08,100.0,city
384d63f,2026-03-08,50.0,city
384d63f,2026-03-08,5.0,city
384d63f,2026-03-08,100.0,city
384d63f,2026-03-09,100.0,city
384d63f,2026-03-09,100.0,city
384d63f,2026-03-10,50.0,city
384d63f,2026-03-10,3.0,city
384d63f,2026-03-10,20.0,city
384d63f,2026-03-11,25.0,city
384d63f,2026-03-11,25.0,city
384d63f,2026-03-11,15.0,city
384d63f,2026-03-12,25.0,city
384d63f,2026-03-13,6.0,city
384d63f,2026-03-13,50.0,city
384d63f,2026-03-13,50.0,city
384d63f,2026-03-13,25.0,city
384d63f,2026-03-13,25.0,city
384d63f,2026-03-14,12.5,city
384d63f,2026-03-15,20.0,city
384d63f,2026-03-15,10.0,city
384d63f,2026-03-15,20.0,city
384d63f,2026-03-15,20.0,city
384d63f,2026-03-16,50.0,city
384d63f,2026-03-16,100.0,city
384d63f,2026-03-16,100.0,city
384d63f,2026-03-16,500.0,city
384d63f,2026-03-17,500.0,both
384d63f,2026-03-17,500.0,city
384d63f,2026-03-18,20.0,city
384d63f,2026-03-19,100.0,city
384d63f,2026-03-19,25.0,city
384d63f,2026-03-19,50.0,city
384d63f,2026-03-19,50.0,city
384d63f,2026-03-19,250.0,ucb
384d63f,2026-03-20,50.0,city
384d63f,2026-03-20,15.0,city
384d63f,2026-03-20,15.0,city
384d63f,2026-03-20,15.0,city
384d63f,2026-03-20,25.0,city
384d63f,2026-03-21,30.0,city
384d63f,2026-03-21,300.0,city
384d63f,2026-03-21,100.0,city
384d63f,2026-03-21,3.0,city
384d63f,2026-03-21,9.0,city
384d63f,2026-03-22,25.0,city
384d63f,2026-03-22,12.5,city
384d63f,2026-03-22,20.0,city
384d63f,2026-03-23,300.0,city
384d63f,2026-03-24,100.0,city
384d63f,2026-03-24,10.0,city
384d63f,2026-03-24,50.0,city
384d63f,2026-03-24,20.0,city
384d63f,2026-03-24,20.0,ucb
384d63f,2026-03-25,50.0,city
384d63f,2026-03-25,500.0,city
384d63f,2026-03-26,5.0,city
384d63f,2026-03-26,20.0,city
384d63f,2026-03-26,35.0,city
384d63f,2026-03-27,20.0,city
384d63f,2026-03-27,250.0,city
384d63f,2026-03-27,20.0,city
384d63f,2026-03-28,100.0,city
384d63f,2026-03-28,50.0,city
384d63f,2026-03-29,100.0,city
384d63f,2026-03-29,10.0,city
384d63f,2026-03-29,25.0,city
384d63f,2026-03-30,10.0,city
384d63f,2026-03-30,25.0,city
384d63f,2026-03-30,100.0,city
384d63f,2026-03-30,3.0,city
384d63f,2026-03-31,10.0,city
384d63f,2026-03-31,100.0,city
384d63f,2026-03-31,1400.0,city
384d63f,2026-03-31,200.0,city
384d63f,2026-03-31,50.0,city
384d63f,2026-03-31,20.0,city
384d63f,2026-03-31,50.0,city
384d63f,2026-03-31,50.0,city
384d63f,2026-03-31,25.0,city
384d63f,2026-03-31,100.0,city
384d63f,2026-03-31,1500.0,city
384d63f,2026-03-31,22.0,city
384d63f,2026-03-31,25.0,ucb
384d63f,2026-04-01,35.0,city
384d63f,2026-04-02,20.0,city
384d63f,2026-04-03,50.0,city
384d63f,2026-04-03,50.0,city
384d63f,2026-04-03,250.0,city
384d63f,2026-04-04,20.0,city
384d63f,2026-04-04,25.0,city
384d63f,2026-04-04,25.0,city
384d63f,2026-04-05,10.0,city
384d63f,2026-04-05,50.0,city
384d63f,2026-04-05,25.0,city
384d63f,2026-04-06,50.0,city
384d63f,2026-04-06,25.0,city
384d63f,2026-04-06,20.0,city
384d63f,2026-04-07,50.0,city
384d63f,2026-04-07,3.33,city
384d63f,2026-04-08,50.0,city
384d63f,2026-04-08,5.0,city
384d63f,2026-04-09,100.0,city
384d63f,2026-04-09,100.0,city
384d63f,2026-04-09,20.0,city
384d63f,2026-04-10,250.0,city
384d63f,2026-04-10,50.0,city
384d63f,2026-04-10,35.0,city
384d63f,2026-04-10,20.0,city
384d63f,2026-04-10,5.0,city
384d63f,2026-04-10,25.0,city
384d63f,2026-04-11,250.0,city
384d63f,2026-04-11,15.0,city
384d63f,2026-04-11,50.0,city
384d63f,2026-04-12,25.0,city
384d63f,2026-04-13,25.0,city
384d63f,2026-04-13,50.0,city
384d63f,2026-04-13,35.0,city
384d63f,2026-04-13,25.0,city
384d63f,2026-04-13,50.0,city
384d63f,2026-04-13,6.0,city
384d63f,2026-04-13,3000.0,ucb
384d63f,2026-04-15,20.0,city
384d63f,2026-04-15,20.0,city
384d63f,2026-04-15,20.0,city
384d63f,2026-04-16,20.0,city
384d63f,2026-04-17,250.0,city
384d63f,2026-04-17,5.0,city
384d63f,2026-04-17,200.0,city
384d63f,2026-04-17,50.0,city
384d63f,2026-04-17,35.0,city
384d63f,2026-04-19,28.5,city
384d63f,2026-04-19,1000.0,city
384d63f,2026-04-20,83.0,city
384d63f,2026-04-20,10.0,city
384d63f,2026-04-20,250.0,city
384d63f,2026-04-20,50.0,city
384d63f,2026-04-20,25.0,city
384d63f,2026-04-21,300.0,city
384d63f,2026-04-21,30.0,city
384d63f,2026-04-21,100.0,city
384d63f,2026-04-21,100.0,city
384d63f,2026-04-21,1000.0,ucb
384d63f,2026-04-22,10.0,city
384d63f,2026-04-22,250.0,city
384d63f,2026-04-22,250.0,city
384d63f,2026-04-22,100.0,city
384d63f,2026-04-22,50.0,city
384d63f,2026-04-23,20.0,city
384d63f,2026-04-23,25.0,city
384d63f,2026-04-23,400.0,city
384d63f,2026-04-23,1600.0,city
384d63f,2026-04-24,20.0,city
384d63f,2026-04-25,50.0,city
384d63f,2026-04-26,5.0,city
384d63f,2026-04-26,20.0,city
384d63f,2026-04-26,25.0,city
384d63f,2026-04-26,35.0,city
384d63f,2026-04-27,20.0,city
384d63f,2026-04-27,25.0,city
384d63f,2026-04-27,20.0,city
384d63f,2026-04-28,50.0,city
384d63f,2026-04-28,25.0,city
384d63f,2026-04-28,5.0,city
384d63f,2026-04-28,50.0,city
384d63f,2026-04-28,5.0,city
384d63f,2026-04-28,25.0,city
384d63f,2026-04-29,25.0,city
384d63f,2026-04-29,25.0,city
384d63f,2026-04-30,5.0,both
384d63f,2026-04-30,20.0,city
384d63f,2026-04-30,6.0,city
384d63f,2026-04-30,500.0,city
384d63f,2026-04-30,10.0,city
384d63f,2026-04-30,20.0,city
384d63f,2026-04-30,22.0,city
384d63f,2026-04-30,10.0,city
384d63f,2026-04-30,20.0,city
384d63f,2026-04-30,100.0,city
384d63f,2026-04-30,5.0,city
384d63f,2026-04-30,30.0,city
384d63f,2026-05-01,100.0,city
384d63f,2026-05-01,35.0,city
384d63f,2026-05-02,28.0,city
384d63f,2026-05-02,50.0,city
384d63f,2026-05-03,50.0,city
384d63f,2026-05-04,50.0,city
384d63f,2026-05-04,100.0,city
384d63f,2026-05-04,20.0,city
384d63f,2026-05-04,25.0,city
384d63f,2026-05-04,25.0,city
384d63f,2026-05-05,50.0,city
384d63f,2026-05-05,25.0,city
384d63f,2026-05-05,75.0,city
384d63f,2026-05-05,50.0,city
384d63f,2026-05-05,10.0,city
384d63f,2026-05-06,50.0,city
384d63f,2026-05-07,35.0,city
384d63f,2026-05-07,50.0,city
384d63f,2026-05-07,50.0,city
384d63f,2026-05-07,200.0,city
384d63f,2026-05-07,35.0,city
384d63f,2026-05-07,50.0,city
384d63f,2026-05-07,3.33,city
384d63f,2026-05-08,5.0,city
384d63f,2026-05-08,50.0,city
384d63f,2026-05-08,10.0,city
384d63f,2026-05-09,100.0,city
384d63f,2026-05-09,100.0,city
384d63f,2026-05-09,50.0,city
384d63f,2026-05-10,5.0,city
384d63f,2026-05-10,50.0,city
384d63f,2026-05-10,20.0,city
384d63f,2026-05-10,50.0,city
384d63f,2026-05-11,15.0,city
384d63f,2026-05-11,50.0,city
384d63f,2026-05-11,75.0,city
384d63f,2026-05-12,50.0,city
384d63f,2026-05-12,25.0,city
384d63f,2026-05-12,500.0,city
384d63f,2026-05-13,25.0,city
384d63f,2026-05-13,25.0,city
384d63f,2026-05-13,50.0,city
384d63f,2026-05-13,100.0,city
384d63f,2026-05-13,50.0,city
384d63f,2026-05-13,50.0,city
384d63f,2026-05-14,25.0,city
384d63f,2026-05-14,50.0,city
384d63f,2026-05-15,20.0,city
384d63f,2026-05-15,20.0,city
384d63f,2026-05-15,20.0,city
384d63f,2026-05-15,5.0,city
384d63f,2026-05-16,20.0,city
384d63f,2026-05-16,50.0,city
384d63f,2026-05-17,250.0,city
384d63f,2026-05-18,5.0,city
384d63f,2026-05-18,10.0,city
384d63f,2026-05-18,250.0,city
384d63f,2026-05-18,500.0,city
384d63f,2026-05-18,500.0,city
384d63f,2026-05-18,750.0,city
384d63f,2026-05-18,100.0,city
384d63f,2026-05-19,7.0,city
384d63f,2026-05-20,250.0,city
384d63f,2026-05-20,50.0,city
384d63f,2026-05-20,1000.0,city
384d63f,2026-05-20,100.0,city
384d63f,2026-05-20,250.0,city
384d63f,2026-05-20,200.0,city
384d63f,2026-05-20,250.0,city
384d63f,2026-05-20,20.0,city
384d63f,2026-05-20,100.0,city
384d63f,2026-05-20,50.0,city
384d63f,2026-05-20,25.0,city
384d63f,2026-05-20,25.0,city
384d63f,2026-05-20,10.0,city
384d63f,2026-05-20,50.0,city
384d63f,2026-05-20,100.0,city
384d63f,2026-05-20,5.0,city
384d63f,2026-05-20,100.0,city
384d63f,2026-05-21,25.0,city
384d63f,2026-05-21,50.0,city
384d63f,2026-05-21,100.0,city
384d63f,2026-05-21,50.0,city
384d63f,2026-05-21,25.0,city
384d63f,2026-05-21,30.0,city
384d63f,2026-05-22,27.0,city
384d63f,2026-05-22,100.0,city
384d63f,2026-05-22,100.0,city
384d63f,2026-05-22,50.0,city
384d63f,2026-05-22,10.0,city
384d63f,2026-05-22,100.0,city
384d63f,2026-05-23,50.0,city
384d63f,2026-05-23,20.0,city
384d63f,2026-05-23,25.0,city
384d63f,2026-05-24,100.0,city
384d63f,2026-05-24,250.0,city
384d63f,2026-05-24,20.0,city
384d63f,2026-05-25,50.0,city
384d63f,2026-05-25,50.0,city
384d63f,2026-05-26,28.5,city
384d63f,2026-05-26,35.0,city
384d63f,2026-05-26,20.0,city
384d63f,2026-05-26,5.0,city
384d63f,2026-05-26,100.0,city
384d63f,2026-05-27,100.0,city
384d63f,2026-05-27,20.0,city
384d63f,2026-05-27,200.0,city
384d63f,2026-05-27,50.0,city
384d63f,2026-05-27,100.0,city
384d63f,2026-05-27,20.0,city
384d63f,2026-05-27,35.0,city
384d63f,2026-05-27,25.0,city
384d63f,2026-05-27,20.0,city
384d63f,2026-05-28,5.0,city
384d63f,2026-05-28,25.0,city
384d63f,2026-05-28,50.0,city
384d63f,2026-05-29,25.0,city
384d63f,2026-05-29,20.0,city
384d63f,2026-05-30,25.0,city
384d63f,2026-05-30,10.0,city
384d63f,2026-05-30,20.0,city
384d63f,2026-05-30,25.0,city
384d63f,2026-05-30,7.0,city
384d63f,2026-05-30,25.0,city
384d63f,2026-05-30,25.0,city
384d63f,2026-05-30,15.0,city
384d63f,2026-05-31,5.0,both
384d63f,2026-05-31,6.0,city
384d63f,2026-05-31,9.0,city
384d63f,2026-05-31,10.0,city
384d63f,2026-05-31,22.0,city
384d63f,2026-05-31,250.0,city
384d63f,2026-05-31,25.0,city
384d63f,2026-05-31,100.0,city
384d63f,2026-05-31,20.0,city
384d63f,2026-06-01,100.0,city
384d63f,2026-06-01,35.0,city
384d63f,2026-06-01,35.0,city
384d63f,2026-06-01,500.0,city
384d63f,2026-06-01,50.0,city
384d63f,2026-06-01,1000.0,city
384d63f,2026-06-01,250.0,city
384d63f,2026-06-01,50.0,city
384d63f,2026-06-01,20.0,city
384d63f,2026-06-01,50.0,ucb
384d63f,2026-06-02,500.0,city
384d63f,2026-06-02,26.0,city
384d63f,2026-06-02,100.0,city
384d63f,2026-06-02,20.0,city
384d63f,2026-06-02,10.0,city
384d63f,2026-06-02,50.0,city
384d63f,2026-06-02,500.0,ucb
384d63f,2026-06-03,100.0,city
384d63f,2026-06-03,10.0,city
384d63f,2026-06-03,50.0,city
384d63f,2026-06-03,25.0,city
384d63f,2026-06-03,250.0,city
384d63f,2026-06-04,50.0,city
384d63f,2026-06-04,25.0,city
384d63f,2026-06-04,20.0,city
384d63f,2026-06-04,50.0,city
384d63f,2026-06-05,25.0,city
384d63f,2026-06-05,50.0,city
384d63f,2026-06-05,250.0,city
384d63f,2026-06-05,50.0,city
384d63f,2026-06-05,10.0,city
384d63f,2026-06-06,100.0,city
384d63f,2026-06-06,100.0,city
384d63f,2026-06-06,50.0,city
384d63f,2026-06-06,100.0,city
384d63f,2026-06-07,3.33,city
384d63f,2026-06-07,100.0,city
384d63f,2026-06-07,100.0,city
384d63f,2026-06-07,100.0,city
384d63f,2026-06-07,20.0,city
384d63f,2026-06-08,250.0,city
384d63f,2026-06-08,250.0,city
384d63f,2026-06-08,25.0,city
384d63f,2026-06-08,5.0,city
384d63f,2026-06-08,100.0,city
384d63f,2026-06-08,125.0,city
384d63f,2026-06-08,50.0,city
384d63f,2026-06-08,250.0,city
384d63f,2026-06-09,100.0,city
384d63f,2026-06-09,50.0,city
384d63f,2026-06-09,100.0,city
384d63f,2026-06-09,100.0,city
384d63f,2026-06-09,250.0,city
384d63f,2026-06-10,10.0,city
384d63f,2026-06-10,20.0,city
384d63f,2026-06-10,5.0,city
384d63f,2026-06-10,50.0,city
384d63f,2026-06-10,51.0,city
384d63f,2026-06-11,48.0,city
384d63f,2026-06-11,25.0,city
384d63f,2026-06-11,10.0,city
384d63f,2026-06-11,500.0,city
384d63f,2026-06-11,15.0,city
384d63f,2026-06-11,100.0,city
384d63f,2026-06-11,75.0,city
384d63f,2026-06-12,4.0,city
384d63f,2026-06-12,3500.0,city
384d63f,2026-06-12,25.0,city
384d63f,2026-06-13,100.0,city
384d63f,2026-06-13,25.0,city
384d63f,2026-06-13,50.0,city
384d63f,2026-06-13,50.0,city
384d63f,2026-06-13,25.0,city
384d63f,2026-06-14,28.5,city
384d63f,2026-06-14,250.0,city
384d63f,2026-06-14,500.0,city
384d63f,2026-06-14,50.0,city
384d63f,2026-06-15,20.0,city
384d63f,2026-06-15,20.0,city
384d63f,2026-06-15,20.0,city
384d63f,2026-06-16,200.0,city
384d63f,2026-06-16,25.0,city
384d63f,2026-06-17,100.0,city
384d63f,2026-06-17,20.0,city
384d63f,2026-06-17,37.0,city
384d63f,2026-06-17,100.0,city
384d63f,2026-06-17,50.0,city
384d63f,2026-06-17,100.0,city
384d63f,2026-06-17,100.0,city
384d63f,2026-06-17,25.0,city
384d63f,2026-06-17,250.0,city
384d63f,2026-06-17,25.0,city
384d63f,2026-06-17,500.0,city
384d63f,2026-06-17,20.0,city
384d63f,2026-06-17,25.0,city
384d63f,2026-06-17,200.0,city
384d63f,2026-06-17,50.0,city
384d63f,2026-06-18,100.0,city
384d63f,2026-06-18,9.0,city
384d63f,2026-06-18,100.0,city
384d63f,2026-06-18,250.0,city
384d63f,2026-06-18,33.33,city
384d63f,2026-06-18,250.0,city
384d63f,2026-06-18,100.0,city
384d63f,2026-06-18,28.5,city
384d63f,2026-06-18,100.0,city
384d63f,2026-06-18,50.0,city
384d63f,2026-06-19,7.0,city
384d63f,2026-06-19,50.0,city
384d63f,2026-06-19,25.0,city
384d63f,2026-06-19,25.0,city
384d63f,2026-06-19,75.0,city
384d63f,2026-06-19,25.0,city
384d63f,2026-06-19,250.0,city
384d63f,2026-06-19,100.0,city
384d63f,2026-06-19,200.0,city
384d63f,2026-06-19,28.5,city
384d63f,2026-06-19,250.0,city
384d63f,2026-06-20,100.0,city
384d63f,2026-06-20,150.0,city
384d63f,2026-06-20,2500.0,city
384d63f,2026-06-20,50.0,city
384d63f,2026-06-20,50.0,city
384d63f,2026-06-20,10.0,city
384d63f,2026-06-21,107.0,city
384d63f,2026-06-21,30.0,city
384d63f,2026-06-21,20.0,city
384d63f,2026-06-21,28.5,ucb
384d63f,2026-06-22,10.0,city
384d63f,2026-06-23,50.0,city
384d63f,2026-06-23,180.0,city
384d63f,2026-06-23,25.0,city
384d63f,2026-06-23,20.0,city
384d63f,2026-06-24,25.0,city
384d63f,2026-06-24,20.0,city
384d63f,2026-06-24,10.0,city
384d63f,2026-06-25,8.0,city
384d63f,2026-06-25,50.0,city
384d63f,2026-06-25,25.0,city
384d63f,2026-06-25,7.0,city
384d63f,2026-06-26,20.0,city
384d63f,2026-06-26,500.0,city
384d63f,2026-06-26,30.0,city
384d63f,2026-06-26,500.0,city
384d63f,2026-06-26,5.0,city
384d63f,2026-06-26,20.0,city
384d63f,2026-06-26,35.0,city
384d63f,2026-06-26,100.0,city
384d63f,2026-06-27,25.0,city
384d63f,2026-06-27,20.0,city
384d63f,2026-06-27,100.0,city
384d63f,2026-06-27,25.0,city
384d63f,2026-06-27,20.0,city
384d63f,2026-06-27,20.0,city
384d63f,2026-06-27,50.0,city
384d63f,2026-06-27,28.5,city
384d63f,2026-06-28,25.0,city
384d63f,2026-06-28,27.0,city
384d63f,2026-06-28,25.0,city
384d63f,2026-06-28,25.0,city
384d63f,2026-06-28,5.0,city
384d63f,2026-06-28,150.0,city
384d63f,2026-06-29,25.0,city
384d63f,2026-06-29,50.0,city
384d63f,2026-06-29,250.0,city
384d63f,2026-06-29,99.0,city
384d63f,2026-06-29,20.0,city
384d63f,2026-06-29,100.0,city
384d63f,2026-06-29,250.0,city
384d63f,2026-06-29,30.0,city
384d63f,2026-06-29,100.0,city
384d63f,2026-06-29,100.0,city
384d63f,2026-06-29,50.0,city
384d63f,2026-06-29,250.0,city
384d63f,2026-06-29,50.0,city
384d63f,2026-06-29,20.0,city
384d63f,2026-06-29,50.0,city
384d63f,2026-06-30,5.0,both
384d63f,2026-06-30,20.0,city
384d63f,2026-06-30,25.0,city
384d63f,2026-06-30,100.0,city
384d63f,2026-06-30,100.0,city
384d63f,2026-06-30,22.0,city
384d63f,2026-06-30,250.0,city
384d63f,2026-06-30,20.0,city
384d63f,2026-06-30,50.0,city
384d63f,2026-06-30,6.0,city
384d63f,2026-06-30,100.0,city
384d63f,2026-06-30,10.0,city
384d63f,2026-06-30,4000.0,city
384d63f,2026-06-30,100.0,city
384d63f,2026-06-30,50.0,city
384d63f,2026-06-30,300.0,city
384d63f,2026-06-30,36.0,city
384d63f,2026-06-30,100.0,city
384d63f,2026-06-30,100.0,city
384d63f,2026-06-30,100.0,city
384d63f,2026-06-30,20.0,city
384d63f,2026-06-30,10.0,city
384d63f,2026-06-30,25.0,city
384d63f,2026-06-30,200.0,city
384d63f,2026-06-30,500.0,city
384d63f,2026-06-30,100.0,city
384d63f,2026-06-30,15.0,city
384d63f,2026-06-30,500.0,city
384d63f,2026-06-30,100.0,city
384d63f,2026-06-30,50.0,city
384d63f,2026-06-30,100.0,city
384d63f,2026-06-30,10.0,city
384d63f,2026-06-30,250.0,city
384d63f,2026-06-30,51.0,city
384d63f,2026-06-30,1500.0,city
384d63f,2026-06-30,20.0,city
384d63f,2026-06-30,2000.0,ucb
3882849,2025-08-21,3500.0,city
3882849,2025-08-21,3500.0,city
3882849,2025-09-04,2000.0,city
3882849,2025-09-04,3500.0,city
3882849,2025-09-04,3500.0,city
3882849,2026-04-09,3500.0,city
3882849,2026-04-09,3500.0,city
3882849,2026-04-20,3500.0,city
3882849,2026-04-20,3500.0,city
3882849,2026-04-23,3500.0,city
3882849,2026-04-23,3500.0,city
38ee3ff,2026-03-06,2000.0,city
39488c5,2026-04-17,515.24,city
39488c5,2026-05-27,515.24,city
3b3ef25,2025-12-29,100.0,city
3b3ef25,2026-03-09,4545.45,city
3b3ef25,2026-05-26,7000.0,city
3b3ef25,2026-06-24,300.0,ucb
3cfd72b,2025-08-26,500.0,city
3cfd72b,2025-08-27,25.0,city
3cfd72b,2025-08-31,50.0,city
3cfd72b,2025-08-31,3500.0,city
3cfd72b,2025-09-08,250.0,city
3cfd72b,2025-09-12,300.0,city
3cfd72b,2025-09-27,25.0,city
3cfd72b,2025-09-27,50.0,city
3cfd72b,2025-10-27,25.0,city
3cfd72b,2025-10-30,100.0,city
3cfd72b,2025-11-07,2000.0,city
3cfd72b,2025-11-08,200.0,city
3cfd72b,2025-11-11,250.0,city
3cfd72b,2025-11-11,666.67,city
3cfd72b,2025-11-12,1000.0,city
3cfd72b,2025-11-13,1666.67,city
3cfd72b,2025-11-15,3500.0,city
3cfd72b,2025-11-25,200.0,city
3cfd72b,2025-11-27,25.0,city
3cfd72b,2025-12-27,25.0,city
3cfd72b,2026-01-08,3500.0,city
3cfd72b,2026-01-27,25.0,city
3cfd72b,2026-01-27,500.0,city
3cfd72b,2026-02-02,100.0,city
3cfd72b,2026-02-12,1000.0,city
3cfd72b,2026-02-21,50.0,city
3cfd72b,2026-02-26,3500.0,city
3cfd72b,2026-02-26,3500.0,city
3cfd72b,2026-02-27,25.0,city
3cfd72b,2026-03-06,500.0,city
3cfd72b,2026-03-09,50.0,city
3cfd72b,2026-03-10,250.0,city
3cfd72b,2026-03-10,250.0,city
3cfd72b,2026-03-10,100.0,city
3cfd72b,2026-03-25,100.0,city
3cfd72b,2026-03-25,100.0,city
3cfd72b,2026-03-25,100.0,city
3cfd72b,2026-03-25,100.0,city
3cfd72b,2026-03-27,25.0,city
3cfd72b,2026-04-06,100.0,city
3cfd72b,2026-04-15,10.0,city
3cfd72b,2026-04-22,25.0,city
3cfd72b,2026-04-27,250.0,city
3cfd72b,2026-04-30,10.0,city
3cfd72b,2026-05-07,10.0,city
3cfd72b,2026-05-08,100.0,city
3cfd72b,2026-05-15,10.0,city
3cfd72b,2026-05-20,250.0,city
3cfd72b,2026-05-21,500.0,city
3cfd72b,2026-05-24,50.0,city
3cfd72b,2026-05-27,25.0,city
3cfd72b,2026-05-27,100.0,city
3cfd72b,2026-06-15,10.0,city
3cfd72b,2026-06-20,35.0,city
3cfd72b,2026-06-22,100.0,city
3cfd72b,2026-06-26,35.0,city
3cfd72b,2026-06-27,25.0,city
3d13680,2026-03-03,250.0,city
3d13680,2026-03-18,250.0,city
3f9eee0,2026-02-17,1000.0,ucb
40f2e0f,2025-08-10,500.0,city
40f2e0f,2025-08-23,250.0,city
40f2e0f,2025-10-11,250.0,city
40f2e0f,2025-12-04,250.0,city
40f2e0f,2025-12-08,250.0,city
40f2e0f,2025-12-08,500.0,city
40f2e0f,2025-12-08,500.0,ucb
40f2e0f,2025-12-09,1000.0,city
40f2e0f,2025-12-10,250.0,both
40f2e0f,2025-12-10,250.0,both
40f2e0f,2025-12-17,250.0,both
40f2e0f,2025-12-17,700.0,city
40f2e0f,2025-12-17,250.0,city
40f2e0f,2025-12-31,1000.0,city
40f2e0f,2026-01-17,100.0,city
40f2e0f,2026-02-27,500.0,city
40f2e0f,2026-03-31,1000.0,city
40f2e0f,2026-04-22,100.0,city
40f2e0f,2026-05-12,100.0,city
40f2e0f,2026-05-19,111.11,city
40f2e0f,2026-05-19,100.0,city
40f2e0f,2026-05-31,44.44,city
40f2e0f,2026-06-02,25.0,city
40f2e0f,2026-06-04,270.0,city
40f2e0f,2026-06-04,250.0,city
40f2e0f,2026-06-05,1000.0,ucb
40f2e0f,2026-06-09,50.0,city
40f2e0f,2026-06-10,100.0,city
40f2e0f,2026-06-10,1000.0,ucb
40f2e0f,2026-06-11,1000.0,city
40f2e0f,2026-06-11,500.0,city
40f2e0f,2026-06-16,200.0,city
40f2e0f,2026-06-19,111.11,city
40f2e0f,2026-06-20,500.0,city
40f2e0f,2026-06-22,1000.0,city
40f2e0f,2026-06-23,500.0,city
40f2e0f,2026-06-25,250.0,city
40f2e0f,2026-06-28,250.0,city
40f2e0f,2026-06-30,3500.0,city
40f2e0f,2026-06-30,666.67,city
40f2e0f,2026-06-30,375.0,city
40f2e0f,2026-06-30,3500.0,city
40f2e0f,2026-06-30,125.0,city
40f2e0f,2026-06-30,312.5,city
40f2e0f,2026-06-30,250.0,city
42171eb,2026-03-31,250.0,city
429999a,2026-03-15,250.0,city
429999a,2026-03-28,250.0,city
429999a,2026-04-30,10.0,city
429999a,2026-05-28,250.0,city
429999a,2026-05-29,10.0,city
43dfb68,2026-02-26,1000.0,city
44ce4a5,2025-08-18,500.0,city
44ce4a5,2025-11-04,250.0,city
44ce4a5,2025-11-04,250.0,city
44ce4a5,2025-11-05,1000.0,city
44ce4a5,2025-11-08,1000.0,city
44ce4a5,2025-12-12,500.0,city
44ce4a5,2025-12-13,1000.0,city
44ce4a5,2026-03-19,250.0,city
454a177,2025-11-10,360.0,city
454a177,2026-01-24,100.0,city
454a177,2026-03-06,500.0,city
454a177,2026-05-21,250.0,city
454a177,2026-05-26,250.0,city
454a177,2026-05-28,100.0,city
454a177,2026-05-28,100.0,city
459afc8,2025-10-18,1000.0,city
459afc8,2026-05-05,2000.0,city
459afc8,2026-06-28,500.0,city
46cdd62,2025-12-15,500.0,city
46cdd62,2026-01-23,100.0,city
46cdd62,2026-02-19,100.0,city
46cdd62,2026-04-20,27.0,ucb
46cdd62,2026-05-20,27.0,ucb
46cdd62,2026-06-12,250.0,city
46cdd62,2026-06-20,27.0,ucb
484ab3b,2025-10-31,2000.0,ucb
4899f8a,2026-03-31,250.0,ucb
4899f8a,2026-05-09,500.0,city
48d1c76,2025-11-06,7000.0,city
48d1c76,2025-11-14,1000.0,city
48d1c76,2026-01-29,1000.0,city
48f0f78,2025-08-28,1000.0,city
49cc300,2025-09-02,40.0,city
49cc300,2025-09-30,200.0,city
49cc300,2025-10-01,33.0,city
49cc300,2025-10-03,40.0,city
49cc300,2025-11-03,25.0,city
49cc300,2025-12-04,25.0,city
49cc300,2026-01-05,20.0,city
49cc300,2026-02-04,20.0,city
49cc300,2026-03-01,20.0,city
49cc300,2026-06-23,100.0,city
49cc300,2026-06-24,100.0,city
49e9787,2025-12-16,500.0,city
4a77a04,2025-10-18,71.43,city
4a77a04,2026-03-05,3500.0,city
4a77a04,2026-03-05,3500.0,city
4ae230c,2025-09-30,250.0,city
4ae230c,2025-10-04,7000.0,city
4ae30fb,2025-08-30,25.0,city
4ae30fb,2025-09-04,500.0,city
4ae30fb,2025-09-18,50.0,city
4ae30fb,2025-09-24,25.0,city
4ae30fb,2025-09-24,25.0,city
4ae30fb,2025-09-29,250.0,city
4ae30fb,2025-09-30,25.0,city
4ae30fb,2025-10-07,50.0,city
4ae30fb,2025-10-07,50.0,city
4ae30fb,2025-10-21,25.0,city
4ae30fb,2025-10-30,25.0,city
4ae30fb,2025-11-11,250.0,city
4ae30fb,2025-11-19,25.0,city
4ae30fb,2025-11-23,50.0,city
4ae30fb,2025-11-26,100.0,city
4ae30fb,2025-11-30,25.0,city
4ae30fb,2025-12-16,50.0,city
4ae30fb,2025-12-18,100.0,city
4ae30fb,2025-12-24,25.0,city
4ae30fb,2025-12-25,25.0,city
4ae30fb,2025-12-30,25.0,city
4ae30fb,2026-01-12,30.0,city
4ae30fb,2026-01-12,25.0,city
4ae30fb,2026-01-12,15.0,city
4ae30fb,2026-01-13,50.0,city
4ae30fb,2026-01-30,25.0,city
4ae30fb,2026-02-11,35.0,city
4ae30fb,2026-02-11,25.0,city
4ae30fb,2026-02-26,25.0,city
4ae30fb,2026-02-28,25.0,city
4ae30fb,2026-03-10,500.0,city
4ae30fb,2026-03-11,25.0,city
4ae30fb,2026-03-11,25.0,city
4ae30fb,2026-03-18,25.0,city
4ae30fb,2026-03-30,25.0,city
4ae30fb,2026-04-15,25.0,city
4ae30fb,2026-04-30,25.0,both
4ae30fb,2026-04-30,25.0,city
4ae30fb,2026-05-09,50.0,city
4ae30fb,2026-05-13,500.0,city
4ae30fb,2026-05-22,300.0,city
4ae30fb,2026-05-27,25.0,city
4ae30fb,2026-05-27,25.0,city
4ae30fb,2026-05-30,25.0,both
4ae30fb,2026-06-01,250.0,city
4ae30fb,2026-06-10,25.0,city
4ae30fb,2026-06-30,25.0,both
4b8a929,2025-09-09,3500.0,city
4b8a929,2025-09-12,300.0,city
4b8a929,2025-09-30,250.0,city
4b8a929,2025-10-18,71.43,city
4b8a929,2025-11-06,250.0,city
4b8a929,2025-11-24,250.0,city
4b8a929,2026-02-15,1000.0,city
4b8a929,2026-03-02,3500.0,city
4b8a929,2026-03-31,250.0,city
4b8a929,2026-05-15,250.0,city
4b8a929,2026-05-15,200.0,ucb
4b8a929,2026-06-30,250.0,city
4ba00fe,2026-01-30,100.0,city
4bb105c,2026-02-23,50.0,city
4bb105c,2026-03-21,100.0,city
4bb105c,2026-03-23,4000.0,city
4bb105c,2026-03-30,100.0,city
4bb105c,2026-04-05,100.0,city
4cbdaa0,2026-02-20,250.0,city
4cbdaa0,2026-02-28,100.0,city
4cbdaa0,2026-03-09,100.0,city
4cbdaa0,2026-03-29,50.0,city
4d0b1cf,2026-06-18,250.0,city
4d8be09,2026-06-25,3500.0,city
4db63f1,2025-11-25,500.0,city
4db63f1,2025-12-26,250.0,city
4db63f1,2026-01-27,500.0,city
4db63f1,2026-02-12,250.0,city
4db63f1,2026-02-26,500.0,city
4db63f1,2026-03-06,500.0,city
4f4bfb0,2025-08-23,3.0,city
4f4bfb0,2025-08-30,5.0,city
4f4bfb0,2025-09-23,3.0,city
4f4bfb0,2025-09-30,5.0,city
4f4bfb0,2025-10-23,3.0,city
4f4bfb0,2025-10-30,5.0,city
4f4bfb0,2025-11-23,3.0,city
4f4bfb0,2025-11-30,5.0,city
4f4bfb0,2025-12-23,3.0,city
4f4bfb0,2025-12-30,5.0,city
4f4bfb0,2026-01-23,3.0,city
4f4bfb0,2026-01-30,5.0,city
4f4bfb0,2026-02-23,3.0,city
4f4bfb0,2026-02-28,5.0,city
4f4bfb0,2026-03-23,3.0,city
4f4bfb0,2026-03-30,5.0,city
4f4bfb0,2026-03-31,35.0,city
4f4bfb0,2026-04-10,5.0,city
4f4bfb0,2026-04-23,3.0,city
4f4bfb0,2026-04-29,15.0,city
4f4bfb0,2026-04-30,5.0,city
4f4bfb0,2026-05-07,20.0,city
4f4bfb0,2026-05-10,15.0,city
4f4bfb0,2026-05-22,20.0,city
4f4bfb0,2026-05-23,3.0,city
4f4bfb0,2026-05-30,5.0,city
4f4bfb0,2026-06-10,15.0,city
4f4bfb0,2026-06-23,3.0,city
4f4bfb0,2026-06-30,5.0,city
500f9b9,2025-09-06,2000.0,city
500f9b9,2025-09-19,500.0,city
500f9b9,2025-09-26,500.0,city
500f9b9,2026-05-26,300.0,city
5115089,2026-06-30,150.0,city
5116a07,2025-08-30,250.0,city
5116a07,2025-09-24,1000.0,city
5116a07,2025-12-16,250.0,city
5327269,2026-03-06,500.0,city
5327269,2026-03-31,250.0,city
5327269,2026-05-13,250.0,city
53db81f,2025-10-07,250.0,city
5422688,2025-09-09,1500.0,city
5422688,2025-12-29,250.0,city
5422688,2026-01-22,250.0,city
5422688,2026-02-05,125.0,city
5422688,2026-03-12,500.0,city
544a0c1,2025-08-10,25.0,city
544a0c1,2025-08-11,125.0,city
544a0c1,2025-08-13,25.0,city
544a0c1,2025-08-14,100.0,city
544a0c1,2025-08-14,100.0,city
544a0c1,2025-08-17,25.0,city
544a0c1,2025-08-22,100.0,city
544a0c1,2025-08-26,250.0,city
544a0c1,2025-08-26,250.0,city
544a0c1,2025-08-27,100.0,city
544a0c1,2025-08-28,25.0,city
544a0c1,2025-08-29,10.0,city
544a0c1,2025-08-29,25.0,city
544a0c1,2025-08-29,10.0,city
544a0c1,2025-09-01,100.0,city
544a0c1,2025-09-03,200.0,city
544a0c1,2025-09-04,250.0,city
544a0c1,2025-09-07,100.0,city
544a0c1,2025-09-09,100.0,city
544a0c1,2025-09-10,25.0,city
544a0c1,2025-09-10,250.0,city
544a0c1,2025-09-13,25.0,city
544a0c1,2025-09-14,25.0,city
544a0c1,2025-09-16,250.0,city
544a0c1,2025-09-17,25.0,city
544a0c1,2025-09-18,10.0,city
544a0c1,2025-09-23,250.0,city
544a0c1,2025-09-26,500.0,city
544a0c1,2025-09-26,100.0,city
544a0c1,2025-09-26,250.0,city
544a0c1,2025-09-28,25.0,city
544a0c1,2025-09-29,10.0,city
544a0c1,2025-09-29,10.0,city
544a0c1,2025-10-01,100.0,city
544a0c1,2025-10-04,50.0,city
544a0c1,2025-10-07,100.0,city
544a0c1,2025-10-09,50.0,city
544a0c1,2025-10-09,75.0,city
544a0c1,2025-10-10,25.0,city
544a0c1,2025-10-11,17.5,city
544a0c1,2025-10-13,37.5,city
544a0c1,2025-10-13,25.0,city
544a0c1,2025-10-13,100.0,city
544a0c1,2025-10-14,25.0,city
544a0c1,2025-10-15,250.0,city
544a0c1,2025-10-16,15.0,city
544a0c1,2025-10-17,25.0,city
544a0c1,2025-10-24,12.5,city
544a0c1,2025-10-25,250.0,city
544a0c1,2025-10-26,100.0,city
544a0c1,2025-10-26,25.0,city
544a0c1,2025-10-27,25.0,city
544a0c1,2025-10-28,25.0,city
544a0c1,2025-10-29,10.0,city
544a0c1,2025-10-29,10.0,city
544a0c1,2025-10-29,100.0,city
544a0c1,2025-10-29,25.0,city
544a0c1,2025-10-31,500.0,city
544a0c1,2025-10-31,12.5,city
544a0c1,2025-11-01,100.0,city
544a0c1,2025-11-01,100.0,city
544a0c1,2025-11-04,250.0,city
544a0c1,2025-11-04,50.0,city
544a0c1,2025-11-04,100.0,city
544a0c1,2025-11-04,100.0,city
544a0c1,2025-11-07,1000.0,city
544a0c1,2025-11-07,100.0,city
544a0c1,2025-11-09,25.0,city
544a0c1,2025-11-09,12.5,city
544a0c1,2025-11-10,25.0,city
544a0c1,2025-11-11,17.5,city
544a0c1,2025-11-12,200.0,city
544a0c1,2025-11-13,25.0,city
544a0c1,2025-11-13,100.0,city
544a0c1,2025-11-14,25.0,city
544a0c1,2025-11-16,15.0,city
544a0c1,2025-11-17,25.0,city
544a0c1,2025-11-19,250.0,city
544a0c1,2025-11-21,250.0,city
544a0c1,2025-11-21,100.0,city
544a0c1,2025-11-24,100.0,city
544a0c1,2025-11-24,25.0,city
544a0c1,2025-11-24,50.0,city
544a0c1,2025-11-26,12.5,city
544a0c1,2025-11-26,25.0,city
544a0c1,2025-11-27,25.0,city
544a0c1,2025-11-28,25.0,city
544a0c1,2025-11-29,25.0,city
544a0c1,2025-11-29,5.0,city
544a0c1,2025-11-29,100.0,city
544a0c1,2025-11-29,10.0,city
544a0c1,2025-11-29,10.0,city
544a0c1,2025-11-30,100.0,city
544a0c1,2025-12-01,25.0,city
544a0c1,2025-12-01,100.0,city
544a0c1,2025-12-01,400.0,city
544a0c1,2025-12-04,50.0,city
544a0c1,2025-12-07,100.0,city
544a0c1,2025-12-10,25.0,city
544a0c1,2025-12-10,100.0,city
544a0c1,2025-12-11,17.5,city
544a0c1,2025-12-12,100.0,city
544a0c1,2025-12-13,25.0,city
544a0c1,2025-12-13,100.0,city
544a0c1,2025-12-13,100.0,city
544a0c1,2025-12-14,25.0,city
544a0c1,2025-12-16,15.0,city
544a0c1,2025-12-17,25.0,city
544a0c1,2025-12-22,10.0,city
544a0c1,2025-12-23,35.0,city
544a0c1,2025-12-23,100.0,city
544a0c1,2025-12-26,25.0,city
544a0c1,2025-12-27,25.0,city
544a0c1,2025-12-28,25.0,city
544a0c1,2025-12-29,10.0,city
544a0c1,2025-12-29,10.0,city
544a0c1,2025-12-29,25.0,city
544a0c1,2025-12-29,25.0,city
544a0c1,2025-12-29,100.0,city
544a0c1,2025-12-29,100.0,city
544a0c1,2026-01-01,100.0,city
544a0c1,2026-01-04,50.0,city
544a0c1,2026-01-06,25.0,city
544a0c1,2026-01-07,5.0,city
544a0c1,2026-01-07,100.0,city
544a0c1,2026-01-10,25.0,city
544a0c1,2026-01-11,17.5,city
544a0c1,2026-01-13,100.0,city
544a0c1,2026-01-13,25.0,city
544a0c1,2026-01-13,25.0,city
544a0c1,2026-01-14,25.0,city
544a0c1,2026-01-15,10.0,city
544a0c1,2026-01-16,15.0,city
544a0c1,2026-01-17,25.0,city
544a0c1,2026-01-19,10.0,city
544a0c1,2026-01-22,25.0,city
544a0c1,2026-01-26,25.0,city
544a0c1,2026-01-26,10.0,city
544a0c1,2026-01-27,25.0,city
544a0c1,2026-01-28,25.0,city
544a0c1,2026-01-28,100.0,city
544a0c1,2026-01-29,100.0,city
544a0c1,2026-01-29,25.0,city
544a0c1,2026-01-29,10.0,city
544a0c1,2026-01-29,10.0,city
544a0c1,2026-01-31,500.0,city
544a0c1,2026-02-01,100.0,city
544a0c1,2026-02-04,50.0,city
544a0c1,2026-02-07,100.0,city
544a0c1,2026-02-10,25.0,city
544a0c1,2026-02-11,17.5,city
544a0c1,2026-02-13,100.0,city
544a0c1,2026-02-13,25.0,city
544a0c1,2026-02-14,25.0,city
544a0c1,2026-02-15,10.0,city
544a0c1,2026-02-16,15.0,city
544a0c1,2026-02-17,25.0,city
544a0c1,2026-02-18,25.0,city
544a0c1,2026-02-19,10.0,city
544a0c1,2026-02-21,250.0,city
544a0c1,2026-02-26,10.0,city
544a0c1,2026-02-26,25.0,city
544a0c1,2026-02-27,25.0,city
544a0c1,2026-02-28,25.0,city
544a0c1,2026-02-28,25.0,city
544a0c1,2026-02-28,10.0,city
544a0c1,2026-02-28,10.0,city
544a0c1,2026-02-28,100.0,city
544a0c1,2026-03-01,100.0,city
544a0c1,2026-03-02,5.0,city
544a0c1,2026-03-06,25.0,city
544a0c1,2026-03-07,100.0,city
544a0c1,2026-03-09,250.0,city
544a0c1,2026-03-09,100.0,city
544a0c1,2026-03-10,25.0,city
544a0c1,2026-03-11,17.5,city
544a0c1,2026-03-13,25.0,city
544a0c1,2026-03-14,25.0,city
544a0c1,2026-03-15,10.0,city
544a0c1,2026-03-17,25.0,city
544a0c1,2026-03-19,10.0,city
544a0c1,2026-03-26,25.0,city
544a0c1,2026-03-26,10.0,city
544a0c1,2026-03-27,250.0,city
544a0c1,2026-03-27,250.0,city
544a0c1,2026-03-27,25.0,city
544a0c1,2026-03-28,12.5,city
544a0c1,2026-03-28,50.0,city
544a0c1,2026-03-28,25.0,city
544a0c1,2026-03-29,25.0,city
544a0c1,2026-03-29,10.0,city
544a0c1,2026-03-29,100.0,city
544a0c1,2026-03-29,10.0,city
544a0c1,2026-03-29,3.0,city
544a0c1,2026-03-30,5.0,city
544a0c1,2026-03-31,100.0,city
544a0c1,2026-03-31,100.0,city
544a0c1,2026-04-01,100.0,city
544a0c1,2026-04-01,100.0,city
544a0c1,2026-04-07,100.0,city
544a0c1,2026-04-10,25.0,city
544a0c1,2026-04-10,12.5,city
544a0c1,2026-04-13,25.0,city
544a0c1,2026-04-14,25.0,city
544a0c1,2026-04-15,10.0,city
544a0c1,2026-04-17,50.0,city
544a0c1,2026-04-17,25.0,city
544a0c1,2026-04-22,25.0,city
544a0c1,2026-04-26,10.0,city
544a0c1,2026-04-26,25.0,city
544a0c1,2026-04-26,5.0,city
544a0c1,2026-04-27,25.0,city
544a0c1,2026-04-27,50.0,city
544a0c1,2026-04-28,25.0,city
544a0c1,2026-04-29,10.0,city
544a0c1,2026-04-29,25.0,city
544a0c1,2026-04-29,10.0,city
544a0c1,2026-04-29,25.0,city
544a0c1,2026-04-30,5.0,city
544a0c1,2026-05-01,100.0,city
544a0c1,2026-05-05,200.0,city
544a0c1,2026-05-07,100.0,city
544a0c1,2026-05-10,25.0,city
544a0c1,2026-05-13,25.0,city
544a0c1,2026-05-14,25.0,city
544a0c1,2026-05-15,10.0,city
544a0c1,2026-05-17,25.0,city
544a0c1,2026-05-17,50.0,city
544a0c1,2026-05-19,10.0,city
544a0c1,2026-05-22,25.0,city
544a0c1,2026-05-26,25.0,city
544a0c1,2026-05-26,10.0,city
544a0c1,2026-05-26,5.0,city
544a0c1,2026-05-27,25.0,city
544a0c1,2026-05-28,25.0,city
544a0c1,2026-05-29,25.0,city
544a0c1,2026-05-29,10.0,city
544a0c1,2026-05-29,10.0,city
544a0c1,2026-05-30,5.0,city
544a0c1,2026-06-01,100.0,city
544a0c1,2026-06-04,500.0,city
544a0c1,2026-06-07,100.0,city
544a0c1,2026-06-09,25.0,city
544a0c1,2026-06-10,25.0,city
544a0c1,2026-06-12,200.0,city
544a0c1,2026-06-14,25.0,city
544a0c1,2026-06-15,10.0,city
544a0c1,2026-06-17,25.0,city
544a0c1,2026-06-17,25.0,city
544a0c1,2026-06-17,50.0,city
544a0c1,2026-06-19,10.0,city
544a0c1,2026-06-22,25.0,city
544a0c1,2026-06-26,10.0,city
544a0c1,2026-06-26,25.0,city
544a0c1,2026-06-26,5.0,city
544a0c1,2026-06-27,25.0,city
544a0c1,2026-06-28,25.0,city
544a0c1,2026-06-29,10.0,city
544a0c1,2026-06-29,25.0,city
544a0c1,2026-06-30,5.0,city
5495f9f,2026-03-05,1000.0,ucb
5495f9f,2026-04-13,7000.0,city
5495f9f,2026-04-14,7000.0,city
54980f7,2025-08-25,50.0,city
54980f7,2025-09-25,50.0,city
54980f7,2025-10-25,50.0,city
54980f7,2025-11-20,250.0,city
54980f7,2025-12-05,100.0,city
54980f7,2026-02-24,500.0,city
54980f7,2026-05-13,250.0,city
54980f7,2026-05-31,250.0,city
54f8047,2026-01-27,1000.0,city
54f8047,2026-06-17,250.0,city
55e0b91,2026-02-02,285.72,city
55e0b91,2026-02-02,357.14,city
55e0b91,2026-02-02,714.29,city
55e0b91,2026-02-02,142.86,city
55e0b91,2026-02-02,285.72,city
55e0b91,2026-02-02,357.14,city
55e0b91,2026-02-09,285.72,city
55e0b91,2026-02-23,714.29,city
55e0b91,2026-03-13,250.0,city
55e0b91,2026-03-27,100.0,city
55e0b91,2026-03-27,100.0,city
55e0b91,2026-03-30,166.67,city
55e0b91,2026-03-30,416.67,city
55e0b91,2026-03-30,3500.0,city
55e0b91,2026-03-30,1666.67,city
55e0b91,2026-03-30,166.67,city
55e0b91,2026-03-30,166.67,city
55e0b91,2026-04-24,125.0,city
55e0b91,2026-04-24,50.0,city
55e0b91,2026-05-14,250.0,city
55e0b91,2026-05-15,100.0,city
55e0b91,2026-05-15,100.0,city
55e0b91,2026-05-24,250.0,city
55e0b91,2026-05-27,200.0,city
55e0b91,2026-06-19,100.0,city
55e0b91,2026-07-01,250.0,city
5868ad8,2025-08-14,10.0,city
5868ad8,2025-08-17,1.66,city
5868ad8,2025-08-17,35.0,city
5868ad8,2025-08-28,25.0,city
5868ad8,2025-08-29,50.0,city
5868ad8,2025-09-19,1.35,city
5868ad8,2025-09-23,1.35,city
5868ad8,2025-10-28,25.0,city
5868ad8,2025-11-13,25.0,city
5868ad8,2025-12-11,25.0,city
5868ad8,2025-12-13,25.0,city
5868ad8,2026-02-16,25.0,city
5868ad8,2026-03-22,25.0,city
5868ad8,2026-03-25,15.0,city
5930604,2025-10-17,2500.0,city
5930604,2025-10-17,2500.0,city
5930604,2025-11-12,250.0,city
5930604,2025-12-22,100.0,city
5930604,2026-01-05,1000.0,city
5930604,2026-01-16,500.0,city
5930604,2026-06-12,1000.0,city
5930604,2026-06-15,2000.0,city
5930604,2026-06-18,250.0,city
5ac3b60,2025-10-11,105.75,city
5ac3b60,2025-10-12,40.0,city
5ac3b60,2025-10-15,105.75,city
5ac3b60,2026-01-20,100.0,city
5ac3b60,2026-03-24,31.55,city
5ac3b60,2026-03-24,100.0,city
5ac3b60,2026-03-24,25.0,city
5b4883d,2026-05-13,250.0,city
5b6601f,2026-06-11,277.77,city
5b6601f,2026-06-11,277.77,city
5b6601f,2026-06-18,1111.11,city
5bfa77f,2025-08-31,25.0,city
5bfa77f,2025-09-28,25.0,city
5bfa77f,2025-11-02,25.0,city
5bfa77f,2025-11-30,25.0,city
5bfa77f,2025-12-29,25.0,city
5bfa77f,2026-02-01,25.0,city
5bfa77f,2026-03-01,25.0,city
5c83777,2025-10-02,10.0,city
5c83777,2025-11-18,250.0,city
5c83777,2026-02-23,200.0,city
5c83777,2026-03-22,100.0,city
5c83777,2026-03-30,250.0,city
5c83777,2026-04-30,1.0,city
5ce8e59,2025-08-22,100.0,city
5ce8e59,2025-09-03,100.0,city
5ce8e59,2025-09-07,100.0,city
5ce8e59,2025-09-16,250.0,city
5ce8e59,2025-09-23,250.0,city
5ce8e59,2026-03-12,1000.0,city
5ce8e59,2026-05-11,100.0,city
5ce8e59,2026-06-05,50.0,city
5d978e3,2025-08-11,4.0,city
5d978e3,2025-09-08,5.0,city
5d978e3,2025-09-11,4.0,city
5d978e3,2025-10-07,2.5,ucb
5d978e3,2025-10-08,5.0,city
5d978e3,2025-10-11,4.0,city
5d978e3,2025-11-08,5.0,city
5d978e3,2025-11-11,4.0,city
5d978e3,2025-12-08,5.0,city
5d978e3,2025-12-11,4.0,city
5d978e3,2026-01-08,5.0,city
5d978e3,2026-01-11,4.0,city
5d978e3,2026-01-19,150.0,city
5d978e3,2026-02-08,5.0,city
5d978e3,2026-02-11,4.0,city
5d978e3,2026-03-08,5.0,city
5d978e3,2026-03-11,4.0,city
5d978e3,2026-04-08,5.0,city
5d978e3,2026-04-11,4.0,city
5d978e3,2026-05-08,5.0,city
5d978e3,2026-05-11,4.0,city
5d978e3,2026-06-08,5.0,city
5d978e3,2026-06-11,4.0,city
5f04026,2026-02-03,250.0,city
5f04026,2026-05-12,500.0,city
5f1e201,2025-08-26,50.0,city
5f1e201,2025-08-26,50.0,city
5f1e201,2025-08-30,28.15,city
5f1e201,2025-09-02,500.0,city
5f1e201,2025-09-30,28.15,city
5f1e201,2025-10-23,15.0,city
5f1e201,2025-10-30,28.15,city
5f1e201,2025-11-23,15.0,city
5f1e201,2025-11-25,250.0,city
5f1e201,2025-11-30,28.15,city
5f1e201,2025-12-23,15.0,city
5f1e201,2025-12-30,28.15,city
5f1e201,2026-01-01,50.0,city
5f1e201,2026-01-03,100.0,city
5f1e201,2026-01-05,250.0,city
5f1e201,2026-01-07,27.0,city
5f1e201,2026-01-23,15.0,city
5f1e201,2026-01-25,100.0,city
5f1e201,2026-01-30,28.15,city
5f1e201,2026-01-31,25.0,city
5f1e201,2026-02-18,25.0,city
5f1e201,2026-02-23,15.0,city
5f1e201,2026-02-23,34.0,city
5f1e201,2026-02-24,500.0,city
5f1e201,2026-02-28,28.15,city
5f1e201,2026-03-08,250.0,city
5f1e201,2026-03-24,15.0,city
5f1e201,2026-03-30,28.15,city
5f1e201,2026-04-02,33.0,city
5f1e201,2026-04-23,15.0,city
5f1e201,2026-04-30,28.15,city
5f1e201,2026-05-02,33.0,city
5f1e201,2026-05-02,10.0,city
5f1e201,2026-05-15,250.0,city
5f1e201,2026-05-23,15.0,city
5f1e201,2026-05-26,500.0,city
5f1e201,2026-05-27,250.0,city
5f1e201,2026-05-28,125.0,city
5f1e201,2026-05-30,28.15,city
5f1e201,2026-05-31,25.0,city
5f1e201,2026-06-02,33.0,city
5f1e201,2026-06-30,28.15,city
5f339ce,2026-03-15,250.0,city
5f339ce,2026-04-03,216.0,city
5fe1004,2025-08-27,50.0,city
5fe1004,2025-09-27,50.0,city
5fe1004,2025-10-27,50.0,city
5fe1004,2025-11-27,50.0,city
5fe1004,2025-12-28,50.0,city
5fe1004,2026-01-27,50.0,city
5fe1004,2026-02-06,250.0,city
5fe1004,2026-02-19,100.0,city
5fe1004,2026-02-27,50.0,city
5fe1004,2026-03-27,50.0,city
6074dd9,2025-08-26,25.0,city
6074dd9,2025-09-26,25.0,city
6074dd9,2025-10-26,25.0,city
6074dd9,2025-11-26,25.0,city
6074dd9,2025-12-26,25.0,city
6074dd9,2026-01-26,25.0,city
6074dd9,2026-02-26,25.0,city
6074dd9,2026-03-26,25.0,city
6074dd9,2026-04-10,20.0,city
6074dd9,2026-04-26,25.0,city
6074dd9,2026-04-30,10.0,city
6074dd9,2026-05-10,20.0,city
6074dd9,2026-05-26,25.0,city
6074dd9,2026-05-31,10.0,city
6074dd9,2026-06-10,20.0,city
6074dd9,2026-06-26,25.0,city
6074dd9,2026-06-30,10.0,city
60b9e1f,2026-02-16,500.0,city
60b9e1f,2026-03-31,100.0,city
615a607,2025-12-23,250.0,city
61f98df,2025-08-30,25.0,city
61f98df,2025-09-16,100.0,city
61f98df,2025-09-27,333.33,city
61f98df,2025-09-27,250.0,city
61f98df,2025-09-30,25.0,city
61f98df,2025-10-16,100.0,city
61f98df,2025-10-20,3500.0,city
61f98df,2025-10-20,3500.0,city
61f98df,2025-10-30,25.0,city
61f98df,2025-11-13,2000.0,city
61f98df,2025-11-20,666.67,city
61f98df,2025-11-20,1666.67,city
61f98df,2025-11-20,1000.0,city
61f98df,2025-11-20,3500.0,city
61f98df,2025-11-30,25.0,city
61f98df,2025-12-17,166.67,city
61f98df,2025-12-30,25.0,city
61f98df,2026-01-13,3500.0,city
61f98df,2026-01-14,200.0,city
61f98df,2026-01-30,25.0,city
61f98df,2026-02-03,357.14,city
61f98df,2026-02-03,285.71,city
61f98df,2026-02-03,357.14,city
61f98df,2026-02-03,285.71,city
61f98df,2026-02-03,142.85,city
61f98df,2026-02-03,714.28,city
61f98df,2026-02-03,142.85,city
61f98df,2026-02-10,285.71,city
61f98df,2026-02-10,142.85,city
61f98df,2026-02-24,714.28,city
61f98df,2026-02-28,25.0,city
61f98df,2026-03-04,3500.0,city
61f98df,2026-03-04,35.0,city
61f98df,2026-03-04,3500.0,city
61f98df,2026-03-10,111.11,city
61f98df,2026-03-16,500.0,city
61f98df,2026-03-30,25.0,city
61f98df,2026-04-04,35.0,city
61f98df,2026-04-07,250.0,city
61f98df,2026-04-12,300.0,ucb
61f98df,2026-04-30,25.0,city
61f98df,2026-04-30,100.0,city
61f98df,2026-05-04,35.0,city
61f98df,2026-05-14,100.0,city
61f98df,2026-05-18,500.0,both
61f98df,2026-05-27,500.0,city
61f98df,2026-05-30,25.0,city
61f98df,2026-06-04,35.0,city
61f98df,2026-06-10,277.77,city
61f98df,2026-06-10,277.77,city
61f98df,2026-06-17,1111.11,city
61f98df,2026-06-30,25.0,city
62d9b98,2025-10-01,20.0,both
62d9b98,2025-10-07,15.0,city
62d9b98,2025-10-30,16.67,city
62d9b98,2025-11-01,20.0,both
62d9b98,2025-11-07,15.0,city
62d9b98,2025-11-30,16.67,city
62d9b98,2025-12-01,20.0,both
62d9b98,2025-12-07,15.0,city
62d9b98,2025-12-30,16.67,city
62d9b98,2026-01-01,20.0,both
62d9b98,2026-01-07,15.0,city
62d9b98,2026-01-16,10.0,city
62d9b98,2026-01-30,16.67,city
62d9b98,2026-02-01,20.0,both
62d9b98,2026-02-07,15.0,city
62d9b98,2026-02-16,10.0,city
62d9b98,2026-02-21,250.0,city
62d9b98,2026-02-21,200.0,city
62d9b98,2026-02-22,100.0,city
62d9b98,2026-02-24,250.0,city
62d9b98,2026-02-28,16.67,city
62d9b98,2026-03-01,20.0,both
62d9b98,2026-03-07,15.0,city
62d9b98,2026-03-07,250.0,city
62d9b98,2026-03-07,100.0,city
62d9b98,2026-03-08,300.0,city
62d9b98,2026-03-09,200.0,city
62d9b98,2026-03-09,100.0,city
62d9b98,2026-03-09,100.0,city
62d9b98,2026-03-16,10.0,city
62d9b98,2026-03-30,16.67,city
62d9b98,2026-04-01,20.0,both
62d9b98,2026-04-07,15.0,city
62d9b98,2026-04-16,10.0,city
62d9b98,2026-04-30,16.67,city
62d9b98,2026-05-01,20.0,both
62d9b98,2026-05-07,15.0,city
62d9b98,2026-05-16,10.0,city
62d9b98,2026-05-30,16.67,city
62d9b98,2026-06-01,20.0,both
62d9b98,2026-06-07,15.0,city
62d9b98,2026-06-16,10.0,city
62d9b98,2026-06-30,16.67,city
6306bfb,2025-08-12,10.0,city
6306bfb,2025-08-18,5.0,city
6306bfb,2025-08-21,5.0,city
6306bfb,2025-08-22,15.0,city
6306bfb,2025-08-27,500.0,city
6306bfb,2025-08-27,8.33,ucb
6306bfb,2025-09-12,10.0,city
6306bfb,2025-09-18,5.0,city
6306bfb,2025-09-21,5.0,city
6306bfb,2025-09-22,15.0,city
6306bfb,2025-09-27,8.33,ucb
6306bfb,2025-10-05,2.5,city
6306bfb,2025-10-07,3.33,city
6306bfb,2025-10-12,10.0,city
6306bfb,2025-10-18,5.0,city
6306bfb,2025-10-21,5.0,city
6306bfb,2025-10-22,15.0,city
6306bfb,2025-10-27,8.33,ucb
6306bfb,2025-11-05,2.5,city
6306bfb,2025-11-07,3.33,city
6306bfb,2025-11-12,10.0,city
6306bfb,2025-11-18,5.0,city
6306bfb,2025-11-21,5.0,city
6306bfb,2025-11-22,15.0,city
6306bfb,2025-11-27,8.33,ucb
6306bfb,2025-12-05,2.5,city
6306bfb,2025-12-07,3.33,city
6306bfb,2025-12-12,10.0,city
6306bfb,2025-12-18,5.0,city
6306bfb,2025-12-21,5.0,city
6306bfb,2025-12-22,15.0,city
6306bfb,2026-01-03,15.0,city
6306bfb,2026-01-05,2.5,city
6306bfb,2026-01-07,3.33,city
6306bfb,2026-01-12,10.0,city
6306bfb,2026-01-17,10.0,city
6306bfb,2026-01-18,5.0,city
6306bfb,2026-01-21,5.0,city
6306bfb,2026-01-22,15.0,city
6306bfb,2026-02-03,15.0,city
6306bfb,2026-02-05,2.5,city
6306bfb,2026-02-07,3.33,city
6306bfb,2026-02-11,200.0,city
6306bfb,2026-02-12,10.0,city
6306bfb,2026-02-17,10.0,city
6306bfb,2026-02-17,250.0,city
6306bfb,2026-02-18,250.0,city
6306bfb,2026-02-18,5.0,city
6306bfb,2026-02-21,5.0,city
6306bfb,2026-02-22,15.0,city
6306bfb,2026-03-03,15.0,city
6306bfb,2026-03-05,2.5,city
6306bfb,2026-03-07,3.33,city
6306bfb,2026-03-12,10.0,city
6306bfb,2026-03-17,10.0,city
6306bfb,2026-03-18,5.0,city
6306bfb,2026-03-21,5.0,city
6306bfb,2026-03-22,15.0,city
6306bfb,2026-03-24,50.0,city
6306bfb,2026-04-03,15.0,city
6306bfb,2026-04-05,2.5,city
6306bfb,2026-04-06,5.0,city
6306bfb,2026-04-07,3.33,city
6306bfb,2026-04-10,5.0,city
6306bfb,2026-04-17,10.0,city
6306bfb,2026-04-18,5.0,city
6306bfb,2026-04-18,5.0,city
6306bfb,2026-04-21,5.0,city
6306bfb,2026-04-26,5.0,city
6306bfb,2026-04-30,5.0,city
6306bfb,2026-05-03,15.0,city
6306bfb,2026-05-05,5.0,city
6306bfb,2026-05-05,2.5,city
6306bfb,2026-05-06,5.0,city
6306bfb,2026-05-07,3.33,city
6306bfb,2026-05-10,5.0,city
6306bfb,2026-05-12,10.0,city
6306bfb,2026-05-18,5.0,city
6306bfb,2026-05-18,5.0,city
6306bfb,2026-05-21,5.0,city
6306bfb,2026-05-26,5.0,city
6306bfb,2026-05-31,5.0,city
6306bfb,2026-06-03,15.0,city
6306bfb,2026-06-05,2.5,city
6306bfb,2026-06-05,5.0,city
6306bfb,2026-06-06,5.0,city
6306bfb,2026-06-07,3.33,city
6306bfb,2026-06-10,5.0,city
6306bfb,2026-06-12,10.0,city
6306bfb,2026-06-18,5.0,city
6306bfb,2026-06-18,5.0,city
6306bfb,2026-06-21,5.0,city
6306bfb,2026-06-22,100.0,city
6306bfb,2026-06-26,5.0,city
639ca02,2026-02-11,250.0,city
639ca02,2026-04-29,250.0,city
639ca02,2026-04-30,100.0,city
639ca02,2026-05-04,100.0,city
63a0998,2026-05-12,7000.0,city
647963a,2025-11-07,800.0,city
647963a,2025-12-03,800.0,city
647963a,2026-01-02,800.0,city
647963a,2026-02-18,800.0,city
647963a,2026-03-09,300.0,city
647dc7c,2025-09-09,3500.0,city
647dc7c,2025-09-09,100.0,city
647dc7c,2025-09-10,250.0,city
647dc7c,2025-09-12,500.0,city
647dc7c,2025-09-20,100.0,city
647dc7c,2025-09-22,1000.0,city
647dc7c,2025-09-24,50.0,city
647dc7c,2025-09-28,50.0,city
647dc7c,2025-09-30,25.0,city
647dc7c,2025-10-01,50.0,city
647dc7c,2025-10-16,50.0,city
647dc7c,2025-10-16,100.0,city
647dc7c,2025-10-24,1000.0,city
647dc7c,2025-10-25,1000.0,city
647dc7c,2025-10-26,500.0,city
647dc7c,2025-10-26,50.0,city
647dc7c,2025-11-14,500.0,city
647dc7c,2025-11-16,50.0,city
647dc7c,2025-11-16,100.0,city
647dc7c,2025-12-06,3500.0,city
647dc7c,2025-12-06,3500.0,city
647dc7c,2025-12-14,50.0,city
647dc7c,2025-12-16,50.0,city
647dc7c,2025-12-16,100.0,city
647dc7c,2026-01-01,25.0,city
647dc7c,2026-01-04,10.0,city
647dc7c,2026-01-08,10.0,city
647dc7c,2026-01-09,35.0,city
647dc7c,2026-01-15,10.0,city
647dc7c,2026-01-16,500.0,city
647dc7c,2026-01-16,100.0,city
647dc7c,2026-01-16,50.0,city
647dc7c,2026-01-17,35.0,city
647dc7c,2026-01-20,500.0,city
647dc7c,2026-01-22,25.0,city
647dc7c,2026-01-22,10.0,city
647dc7c,2026-01-23,35.0,city
647dc7c,2026-01-23,100.0,city
647dc7c,2026-01-25,150.0,city
647dc7c,2026-01-26,250.0,city
647dc7c,2026-01-26,100.0,city
647dc7c,2026-01-29,10.0,city
647dc7c,2026-01-30,70.0,city
647dc7c,2026-02-01,25.0,city
647dc7c,2026-02-03,100.0,city
647dc7c,2026-02-05,50.0,city
647dc7c,2026-02-05,50.0,city
647dc7c,2026-02-05,10.0,city
647dc7c,2026-02-06,35.0,city
647dc7c,2026-02-11,25.0,city
647dc7c,2026-02-12,50.0,city
647dc7c,2026-02-12,10.0,city
647dc7c,2026-02-13,35.0,city
647dc7c,2026-02-14,100.0,city
647dc7c,2026-02-14,50.0,city
647dc7c,2026-02-16,50.0,city
647dc7c,2026-02-16,100.0,city
647dc7c,2026-02-16,250.0,city
647dc7c,2026-02-17,50.0,city
647dc7c,2026-02-17,100.0,city
647dc7c,2026-02-17,100.0,city
647dc7c,2026-02-17,500.0,city
647dc7c,2026-02-17,50.0,city
647dc7c,2026-02-17,100.0,city
647dc7c,2026-02-17,25.0,city
647dc7c,2026-02-18,500.0,city
647dc7c,2026-02-18,100.0,city
647dc7c,2026-02-19,126.0,city
647dc7c,2026-02-19,50.0,city
647dc7c,2026-02-19,10.0,city
647dc7c,2026-02-19,250.0,city
647dc7c,2026-02-20,20.0,city
647dc7c,2026-02-21,50.0,city
647dc7c,2026-02-23,25.0,city
647dc7c,2026-02-23,100.0,city
647dc7c,2026-02-24,500.0,city
647dc7c,2026-02-25,500.0,city
647dc7c,2026-02-26,100.0,city
647dc7c,2026-02-26,10.0,city
647dc7c,2026-02-28,50.0,city
647dc7c,2026-03-01,50.0,city
647dc7c,2026-03-01,25.0,city
647dc7c,2026-03-04,250.0,city
647dc7c,2026-03-04,1000.0,city
647dc7c,2026-03-04,100.0,city
647dc7c,2026-03-04,250.0,city
647dc7c,2026-03-04,100.0,city
647dc7c,2026-03-05,50.0,city
647dc7c,2026-03-06,200.0,city
647dc7c,2026-03-06,100.0,city
647dc7c,2026-03-06,250.0,ucb
647dc7c,2026-03-07,100.0,city
647dc7c,2026-03-07,250.0,city
647dc7c,2026-03-08,50.0,city
647dc7c,2026-03-09,1000.0,city
647dc7c,2026-03-09,100.0,city
647dc7c,2026-03-12,250.0,city
647dc7c,2026-03-12,200.0,city
647dc7c,2026-03-15,100.0,city
647dc7c,2026-03-15,200.0,city
647dc7c,2026-03-16,50.0,city
647dc7c,2026-03-16,100.0,city
647dc7c,2026-03-16,500.0,city
647dc7c,2026-03-20,20.0,city
647dc7c,2026-03-25,100.0,city
647dc7c,2026-03-27,25.0,city
647dc7c,2026-03-31,100.0,city
647dc7c,2026-03-31,25.0,city
647dc7c,2026-03-31,1000.0,city
647dc7c,2026-03-31,10.0,city
647dc7c,2026-04-01,25.0,city
647dc7c,2026-04-01,500.0,city
647dc7c,2026-04-02,200.0,city
647dc7c,2026-04-03,500.0,city
647dc7c,2026-04-03,25.0,city
647dc7c,2026-04-04,50.0,city
647dc7c,2026-04-04,50.0,city
647dc7c,2026-04-04,20.0,city
647dc7c,2026-04-04,21.0,city
647dc7c,2026-04-06,1000.0,both
647dc7c,2026-04-08,50.0,city
647dc7c,2026-04-08,500.0,city
647dc7c,2026-04-08,500.0,city
647dc7c,2026-04-08,1000.0,city
647dc7c,2026-04-09,500.0,city
647dc7c,2026-04-10,500.0,city
647dc7c,2026-04-11,100.0,city
647dc7c,2026-04-12,200.0,city
647dc7c,2026-04-12,500.0,city
647dc7c,2026-04-12,500.0,city
647dc7c,2026-04-13,250.0,city
647dc7c,2026-04-13,1000.0,city
647dc7c,2026-04-14,500.0,city
647dc7c,2026-04-14,500.0,city
647dc7c,2026-04-14,200.0,city
647dc7c,2026-04-15,500.0,city
647dc7c,2026-04-15,500.0,city
647dc7c,2026-04-15,500.0,city
647dc7c,2026-04-16,1000.0,city
647dc7c,2026-04-16,100.0,city
647dc7c,2026-04-16,50.0,city
647dc7c,2026-04-17,500.0,city
647dc7c,2026-04-17,500.0,city
647dc7c,2026-04-17,1000.0,city
647dc7c,2026-04-17,500.0,city
647dc7c,2026-04-17,500.0,city
647dc7c,2026-04-17,100.0,city
647dc7c,2026-04-17,1000.0,city
647dc7c,2026-04-17,500.0,city
647dc7c,2026-04-17,500.0,city
647dc7c,2026-04-18,10.0,city
647dc7c,2026-04-18,100.0,city
647dc7c,2026-04-18,250.0,city
647dc7c,2026-04-19,1000.0,city
647dc7c,2026-04-20,20.0,city
647dc7c,2026-04-23,1000.0,city
647dc7c,2026-04-27,10.0,city
647dc7c,2026-04-27,25.0,city
647dc7c,2026-04-27,25.0,city
647dc7c,2026-04-28,50.0,city
647dc7c,2026-04-28,50.0,city
647dc7c,2026-04-30,250.0,city
647dc7c,2026-05-04,21.0,city
647dc7c,2026-05-04,20.0,city
647dc7c,2026-05-04,50.0,city
647dc7c,2026-05-04,50.0,city
647dc7c,2026-05-07,150.0,city
647dc7c,2026-05-08,100.0,city
647dc7c,2026-05-09,35.0,city
647dc7c,2026-05-11,500.0,city
647dc7c,2026-05-12,100.0,city
647dc7c,2026-05-12,200.0,city
647dc7c,2026-05-12,100.0,city
647dc7c,2026-05-12,25.0,city
647dc7c,2026-05-13,500.0,city
647dc7c,2026-05-13,200.0,city
647dc7c,2026-05-15,250.0,city
647dc7c,2026-05-16,100.0,city
647dc7c,2026-05-16,37.0,city
647dc7c,2026-05-16,50.0,city
647dc7c,2026-05-17,100.0,city
647dc7c,2026-05-18,10.0,city
647dc7c,2026-05-18,100.0,city
647dc7c,2026-05-19,5.0,city
647dc7c,2026-05-19,100.0,city
647dc7c,2026-05-20,50.0,city
647dc7c,2026-05-20,125.0,city
647dc7c,2026-05-20,20.0,city
647dc7c,2026-05-20,25.0,city
647dc7c,2026-05-21,50.0,city
647dc7c,2026-05-21,1000.0,city
647dc7c,2026-05-22,100.0,city
647dc7c,2026-05-23,25.0,city
647dc7c,2026-05-23,250.0,city
647dc7c,2026-05-24,100.0,city
647dc7c,2026-05-24,50.0,city
647dc7c,2026-05-25,50.0,city
647dc7c,2026-05-25,500.0,city
647dc7c,2026-05-25,50.0,city
647dc7c,2026-05-26,95.0,city
647dc7c,2026-05-26,100.0,city
647dc7c,2026-05-26,25.0,city
647dc7c,2026-05-26,100.0,city
647dc7c,2026-05-26,250.0,city
647dc7c,2026-05-26,500.0,city
647dc7c,2026-05-27,10.0,city
647dc7c,2026-05-27,100.0,city
647dc7c,2026-05-27,250.0,city
647dc7c,2026-05-27,500.0,city
647dc7c,2026-05-27,50.0,city
647dc7c,2026-05-27,100.0,city
647dc7c,2026-05-27,50.0,city
647dc7c,2026-05-27,1000.0,city
647dc7c,2026-05-27,100.0,city
647dc7c,2026-05-27,30.0,city
647dc7c,2026-05-27,1000.0,city
647dc7c,2026-05-27,50.0,city
647dc7c,2026-05-27,50.0,city
647dc7c,2026-05-27,250.0,city
647dc7c,2026-05-27,250.0,city
647dc7c,2026-05-27,100.0,city
647dc7c,2026-05-27,100.0,city
647dc7c,2026-05-27,25.0,city
647dc7c,2026-05-27,200.0,city
647dc7c,2026-05-27,50.0,city
647dc7c,2026-05-28,500.0,city
647dc7c,2026-05-28,250.0,city
647dc7c,2026-05-28,100.0,city
647dc7c,2026-05-28,1000.0,city
647dc7c,2026-05-29,1000.0,city
647dc7c,2026-05-29,250.0,city
647dc7c,2026-05-29,125.0,city
647dc7c,2026-05-30,500.0,city
647dc7c,2026-05-30,500.0,city
647dc7c,2026-05-31,100.0,city
647dc7c,2026-05-31,500.0,city
647dc7c,2026-06-01,30.0,city
647dc7c,2026-06-01,250.0,city
647dc7c,2026-06-04,50.0,city
647dc7c,2026-06-04,500.0,city
647dc7c,2026-06-04,20.0,city
647dc7c,2026-06-04,21.0,city
647dc7c,2026-06-04,500.0,city
647dc7c,2026-06-04,50.0,city
647dc7c,2026-06-04,100.0,city
647dc7c,2026-06-05,25.0,city
647dc7c,2026-06-05,500.0,city
647dc7c,2026-06-06,100.0,city
647dc7c,2026-06-06,5.0,city
647dc7c,2026-06-07,45.0,city
647dc7c,2026-06-08,500.0,city
647dc7c,2026-06-08,81.27,city
647dc7c,2026-06-08,25.0,city
647dc7c,2026-06-08,100.0,city
647dc7c,2026-06-08,44.85,city
647dc7c,2026-06-10,125.0,city
647dc7c,2026-06-11,30.0,city
647dc7c,2026-06-11,50.0,city
647dc7c,2026-06-12,25.0,city
647dc7c,2026-06-12,100.0,city
647dc7c,2026-06-12,200.0,city
647dc7c,2026-06-12,3500.0,city
647dc7c,2026-06-14,100.0,city
647dc7c,2026-06-16,50.0,city
647dc7c,2026-06-16,100.0,city
647dc7c,2026-06-16,50.0,city
647dc7c,2026-06-18,10.0,city
647dc7c,2026-06-18,250.0,city
647dc7c,2026-06-18,100.0,city
647dc7c,2026-06-19,50.0,city
647dc7c,2026-06-19,100.0,city
647dc7c,2026-06-20,20.0,city
647dc7c,2026-06-20,500.0,city
647dc7c,2026-06-21,100.0,city
647dc7c,2026-06-22,500.0,city
647dc7c,2026-06-22,23.0,city
647dc7c,2026-06-22,35.0,city
647dc7c,2026-06-25,50.0,city
647dc7c,2026-06-25,100.0,city
647dc7c,2026-06-26,125.0,city
647dc7c,2026-06-26,500.0,city
647dc7c,2026-06-27,10.0,city
647dc7c,2026-06-27,100.0,city
647dc7c,2026-06-27,25.0,city
647dc7c,2026-06-27,100.0,city
647dc7c,2026-06-27,25.0,city
647dc7c,2026-06-28,500.0,city
647dc7c,2026-06-29,100.0,city
647dc7c,2026-06-30,25.0,city
647dc7c,2026-06-30,50.0,city
647dc7c,2026-06-30,50.0,city
647dc7c,2026-06-30,30.0,city
647dc7c,2026-06-30,1000.0,city
647dc7c,2026-06-30,30.0,city
65d2318,2025-08-18,250.0,city
65d2318,2026-04-09,70.0,city
65d2318,2026-05-02,9.0,city
65d2318,2026-05-04,250.0,ucb
65d2318,2026-05-09,100.0,city
65d2318,2026-05-30,100.0,city
65d2318,2026-05-30,100.0,city
668f552,2026-01-26,100.0,city
681ed0e,2025-09-16,250.0,city
681ed0e,2025-09-22,500.0,city
681ed0e,2026-01-20,700.0,city
681ed0e,2026-01-20,500.0,city
681ed0e,2026-02-10,250.0,city
681ed0e,2026-02-24,3500.0,city
681ed0e,2026-02-24,3500.0,city
681ed0e,2026-03-03,250.0,city
681ed0e,2026-03-10,1045.46,city
681ed0e,2026-03-10,3500.0,city
681ed0e,2026-03-29,250.0,city
681ed0e,2026-03-31,416.66,city
681ed0e,2026-03-31,3500.0,city
681ed0e,2026-03-31,1666.66,city
681ed0e,2026-03-31,166.66,city
681ed0e,2026-04-08,1428.57,city
681ed0e,2026-04-25,250.0,ucb
681ed0e,2026-05-05,100.0,city
681ed0e,2026-05-05,140.0,city
681ed0e,2026-05-12,3500.0,city
681ed0e,2026-05-12,3500.0,city
681ed0e,2026-05-12,1000.0,city
681ed0e,2026-05-12,1000.0,city
681ed0e,2026-05-13,250.0,city
681ed0e,2026-05-29,300.0,city
681ed0e,2026-06-11,277.77,city
681ed0e,2026-06-11,250.0,city
681ed0e,2026-06-11,277.77,city
681ed0e,2026-06-16,333.33,city
681ed0e,2026-06-16,40.0,ucb
681ed0e,2026-06-16,9.62,ucb
681ed0e,2026-06-18,1111.11,city
686d71c,2026-03-19,250.0,city
69973d4,2025-11-28,100.0,city
69973d4,2025-11-28,100.0,city
69973d4,2026-03-14,100.0,city
69973d4,2026-03-30,100.0,city
69973d4,2026-03-30,100.0,city
69973d4,2026-04-26,250.0,city
69973d4,2026-05-28,50.0,city
69973d4,2026-05-28,50.0,city
69973d4,2026-05-28,50.0,city
69973d4,2026-06-13,100.0,city
6a63cd9,2025-08-21,15.0,city
6a63cd9,2025-08-30,5.0,city
6a63cd9,2025-09-21,15.0,city
6a63cd9,2025-09-30,5.0,city
6a63cd9,2025-10-21,15.0,city
6a63cd9,2025-10-30,5.0,city
6a63cd9,2025-11-21,15.0,city
6a63cd9,2025-11-30,5.0,city
6a63cd9,2025-12-21,15.0,city
6a63cd9,2025-12-30,5.0,city
6a63cd9,2026-01-21,15.0,city
6a63cd9,2026-01-30,5.0,city
6a63cd9,2026-02-21,15.0,city
6a63cd9,2026-02-28,5.0,city
6a63cd9,2026-03-21,15.0,city
6a63cd9,2026-03-30,5.0,city
6a63cd9,2026-04-21,15.0,city
6a63cd9,2026-04-30,5.0,city
6a63cd9,2026-05-21,15.0,city
6a63cd9,2026-05-30,5.0,city
6a63cd9,2026-06-21,15.0,city
6a63cd9,2026-06-30,5.0,city
6aa9dc5,2025-11-10,360.0,city
6aa9dc5,2026-04-01,10.0,ucb
6aa9dc5,2026-05-01,10.0,ucb
6aa9dc5,2026-05-12,6.0,ucb
6aa9dc5,2026-06-01,10.0,ucb
6b1a1d8,2025-11-29,100.0,city
6b1a1d8,2025-12-14,25.0,city
6b1a1d8,2025-12-21,36.0,city
6b1a1d8,2025-12-23,50.0,city
6b1a1d8,2026-01-03,50.0,city
6cab15f,2025-08-26,500.0,city
6cab15f,2025-08-26,25.0,city
6cab15f,2025-08-27,25.0,city
6cab15f,2025-09-26,25.0,city
6cab15f,2025-10-01,150.0,city
6cab15f,2025-10-02,100.0,city
6cab15f,2025-10-11,3500.0,both
6cab15f,2025-10-18,71.43,city
6cab15f,2025-10-21,500.0,city
6cab15f,2025-10-22,250.0,city
6cab15f,2025-10-26,25.0,city
6cab15f,2025-11-02,100.0,city
6cab15f,2025-11-11,250.0,city
6cab15f,2025-11-25,250.0,city
6cab15f,2025-11-26,25.0,city
6cab15f,2025-11-30,83.33,city
6cab15f,2025-12-02,100.0,city
6cab15f,2025-12-26,25.0,city
6cab15f,2026-01-01,250.0,city
6cab15f,2026-01-18,25.0,city
6cab15f,2026-01-19,100.0,city
6cab15f,2026-01-22,125.0,city
6cab15f,2026-01-26,25.0,city
6cab15f,2026-01-27,500.0,city
6cab15f,2026-02-15,1000.0,city
6cab15f,2026-02-18,25.0,city
6cab15f,2026-02-21,500.0,city
6cab15f,2026-02-24,500.0,city
6cab15f,2026-02-26,3500.0,city
6cab15f,2026-02-26,3500.0,city
6cab15f,2026-02-26,25.0,city
6cab15f,2026-02-28,20.0,city
6cab15f,2026-03-18,25.0,city
6cab15f,2026-03-26,25.0,city
6cab15f,2026-03-31,20.0,city
6cab15f,2026-04-01,150.0,city
6cab15f,2026-04-01,250.0,city
6cab15f,2026-04-08,1428.57,city
6cab15f,2026-04-24,250.0,city
6cab15f,2026-04-26,25.0,city
6cab15f,2026-04-30,20.0,city
6cab15f,2026-05-09,250.0,city
6cab15f,2026-05-11,50.0,city
6cab15f,2026-05-15,250.0,city
6cab15f,2026-05-25,300.0,city
6cab15f,2026-05-26,25.0,city
6cab15f,2026-05-31,20.0,city
6cab15f,2026-06-04,277.77,city
6cab15f,2026-06-04,277.77,city
6cab15f,2026-06-09,1111.11,city
6cab15f,2026-06-11,500.0,city
6cab15f,2026-06-23,71.43,city
6cab15f,2026-06-26,25.0,city
6cab15f,2026-06-29,100.0,city
6cab15f,2026-06-30,150.0,city
6e1321b,2025-11-13,62.5,city
6e1321b,2025-11-13,250.0,city
6e1321b,2025-11-23,2000.0,city
6e1321b,2025-12-20,500.0,ucb
6e1321b,2025-12-30,250.0,city
6e1321b,2026-04-08,250.0,city
6e1321b,2026-04-18,250.0,city
6e1321b,2026-04-24,250.0,city
6e1321b,2026-05-24,250.0,city
6e1321b,2026-06-02,100.0,city
6e1321b,2026-06-30,250.0,city
6e13246,2025-11-20,100.0,city
6e13246,2025-12-10,253.0,city
6e13246,2025-12-10,500.0,city
6e13246,2025-12-20,50.0,city
6e13246,2026-01-15,3500.0,city
6e13246,2026-02-07,154.5,city
6e13246,2026-02-28,200.0,city
6e13246,2026-05-09,503.0,city
6e1bb4f,2025-08-27,35.0,city
6e1bb4f,2025-09-17,500.0,city
6e1bb4f,2025-09-27,35.0,city
6e1bb4f,2025-10-27,35.0,city
6e1bb4f,2025-10-29,25.0,city
6e1bb4f,2025-11-27,35.0,city
6e1bb4f,2025-11-29,25.0,city
6e1bb4f,2025-12-23,500.0,city
6e1bb4f,2025-12-27,35.0,city
6e1bb4f,2025-12-29,15.0,city
6e1bb4f,2026-01-06,250.0,city
6e1bb4f,2026-01-27,35.0,city
6e1bb4f,2026-01-29,15.0,city
6e1bb4f,2026-02-06,125.0,city
6e1bb4f,2026-02-15,250.0,city
6e1bb4f,2026-02-27,35.0,city
6e1bb4f,2026-02-28,15.0,city
6e1bb4f,2026-03-11,250.0,city
6e1bb4f,2026-03-27,35.0,city
6e1bb4f,2026-03-29,15.0,city
6e1bb4f,2026-03-31,50.0,city
6e1bb4f,2026-04-08,500.0,city
6e1bb4f,2026-04-12,50.0,city
6e1bb4f,2026-04-27,35.0,city
6e1bb4f,2026-04-29,15.0,city
6e1bb4f,2026-05-21,50.0,city
6e1bb4f,2026-05-27,35.0,city
6e1bb4f,2026-05-29,15.0,city
6e1bb4f,2026-06-10,100.0,city
6e1bb4f,2026-06-27,35.0,city
6eaf3d0,2025-09-15,100.0,city
6eaf3d0,2025-10-10,17.5,city
6eaf3d0,2025-10-15,500.0,city
6eaf3d0,2025-11-10,17.5,city
6eaf3d0,2025-12-10,17.5,city
6eaf3d0,2026-01-10,17.5,city
6eaf3d0,2026-01-28,500.0,city
6eaf3d0,2026-02-10,17.5,city
6eaf3d0,2026-03-10,17.5,city
6eaf3d0,2026-04-10,17.5,city
6eaf3d0,2026-05-10,17.5,city
6eaf3d0,2026-06-10,17.5,city
6ee3aa5,2025-12-12,1000.0,city
6f25b6d,2026-02-27,250.0,city
6f25b6d,2026-05-28,100.0,both
6f25b6d,2026-06-09,500.0,city
6f25b6d,2026-06-12,100.0,city
6f25b6d,2026-06-13,3500.0,city
6f25b6d,2026-06-14,100.0,both
6f25b6d,2026-06-14,250.0,city
6f25b6d,2026-06-16,250.0,city
6f5efd9,2025-08-14,1000.0,city
6f5efd9,2025-09-16,50.0,city
6f5efd9,2025-09-21,250.0,city
6f5efd9,2025-09-21,100.0,city
6f5efd9,2025-09-26,3000.0,city
6f5efd9,2025-10-02,200.0,city
6f5efd9,2026-01-13,250.0,city
6f5efd9,2026-03-24,100.0,city
6f5efd9,2026-03-27,250.0,city
6f5efd9,2026-03-31,500.0,city
6f5efd9,2026-05-08,250.0,city
6f5efd9,2026-05-08,250.0,city
6f5efd9,2026-05-12,25.0,city
6f5efd9,2026-05-14,2000.0,ucb
6f5efd9,2026-05-29,100.0,city
6f5efd9,2026-06-08,250.0,city
6f88946,2025-08-21,1500.0,city
6f88946,2025-09-02,500.0,city
6f88946,2025-09-18,1000.0,ucb
6f88946,2025-10-21,250.0,city
6f88946,2025-12-31,250.0,city
6f88946,2026-03-07,500.0,city
6f88946,2026-05-13,250.0,city
6f88946,2026-05-14,250.0,city
6f88946,2026-06-30,3500.0,ucb
6f9e4a6,2025-08-17,50.0,city
6f9e4a6,2025-08-22,50.0,city
6f9e4a6,2025-08-24,10.0,city
6f9e4a6,2025-09-02,500.0,city
6f9e4a6,2025-09-15,3500.0,city
6f9e4a6,2025-09-15,3500.0,city
6f9e4a6,2025-09-16,3500.0,city
6f9e4a6,2025-09-16,3500.0,city
6f9e4a6,2025-09-17,500.0,city
6f9e4a6,2025-09-17,100.0,city
6f9e4a6,2025-09-17,3500.0,city
6f9e4a6,2025-09-17,50.0,city
6f9e4a6,2025-09-22,50.0,city
6f9e4a6,2025-09-29,1000.0,city
6f9e4a6,2025-09-29,3500.0,city
6f9e4a6,2025-09-29,500.0,city
6f9e4a6,2025-09-29,2000.0,city
6f9e4a6,2025-09-29,3500.0,city
6f9e4a6,2025-09-30,500.0,city
6f9e4a6,2025-10-01,15.0,city
6f9e4a6,2025-10-04,10.0,city
6f9e4a6,2025-10-08,15.0,city
6f9e4a6,2025-10-17,50.0,city
6f9e4a6,2025-10-22,50.0,city
6f9e4a6,2025-10-29,3500.0,both
6f9e4a6,2025-10-29,3500.0,both
6f9e4a6,2025-10-31,15.0,city
6f9e4a6,2025-11-02,100.0,city
6f9e4a6,2025-11-04,10.0,city
6f9e4a6,2025-11-17,10.0,city
6f9e4a6,2025-11-18,10.0,city
6f9e4a6,2025-11-18,50.0,city
6f9e4a6,2025-11-20,1000.0,city
6f9e4a6,2025-11-21,3500.0,city
6f9e4a6,2025-11-21,3500.0,city
6f9e4a6,2025-11-22,100.0,city
6f9e4a6,2025-11-22,250.0,city
6f9e4a6,2025-11-22,50.0,city
6f9e4a6,2025-11-25,500.0,city
6f9e4a6,2025-11-28,100.0,city
6f9e4a6,2025-12-03,50.0,city
6f9e4a6,2025-12-04,10.0,city
6f9e4a6,2025-12-04,100.0,city
6f9e4a6,2025-12-16,400.0,city
6f9e4a6,2025-12-22,50.0,city
6f9e4a6,2025-12-29,250.0,city
6f9e4a6,2025-12-31,500.0,city
6f9e4a6,2025-12-31,3000.0,city
6f9e4a6,2026-01-02,15.0,city
6f9e4a6,2026-01-04,13.5,city
6f9e4a6,2026-01-04,10.0,city
6f9e4a6,2026-01-06,50.0,city
6f9e4a6,2026-01-06,25.0,city
6f9e4a6,2026-01-07,1000.0,city
6f9e4a6,2026-01-08,27.0,city
6f9e4a6,2026-01-09,250.0,city
6f9e4a6,2026-01-12,7.5,city
6f9e4a6,2026-01-12,12.5,city
6f9e4a6,2026-01-15,2500.0,city
6f9e4a6,2026-01-16,10.0,city
6f9e4a6,2026-01-22,50.0,city
6f9e4a6,2026-01-24,50.0,city
6f9e4a6,2026-01-26,15.0,city
6f9e4a6,2026-01-27,1000.0,city
6f9e4a6,2026-01-28,100.0,city
6f9e4a6,2026-01-29,15.0,city
6f9e4a6,2026-01-30,15.0,city
6f9e4a6,2026-01-30,25.0,city
6f9e4a6,2026-02-02,15.0,city
6f9e4a6,2026-02-04,50.0,city
6f9e4a6,2026-02-04,10.0,city
6f9e4a6,2026-02-06,25.0,city
6f9e4a6,2026-02-09,100.0,city
6f9e4a6,2026-02-10,25.0,city
6f9e4a6,2026-02-12,7.5,city
6f9e4a6,2026-02-22,50.0,city
6f9e4a6,2026-02-22,3335.0,city
6f9e4a6,2026-02-22,165.0,city
6f9e4a6,2026-02-28,15.0,city
6f9e4a6,2026-02-28,15.0,city
6f9e4a6,2026-03-02,15.0,city
6f9e4a6,2026-03-04,10.0,city
6f9e4a6,2026-03-06,25.0,city
6f9e4a6,2026-03-07,1000.0,city
6f9e4a6,2026-03-08,100.0,city
6f9e4a6,2026-03-12,27.0,city
6f9e4a6,2026-03-12,7.5,city
6f9e4a6,2026-03-13,50.0,city
6f9e4a6,2026-03-20,250.0,city
6f9e4a6,2026-03-22,50.0,city
6f9e4a6,2026-03-26,500.0,city
6f9e4a6,2026-03-27,50.0,city
6f9e4a6,2026-03-27,27.0,city
6f9e4a6,2026-03-29,15.0,city
6f9e4a6,2026-03-30,15.0,city
6f9e4a6,2026-04-02,50.0,city
6f9e4a6,2026-04-02,15.0,city
6f9e4a6,2026-04-04,10.0,city
6f9e4a6,2026-04-06,25.0,city
6f9e4a6,2026-04-07,100.0,city
6f9e4a6,2026-04-08,5.0,city
6f9e4a6,2026-04-12,7.5,city
6f9e4a6,2026-04-19,5.0,city
6f9e4a6,2026-04-22,6.0,city
6f9e4a6,2026-04-22,50.0,city
6f9e4a6,2026-04-29,15.0,city
6f9e4a6,2026-04-30,15.0,city
6f9e4a6,2026-05-01,250.0,city
6f9e4a6,2026-05-01,500.0,city
6f9e4a6,2026-05-02,15.0,city
6f9e4a6,2026-05-02,5.0,city
6f9e4a6,2026-05-04,10.0,city
6f9e4a6,2026-05-04,1.0,city
6f9e4a6,2026-05-07,100.0,city
6f9e4a6,2026-05-08,25.0,city
6f9e4a6,2026-05-08,5.0,city
6f9e4a6,2026-05-10,3.0,city
6f9e4a6,2026-05-10,25.0,city
6f9e4a6,2026-05-12,7.5,city
6f9e4a6,2026-05-12,25.0,city
6f9e4a6,2026-05-19,25.0,city
6f9e4a6,2026-05-21,100.0,city
6f9e4a6,2026-05-22,6.0,city
6f9e4a6,2026-05-22,50.0,city
6f9e4a6,2026-05-26,10.0,city
6f9e4a6,2026-05-28,3305.0,city
6f9e4a6,2026-05-30,15.0,city
6f9e4a6,2026-05-30,27.0,city
6f9e4a6,2026-05-31,15.0,city
6f9e4a6,2026-06-01,500.0,city
6f9e4a6,2026-06-01,500.0,city
6f9e4a6,2026-06-01,1000.0,city
6f9e4a6,2026-06-02,15.0,city
6f9e4a6,2026-06-02,5.0,city
6f9e4a6,2026-06-02,50.0,city
6f9e4a6,2026-06-04,10.0,city
6f9e4a6,2026-06-06,25.0,city
6f9e4a6,2026-06-07,100.0,city
6f9e4a6,2026-06-08,5.0,city
6f9e4a6,2026-06-12,7.5,city
6f9e4a6,2026-06-19,100.0,city
6f9e4a6,2026-06-22,6.0,city
6f9e4a6,2026-06-22,50.0,city
6f9e4a6,2026-06-25,500.0,city
6f9e4a6,2026-06-26,1000.0,city
6f9e4a6,2026-06-30,15.0,city
70c9f30,2025-08-10,62.0,city
70c9f30,2025-09-03,70.0,city
70c9f30,2025-09-06,5.0,city
70c9f30,2025-09-10,62.0,city
70c9f30,2025-09-22,500.0,city
70c9f30,2025-10-06,5.0,city
70c9f30,2025-10-10,62.0,city
70c9f30,2025-11-06,5.0,city
70c9f30,2025-11-10,62.0,city
70c9f30,2025-11-11,15.0,city
70c9f30,2025-12-06,5.0,city
70c9f30,2025-12-10,62.0,city
70c9f30,2026-01-06,5.0,city
70c9f30,2026-01-10,62.0,city
70c9f30,2026-02-03,200.0,city
70c9f30,2026-02-06,5.0,city
70c9f30,2026-02-10,62.0,city
70c9f30,2026-03-06,5.0,city
70c9f30,2026-03-10,62.0,city
70c9f30,2026-04-10,62.0,city
70c9f30,2026-05-10,62.0,city
70c9f30,2026-05-28,30.0,city
70c9f30,2026-06-20,20.0,city
718913a,2026-04-14,500.0,city
718913a,2026-05-10,150.0,city
71d4782,2026-02-12,100.0,city
71d4782,2026-02-22,250.0,city
71d4782,2026-03-15,7000.0,city
71d4782,2026-04-21,250.0,city
71d4782,2026-05-08,100.0,city
71d4782,2026-05-08,100.0,city
71d4782,2026-05-08,100.0,city
71d4782,2026-05-08,100.0,city
71d4782,2026-05-11,250.0,both
71d4782,2026-05-13,250.0,city
71d4782,2026-05-13,50.0,city
71d4782,2026-05-14,25.0,city
71d4782,2026-05-15,250.0,city
71d4782,2026-05-19,250.0,city
7245740,2025-10-26,500.0,city
7245740,2026-03-31,100.0,city
7245740,2026-05-27,100.0,city
7245740,2026-06-13,100.0,city
728ffe1,2026-04-03,250.0,city
728ffe1,2026-04-05,250.0,city
730a782,2025-09-24,1000.0,city
730a782,2025-11-25,500.0,city
730a782,2026-02-15,250.0,city
730a782,2026-02-24,500.0,city
730a782,2026-03-06,100.0,city
730a782,2026-03-15,250.0,city
730a782,2026-03-31,250.0,city
730a782,2026-04-01,100.0,city
730a782,2026-04-30,500.0,city
730a782,2026-06-06,250.0,city
730a782,2026-06-29,1000.0,city
7390c16,2025-08-31,3500.0,city
7390c16,2025-12-30,250.0,city
763858b,2025-08-19,7000.0,city
766a3dd,2025-09-11,100.0,city
766a3dd,2025-09-27,400.0,city
767489b,2025-08-12,500.0,city
76a58f7,2025-10-05,100.0,city
76a58f7,2025-10-08,100.0,city
76a58f7,2025-12-06,50.0,city
76a58f7,2026-01-05,50.0,city
76a58f7,2026-02-05,50.0,city
76a58f7,2026-03-05,50.0,city
76a58f7,2026-03-14,250.0,city
76a58f7,2026-04-05,50.0,city
76a58f7,2026-04-20,15.0,city
76a58f7,2026-04-27,15.0,city
76a58f7,2026-04-30,250.0,city
76a58f7,2026-05-04,15.0,city
76a58f7,2026-05-05,50.0,city
76a58f7,2026-05-11,15.0,city
76a58f7,2026-05-18,15.0,city
76a58f7,2026-05-23,20.0,city
76a58f7,2026-05-27,25.0,city
76a58f7,2026-05-27,20.0,city
76a58f7,2026-06-01,15.0,city
76a58f7,2026-06-02,15.0,city
76dd80e,2025-12-05,250.0,city
76dd80e,2026-01-22,250.0,city
76dd80e,2026-06-19,500.0,city
76dd80e,2026-06-28,250.0,city
771d48b,2025-09-10,1000.0,city
771d48b,2025-11-10,500.0,city
771d48b,2025-11-10,250.0,city
78b25a6,2025-08-20,25.0,city
78b25a6,2025-08-21,500.0,city
78b25a6,2025-10-02,25.0,city
78b25a6,2025-10-24,100.0,city
78b25a6,2025-11-02,25.0,city
78b25a6,2025-11-21,100.0,city
78b25a6,2025-11-28,500.0,city
78b25a6,2025-12-02,25.0,city
78b25a6,2025-12-31,100.0,city
78b25a6,2026-01-20,25.0,city
78b25a6,2026-02-02,25.0,city
78b25a6,2026-02-04,100.0,city
78b25a6,2026-02-04,250.0,city
78b25a6,2026-02-09,250.0,city
78b25a6,2026-02-13,100.0,city
78b25a6,2026-02-20,25.0,city
78b25a6,2026-02-27,50.0,city
78b25a6,2026-02-28,100.0,city
78b25a6,2026-03-02,25.0,city
78b25a6,2026-03-05,500.0,city
78b25a6,2026-03-10,100.0,city
78b25a6,2026-03-12,1000.0,city
78b25a6,2026-03-20,25.0,city
78b25a6,2026-03-21,3500.0,city
78b25a6,2026-03-22,3500.0,city
78b25a6,2026-03-24,50.0,city
78b25a6,2026-03-24,1000.0,city
78b25a6,2026-03-29,3500.0,city
78b25a6,2026-03-29,3500.0,city
78b25a6,2026-03-29,3500.0,city
78b25a6,2026-03-29,3500.0,city
78b25a6,2026-03-30,100.0,city
78b25a6,2026-03-31,50.0,city
78b25a6,2026-04-01,100.0,city
78b25a6,2026-04-06,1000.0,city
78b25a6,2026-04-08,100.0,city
78b25a6,2026-04-16,250.0,ucb
78b25a6,2026-04-20,25.0,city
78b25a6,2026-04-23,1000.0,city
78b25a6,2026-04-24,35.0,city
78b25a6,2026-04-29,25.0,city
78b25a6,2026-04-30,50.0,city
78b25a6,2026-05-02,100.0,city
78b25a6,2026-05-03,50.0,city
78b25a6,2026-05-05,250.0,city
78b25a6,2026-05-06,50.0,city
78b25a6,2026-05-14,50.0,city
78b25a6,2026-05-15,100.0,city
78b25a6,2026-05-19,25.0,city
78b25a6,2026-05-19,50.0,city
78b25a6,2026-05-20,25.0,city
78b25a6,2026-05-27,25.0,city
78b25a6,2026-05-29,100.0,city
78b25a6,2026-06-02,50.0,city
78b25a6,2026-06-03,3500.0,city
78b25a6,2026-06-03,3500.0,city
78b25a6,2026-06-05,25.0,city
78b25a6,2026-06-07,25.0,city
78b25a6,2026-06-07,3500.0,city
78b25a6,2026-06-07,3500.0,city
78b25a6,2026-06-09,25.0,city
78b25a6,2026-06-20,25.0,city
78b25a6,2026-06-29,100.0,city
78be989,2025-12-31,3300.0,city
78be989,2026-01-13,3500.0,city
78ce990,2025-10-04,3500.0,city
78ce990,2026-01-25,3500.0,city
78ce990,2026-02-17,50.0,city
78ce990,2026-03-19,300.0,city
78ce990,2026-04-27,1000.0,ucb
78ce990,2026-05-24,500.0,ucb
7a1d0e4,2026-04-26,3500.0,city
7d5a4de,2025-11-25,500.0,city
7d5a4de,2026-04-21,500.0,city
7d5a4de,2026-06-07,500.0,city
7d85745,2025-08-26,250.0,city
7d85745,2026-02-24,250.0,city
7dca240,2026-04-11,2500.0,city
7ec3544,2025-09-14,250.0,city
7ec3544,2025-10-23,200.0,city
7ec3544,2026-03-14,300.0,city
7ec3544,2026-04-07,25.0,city
7ec3544,2026-05-04,250.0,ucb
7ec3544,2026-05-07,25.0,city
7ec3544,2026-05-11,9.0,city
7ec3544,2026-06-07,25.0,city
7f92421,2026-06-18,3500.0,city
7f92421,2026-06-18,3500.0,city
7f92421,2026-06-18,3500.0,city
7f92421,2026-06-23,3500.0,city
7f92421,2026-06-23,3500.0,city
7f92421,2026-06-23,3500.0,city
7f92421,2026-06-23,3500.0,ucb
7f92421,2026-06-23,3500.0,ucb
7f92d86,2026-05-14,5.0,city
7fa345a,2026-01-08,50.0,city
7fa345a,2026-02-08,50.0,city
7fa345a,2026-02-21,50.0,city
7fa345a,2026-03-04,100.0,city
7fa345a,2026-03-06,200.0,city
7fa345a,2026-03-08,50.0,city
7fa345a,2026-03-27,100.0,city
7fa345a,2026-03-31,25.0,city
7fa345a,2026-04-03,250.0,city
7fa345a,2026-04-08,50.0,city
7fa345a,2026-05-08,50.0,city
7fa345a,2026-06-08,50.0,city
7fa345a,2026-06-09,100.0,city
7fccaf8,2025-08-01,30.0,both
7fccaf8,2025-08-03,25.0,ucb
7fccaf8,2025-08-03,20.0,ucb
7fccaf8,2025-08-03,25.0,ucb
7fccaf8,2025-08-05,18.0,both
7fccaf8,2025-08-09,75.0,ucb
7fccaf8,2025-08-10,9.0,both
7fccaf8,2025-08-11,100.0,city
7fccaf8,2025-08-11,25.0,city
7fccaf8,2025-08-12,25.0,city
7fccaf8,2025-08-13,10.0,city
7fccaf8,2025-08-13,25.0,city
7fccaf8,2025-08-13,50.0,city
7fccaf8,2025-08-14,20.0,city
7fccaf8,2025-08-14,3.0,city
7fccaf8,2025-08-15,20.0,city
7fccaf8,2025-08-15,25.0,city
7fccaf8,2025-08-15,100.0,city
7fccaf8,2025-08-16,3.0,city
7fccaf8,2025-08-16,47.0,city
7fccaf8,2025-08-16,3.0,city
7fccaf8,2025-08-16,15.0,city
7fccaf8,2025-08-17,20.0,both
7fccaf8,2025-08-17,30.0,city
7fccaf8,2025-08-17,8.0,city
7fccaf8,2025-08-18,20.0,city
7fccaf8,2025-08-18,26.0,city
7fccaf8,2025-08-18,50.0,city
7fccaf8,2025-08-18,10.0,city
7fccaf8,2025-08-19,18.0,both
7fccaf8,2025-08-19,25.0,city
7fccaf8,2025-08-19,20.0,city
7fccaf8,2025-08-19,8.0,city
7fccaf8,2025-08-19,30.0,city
7fccaf8,2025-08-20,2.5,city
7fccaf8,2025-08-20,10.0,city
7fccaf8,2025-08-20,25.0,city
7fccaf8,2025-08-21,50.0,city
7fccaf8,2025-08-21,20.0,city
7fccaf8,2025-08-22,25.0,city
7fccaf8,2025-08-22,10.0,city
7fccaf8,2025-08-22,27.0,city
7fccaf8,2025-08-22,50.0,city
7fccaf8,2025-08-24,100.0,city
7fccaf8,2025-08-24,50.0,city
7fccaf8,2025-08-24,50.0,city
7fccaf8,2025-08-25,50.0,city
7fccaf8,2025-08-25,50.0,city
7fccaf8,2025-08-26,15.0,city
7fccaf8,2025-08-26,10.0,ucb
7fccaf8,2025-08-27,25.0,city
7fccaf8,2025-08-27,27.0,city
7fccaf8,2025-08-27,50.0,city
7fccaf8,2025-08-27,3.0,city
7fccaf8,2025-08-28,10.0,city
7fccaf8,2025-08-28,27.0,city
7fccaf8,2025-08-28,25.0,city
7fccaf8,2025-08-28,27.0,city
7fccaf8,2025-08-29,25.0,city
7fccaf8,2025-08-29,27.0,city
7fccaf8,2025-08-29,10.0,city
7fccaf8,2025-08-29,20.0,city
7fccaf8,2025-08-30,27.0,city
7fccaf8,2025-08-30,25.0,city
7fccaf8,2025-08-30,25.0,city
7fccaf8,2025-08-30,20.0,ucb
7fccaf8,2025-08-31,5.0,city
7fccaf8,2025-08-31,15.0,city
7fccaf8,2025-08-31,10.0,city
7fccaf8,2025-09-01,30.0,both
7fccaf8,2025-09-01,50.0,city
7fccaf8,2025-09-01,50.0,city
7fccaf8,2025-09-01,10.0,city
7fccaf8,2025-09-02,5.0,city
7fccaf8,2025-09-02,5.0,city
7fccaf8,2025-09-02,15.0,city
7fccaf8,2025-09-02,20.0,city
7fccaf8,2025-09-03,50.0,city
7fccaf8,2025-09-03,25.0,city
7fccaf8,2025-09-03,50.0,city
7fccaf8,2025-09-03,25.0,ucb
7fccaf8,2025-09-03,25.0,ucb
7fccaf8,2025-09-04,50.0,city
7fccaf8,2025-09-04,27.0,city
7fccaf8,2025-09-04,50.0,city
7fccaf8,2025-09-04,50.0,city
7fccaf8,2025-09-05,18.0,both
7fccaf8,2025-09-05,25.0,city
7fccaf8,2025-09-05,5.0,city
7fccaf8,2025-09-05,50.0,city
7fccaf8,2025-09-06,250.0,city
7fccaf8,2025-09-07,27.0,city
7fccaf8,2025-09-08,20.0,city
7fccaf8,2025-09-08,14.0,city
7fccaf8,2025-09-09,49.12,both
7fccaf8,2025-09-09,75.0,ucb
7fccaf8,2025-09-10,9.0,both
7fccaf8,2025-09-11,25.0,city
7fccaf8,2025-09-12,250.0,city
7fccaf8,2025-09-12,25.0,city
7fccaf8,2025-09-13,25.0,city
7fccaf8,2025-09-13,10.0,city
7fccaf8,2025-09-13,50.0,city
7fccaf8,2025-09-15,100.0,city
7fccaf8,2025-09-15,20.0,city
7fccaf8,2025-09-15,25.0,city
7fccaf8,2025-09-16,15.0,city
7fccaf8,2025-09-16,5.0,city
7fccaf8,2025-09-16,3.0,city
7fccaf8,2025-09-16,3.0,city
7fccaf8,2025-09-16,47.0,city
7fccaf8,2025-09-17,20.0,both
7fccaf8,2025-09-17,30.0,city
7fccaf8,2025-09-17,8.0,city
7fccaf8,2025-09-18,50.0,city
7fccaf8,2025-09-18,20.0,city
7fccaf8,2025-09-18,26.0,city
7fccaf8,2025-09-19,18.0,both
7fccaf8,2025-09-19,8.0,city
7fccaf8,2025-09-19,30.0,city
7fccaf8,2025-09-19,20.0,city
7fccaf8,2025-09-20,25.0,city
7fccaf8,2025-09-21,20.0,city
7fccaf8,2025-09-21,50.0,city
7fccaf8,2025-09-22,50.0,city
7fccaf8,2025-09-22,25.0,city
7fccaf8,2025-09-22,27.0,city
7fccaf8,2025-09-23,28.0,city
7fccaf8,2025-09-24,100.0,city
7fccaf8,2025-09-24,50.0,city
7fccaf8,2025-09-24,50.0,city
7fccaf8,2025-09-25,50.0,city
7fccaf8,2025-09-25,50.0,city
7fccaf8,2025-09-26,1000.0,city
7fccaf8,2025-09-26,1000.0,city
7fccaf8,2025-09-26,10.0,ucb
7fccaf8,2025-09-27,25.0,city
7fccaf8,2025-09-27,5.0,city
7fccaf8,2025-09-27,50.0,city
7fccaf8,2025-09-28,10.0,city
7fccaf8,2025-09-28,27.0,city
7fccaf8,2025-09-28,27.0,city
7fccaf8,2025-09-29,20.0,city
7fccaf8,2025-09-29,25.0,city
7fccaf8,2025-09-29,27.0,city
7fccaf8,2025-09-30,25.0,city
7fccaf8,2025-09-30,5.0,city
7fccaf8,2025-09-30,27.0,city
7fccaf8,2025-09-30,15.0,city
7fccaf8,2025-09-30,25.0,city
7fccaf8,2025-09-30,10.0,city
7fccaf8,2025-09-30,5.0,city
7fccaf8,2025-09-30,500.0,city
7fccaf8,2025-09-30,25.0,city
7fccaf8,2025-09-30,20.0,ucb
7fccaf8,2025-10-01,30.0,both
7fccaf8,2025-10-01,20.0,city
7fccaf8,2025-10-01,50.0,city
7fccaf8,2025-10-02,10.0,city
7fccaf8,2025-10-02,20.0,city
7fccaf8,2025-10-02,15.0,city
7fccaf8,2025-10-02,3.0,city
7fccaf8,2025-10-02,5.0,city
7fccaf8,2025-10-02,5.0,city
7fccaf8,2025-10-02,5.0,city
7fccaf8,2025-10-03,50.0,city
7fccaf8,2025-10-03,50.0,city
7fccaf8,2025-10-03,100.0,city
7fccaf8,2025-10-03,10.0,city
7fccaf8,2025-10-03,25.0,city
7fccaf8,2025-10-03,20.0,city
7fccaf8,2025-10-03,100.0,city
7fccaf8,2025-10-03,25.0,ucb
7fccaf8,2025-10-04,27.0,city
7fccaf8,2025-10-04,27.0,city
7fccaf8,2025-10-04,50.0,city
7fccaf8,2025-10-04,50.0,city
7fccaf8,2025-10-04,50.0,city
7fccaf8,2025-10-05,18.0,both
7fccaf8,2025-10-05,5.0,city
7fccaf8,2025-10-05,25.0,city
7fccaf8,2025-10-05,50.0,city
7fccaf8,2025-10-06,5.0,city
7fccaf8,2025-10-06,20.0,city
7fccaf8,2025-10-06,250.0,city
7fccaf8,2025-10-07,27.0,city
7fccaf8,2025-10-07,25.0,city
7fccaf8,2025-10-07,25.0,city
7fccaf8,2025-10-08,20.0,city
7fccaf8,2025-10-08,10.0,city
7fccaf8,2025-10-09,25.0,city
7fccaf8,2025-10-09,75.0,ucb
7fccaf8,2025-10-10,9.0,both
7fccaf8,2025-10-10,5.0,city
7fccaf8,2025-10-10,15.0,city
7fccaf8,2025-10-10,50.0,city
7fccaf8,2025-10-11,5.0,city
7fccaf8,2025-10-11,25.0,city
7fccaf8,2025-10-12,20.0,city
7fccaf8,2025-10-12,10.0,city
7fccaf8,2025-10-12,25.0,city
7fccaf8,2025-10-13,10.0,city
7fccaf8,2025-10-13,25.0,city
7fccaf8,2025-10-13,50.0,city
7fccaf8,2025-10-14,25.0,city
7fccaf8,2025-10-14,27.0,city
7fccaf8,2025-10-15,100.0,city
7fccaf8,2025-10-15,25.0,city
7fccaf8,2025-10-15,50.0,city
7fccaf8,2025-10-15,20.0,city
7fccaf8,2025-10-15,25.0,city
7fccaf8,2025-10-16,15.0,city
7fccaf8,2025-10-16,47.0,city
7fccaf8,2025-10-16,3.0,city
7fccaf8,2025-10-16,20.0,city
7fccaf8,2025-10-16,3.0,city
7fccaf8,2025-10-16,10.0,city
7fccaf8,2025-10-17,20.0,both
7fccaf8,2025-10-17,8.0,city
7fccaf8,2025-10-17,20.0,city
7fccaf8,2025-10-17,30.0,city
7fccaf8,2025-10-17,10.0,city
7fccaf8,2025-10-17,25.0,city
7fccaf8,2025-10-18,6.0,city
7fccaf8,2025-10-18,15.0,city
7fccaf8,2025-10-18,15.0,city
7fccaf8,2025-10-18,20.0,city
7fccaf8,2025-10-18,50.0,city
7fccaf8,2025-10-18,26.0,city
7fccaf8,2025-10-19,18.0,both
7fccaf8,2025-10-19,20.0,city
7fccaf8,2025-10-19,8.0,city
7fccaf8,2025-10-19,30.0,city
7fccaf8,2025-10-19,10.0,city
7fccaf8,2025-10-20,10.0,city
7fccaf8,2025-10-20,25.0,city
7fccaf8,2025-10-21,50.0,city
7fccaf8,2025-10-21,20.0,city
7fccaf8,2025-10-21,50.0,city
7fccaf8,2025-10-21,50.0,city
7fccaf8,2025-10-22,10.0,city
7fccaf8,2025-10-22,25.0,city
7fccaf8,2025-10-22,50.0,city
7fccaf8,2025-10-22,27.0,city
7fccaf8,2025-10-22,50.0,city
7fccaf8,2025-10-22,15.0,ucb
7fccaf8,2025-10-22,10.0,ucb
7fccaf8,2025-10-23,250.0,city
7fccaf8,2025-10-23,10.0,city
7fccaf8,2025-10-23,15.0,city
7fccaf8,2025-10-24,50.0,city
7fccaf8,2025-10-24,50.0,city
7fccaf8,2025-10-25,50.0,city
7fccaf8,2025-10-25,10.0,city
7fccaf8,2025-10-25,15.0,city
7fccaf8,2025-10-25,5.0,city
7fccaf8,2025-10-26,500.0,city
7fccaf8,2025-10-26,10.0,city
7fccaf8,2025-10-26,10.0,city
7fccaf8,2025-10-26,10.0,ucb
7fccaf8,2025-10-27,50.0,both
7fccaf8,2025-10-27,25.0,city
7fccaf8,2025-10-27,50.0,city
7fccaf8,2025-10-27,27.0,ucb
7fccaf8,2025-10-28,124.37,both
7fccaf8,2025-10-28,10.0,city
7fccaf8,2025-10-28,27.0,city
7fccaf8,2025-10-28,27.0,city
7fccaf8,2025-10-28,14.0,city
7fccaf8,2025-10-28,5.0,city
7fccaf8,2025-10-29,25.0,city
7fccaf8,2025-10-29,27.0,city
7fccaf8,2025-10-29,20.0,city
7fccaf8,2025-10-30,27.0,city
7fccaf8,2025-10-30,25.0,city
7fccaf8,2025-10-30,10.0,city
7fccaf8,2025-10-30,5.0,city
7fccaf8,2025-10-30,25.0,city
7fccaf8,2025-10-31,15.0,city
7fccaf8,2025-10-31,10.0,city
7fccaf8,2025-10-31,5.0,city
7fccaf8,2025-10-31,20.0,city
7fccaf8,2025-10-31,10.0,city
7fccaf8,2025-11-01,30.0,both
7fccaf8,2025-11-01,50.0,city
7fccaf8,2025-11-01,20.0,city
7fccaf8,2025-11-02,5.0,city
7fccaf8,2025-11-02,15.0,city
7fccaf8,2025-11-02,5.0,city
7fccaf8,2025-11-02,3.0,city
7fccaf8,2025-11-02,20.0,city
7fccaf8,2025-11-03,50.0,city
7fccaf8,2025-11-03,25.0,city
7fccaf8,2025-11-03,10.0,city
7fccaf8,2025-11-03,50.0,city
7fccaf8,2025-11-03,25.0,city
7fccaf8,2025-11-03,20.0,city
7fccaf8,2025-11-03,25.0,ucb
7fccaf8,2025-11-04,50.0,city
7fccaf8,2025-11-04,27.0,city
7fccaf8,2025-11-04,27.0,city
7fccaf8,2025-11-04,50.0,city
7fccaf8,2025-11-04,50.0,city
7fccaf8,2025-11-05,25.0,city
7fccaf8,2025-11-05,5.0,city
7fccaf8,2025-11-05,50.0,city
7fccaf8,2025-11-06,20.0,city
7fccaf8,2025-11-06,50.0,city
7fccaf8,2025-11-06,250.0,city
7fccaf8,2025-11-07,15.0,city
7fccaf8,2025-11-07,27.0,city
7fccaf8,2025-11-07,25.0,city
7fccaf8,2025-11-07,25.0,city
7fccaf8,2025-11-07,50.0,city
7fccaf8,2025-11-07,27.0,city
7fccaf8,2025-11-08,20.0,city
7fccaf8,2025-11-09,18.0,both
7fccaf8,2025-11-09,25.0,city
7fccaf8,2025-11-09,75.0,ucb
7fccaf8,2025-11-10,9.0,both
7fccaf8,2025-11-10,5.0,city
7fccaf8,2025-11-10,15.0,city
7fccaf8,2025-11-11,25.0,city
7fccaf8,2025-11-11,25.0,city
7fccaf8,2025-11-11,5.0,city
7fccaf8,2025-11-12,58.37,city
7fccaf8,2025-11-12,10.0,city
7fccaf8,2025-11-12,20.0,city
7fccaf8,2025-11-12,25.0,city
7fccaf8,2025-11-12,28.0,city
7fccaf8,2025-11-13,25.0,city
7fccaf8,2025-11-13,50.0,city
7fccaf8,2025-11-13,10.0,city
7fccaf8,2025-11-13,10.0,city
7fccaf8,2025-11-14,25.0,city
7fccaf8,2025-11-15,100.0,city
7fccaf8,2025-11-15,20.0,city
7fccaf8,2025-11-15,25.0,city
7fccaf8,2025-11-15,25.0,city
7fccaf8,2025-11-16,3.0,city
7fccaf8,2025-11-16,3.0,city
7fccaf8,2025-11-16,15.0,city
7fccaf8,2025-11-16,20.0,city
7fccaf8,2025-11-17,20.0,both
7fccaf8,2025-11-17,10.0,city
7fccaf8,2025-11-17,25.0,city
7fccaf8,2025-11-17,30.0,city
7fccaf8,2025-11-18,26.0,city
7fccaf8,2025-11-18,6.0,city
7fccaf8,2025-11-18,15.0,city
7fccaf8,2025-11-18,50.0,city
7fccaf8,2025-11-18,15.0,city
7fccaf8,2025-11-18,20.0,city
7fccaf8,2025-11-19,18.0,both
7fccaf8,2025-11-19,8.0,city
7fccaf8,2025-11-19,10.0,city
7fccaf8,2025-11-19,10.0,city
7fccaf8,2025-11-19,30.0,city
7fccaf8,2025-11-20,10.0,city
7fccaf8,2025-11-20,25.0,city
7fccaf8,2025-11-21,50.0,city
7fccaf8,2025-11-21,20.0,city
7fccaf8,2025-11-21,20.0,city
7fccaf8,2025-11-22,25.0,city
7fccaf8,2025-11-22,50.0,city
7fccaf8,2025-11-22,50.0,city
7fccaf8,2025-11-22,50.0,city
7fccaf8,2025-11-22,27.0,city
7fccaf8,2025-11-22,10.0,ucb
7fccaf8,2025-11-23,15.0,city
7fccaf8,2025-11-23,50.0,city
7fccaf8,2025-11-24,50.0,city
7fccaf8,2025-11-24,30.0,city
7fccaf8,2025-11-24,50.0,city
7fccaf8,2025-11-25,50.0,city
7fccaf8,2025-11-25,5.0,city
7fccaf8,2025-11-25,10.0,city
7fccaf8,2025-11-26,10.0,city
7fccaf8,2025-11-26,10.0,city
7fccaf8,2025-11-26,10.0,ucb
7fccaf8,2025-11-27,50.0,city
7fccaf8,2025-11-27,25.0,city
7fccaf8,2025-11-27,27.0,ucb
7fccaf8,2025-11-28,27.0,city
7fccaf8,2025-11-28,27.0,city
7fccaf8,2025-11-28,10.0,city
7fccaf8,2025-11-29,27.0,city
7fccaf8,2025-11-29,20.0,city
7fccaf8,2025-11-29,25.0,city
7fccaf8,2025-11-30,25.0,city
7fccaf8,2025-11-30,10.0,city
7fccaf8,2025-11-30,5.0,city
7fccaf8,2025-11-30,15.0,city
7fccaf8,2025-11-30,5.0,city
7fccaf8,2025-11-30,10.0,city
7fccaf8,2025-11-30,27.0,city
7fccaf8,2025-11-30,10.0,city
7fccaf8,2025-11-30,25.0,city
7fccaf8,2025-11-30,10.0,city
7fccaf8,2025-12-01,30.0,both
7fccaf8,2025-12-01,50.0,city
7fccaf8,2025-12-01,20.0,city
7fccaf8,2025-12-02,3.0,city
7fccaf8,2025-12-02,10.0,city
7fccaf8,2025-12-02,15.0,city
7fccaf8,2025-12-02,5.0,city
7fccaf8,2025-12-02,20.0,city
7fccaf8,2025-12-02,5.0,city
7fccaf8,2025-12-03,20.0,city
7fccaf8,2025-12-03,50.0,city
7fccaf8,2025-12-03,25.0,city
7fccaf8,2025-12-03,50.0,city
7fccaf8,2025-12-03,10.0,city
7fccaf8,2025-12-03,25.0,ucb
7fccaf8,2025-12-04,27.0,city
7fccaf8,2025-12-04,50.0,city
7fccaf8,2025-12-04,50.0,city
7fccaf8,2025-12-04,27.0,city
7fccaf8,2025-12-04,7.5,city
7fccaf8,2025-12-04,50.0,city
7fccaf8,2025-12-05,18.0,both
7fccaf8,2025-12-05,50.0,city
7fccaf8,2025-12-05,5.0,city
7fccaf8,2025-12-06,250.0,city
7fccaf8,2025-12-06,20.0,city
7fccaf8,2025-12-07,25.0,city
7fccaf8,2025-12-07,25.0,city
7fccaf8,2025-12-07,27.0,city
7fccaf8,2025-12-08,20.0,city
7fccaf8,2025-12-08,100.0,city
7fccaf8,2025-12-09,50.0,city
7fccaf8,2025-12-09,75.0,ucb
7fccaf8,2025-12-10,9.0,both
7fccaf8,2025-12-10,15.0,city
7fccaf8,2025-12-10,5.0,city
7fccaf8,2025-12-11,5.0,city
7fccaf8,2025-12-11,5.0,city
7fccaf8,2025-12-11,25.0,city
7fccaf8,2025-12-11,25.0,city
7fccaf8,2025-12-11,25.0,city
7fccaf8,2025-12-12,25.0,city
7fccaf8,2025-12-12,20.0,city
7fccaf8,2025-12-12,10.0,city
7fccaf8,2025-12-13,50.0,city
7fccaf8,2025-12-13,25.0,city
7fccaf8,2025-12-13,10.0,city
7fccaf8,2025-12-14,25.0,city
7fccaf8,2025-12-15,100.0,city
7fccaf8,2025-12-15,25.0,city
7fccaf8,2025-12-15,20.0,city
7fccaf8,2025-12-15,25.0,city
7fccaf8,2025-12-16,20.0,city
7fccaf8,2025-12-16,15.0,city
7fccaf8,2025-12-16,10.0,city
7fccaf8,2025-12-16,3.0,city
7fccaf8,2025-12-16,3.0,city
7fccaf8,2025-12-17,20.0,both
7fccaf8,2025-12-17,30.0,city
7fccaf8,2025-12-17,20.0,city
7fccaf8,2025-12-17,10.0,city
7fccaf8,2025-12-17,5.0,city
7fccaf8,2025-12-17,30.0,city
7fccaf8,2025-12-17,8.0,city
7fccaf8,2025-12-17,25.0,city
7fccaf8,2025-12-18,6.0,city
7fccaf8,2025-12-18,26.0,city
7fccaf8,2025-12-18,25.0,city
7fccaf8,2025-12-18,15.0,city
7fccaf8,2025-12-18,15.0,city
7fccaf8,2025-12-18,20.0,city
7fccaf8,2025-12-18,50.0,city
7fccaf8,2025-12-19,18.0,both
7fccaf8,2025-12-19,10.0,city
7fccaf8,2025-12-19,20.0,city
7fccaf8,2025-12-19,30.0,city
7fccaf8,2025-12-20,25.0,city
7fccaf8,2025-12-20,10.0,city
7fccaf8,2025-12-21,50.0,city
7fccaf8,2025-12-21,20.0,city
7fccaf8,2025-12-22,50.0,city
7fccaf8,2025-12-22,50.0,city
7fccaf8,2025-12-22,25.0,city
7fccaf8,2025-12-22,50.0,city
7fccaf8,2025-12-22,27.0,city
7fccaf8,2025-12-22,10.0,ucb
7fccaf8,2025-12-23,15.0,city
7fccaf8,2025-12-24,100.0,city
7fccaf8,2025-12-24,50.0,city
7fccaf8,2025-12-24,50.0,city
7fccaf8,2025-12-25,10.0,city
7fccaf8,2025-12-25,100.0,city
7fccaf8,2025-12-25,50.0,city
7fccaf8,2025-12-25,5.0,city
7fccaf8,2025-12-26,10.0,city
7fccaf8,2025-12-26,10.0,city
7fccaf8,2025-12-26,10.0,ucb
7fccaf8,2025-12-27,50.0,city
7fccaf8,2025-12-28,10.0,city
7fccaf8,2025-12-28,50.0,city
7fccaf8,2025-12-28,27.0,city
7fccaf8,2025-12-28,27.0,city
7fccaf8,2025-12-29,27.0,city
7fccaf8,2025-12-29,20.0,city
7fccaf8,2025-12-29,25.0,city
7fccaf8,2025-12-29,27.0,ucb
7fccaf8,2025-12-30,5.0,city
7fccaf8,2025-12-30,25.0,city
7fccaf8,2025-12-30,27.0,city
7fccaf8,2025-12-30,10.0,city
7fccaf8,2025-12-31,75.0,both
7fccaf8,2025-12-31,10.0,city
7fccaf8,2025-12-31,15.0,city
7fccaf8,2025-12-31,5.0,city
7fccaf8,2025-12-31,10.0,city
7fccaf8,2025-12-31,500.0,city
7fccaf8,2025-12-31,10.0,city
7fccaf8,2025-12-31,500.0,city
7fccaf8,2026-01-01,30.0,both
7fccaf8,2026-01-01,15.0,city
7fccaf8,2026-01-01,20.0,city
7fccaf8,2026-01-01,50.0,city
7fccaf8,2026-01-02,10.0,city
7fccaf8,2026-01-02,5.0,city
7fccaf8,2026-01-02,15.0,city
7fccaf8,2026-01-02,20.0,city
7fccaf8,2026-01-02,5.0,city
7fccaf8,2026-01-03,50.0,city
7fccaf8,2026-01-03,20.0,city
7fccaf8,2026-01-03,10.0,city
7fccaf8,2026-01-03,50.0,city
7fccaf8,2026-01-03,25.0,city
7fccaf8,2026-01-03,25.0,ucb
7fccaf8,2026-01-04,27.0,city
7fccaf8,2026-01-04,50.0,city
7fccaf8,2026-01-04,50.0,city
7fccaf8,2026-01-04,27.0,city
7fccaf8,2026-01-04,50.0,city
7fccaf8,2026-01-04,50.0,city
7fccaf8,2026-01-04,15.0,city
7fccaf8,2026-01-05,18.0,both
7fccaf8,2026-01-05,5.0,city
7fccaf8,2026-01-05,50.0,city
7fccaf8,2026-01-06,20.0,city
7fccaf8,2026-01-07,27.0,city
7fccaf8,2026-01-07,25.0,city
7fccaf8,2026-01-07,25.0,city
7fccaf8,2026-01-08,250.0,city
7fccaf8,2026-01-08,20.0,city
7fccaf8,2026-01-09,25.0,city
7fccaf8,2026-01-09,75.0,ucb
7fccaf8,2026-01-10,9.0,both
7fccaf8,2026-01-10,20.0,city
7fccaf8,2026-01-10,5.0,city
7fccaf8,2026-01-10,15.0,city
7fccaf8,2026-01-11,25.0,city
7fccaf8,2026-01-11,25.0,city
7fccaf8,2026-01-11,5.0,city
7fccaf8,2026-01-12,25.0,city
7fccaf8,2026-01-12,10.0,city
7fccaf8,2026-01-12,27.0,ucb
7fccaf8,2026-01-12,25.0,ucb
7fccaf8,2026-01-13,50.0,city
7fccaf8,2026-01-13,14.0,city
7fccaf8,2026-01-13,25.0,city
7fccaf8,2026-01-13,10.0,city
7fccaf8,2026-01-13,5.0,city
7fccaf8,2026-01-13,20.0,ucb
7fccaf8,2026-01-14,25.0,city
7fccaf8,2026-01-14,5.0,city
7fccaf8,2026-01-14,50.0,city
7fccaf8,2026-01-15,100.0,city
7fccaf8,2026-01-15,27.0,city
7fccaf8,2026-01-15,20.0,city
7fccaf8,2026-01-15,25.0,city
7fccaf8,2026-01-15,25.0,city
7fccaf8,2026-01-16,3.0,city
7fccaf8,2026-01-16,3.0,city
7fccaf8,2026-01-16,15.0,city
7fccaf8,2026-01-16,20.0,city
7fccaf8,2026-01-17,20.0,both
7fccaf8,2026-01-17,25.0,city
7fccaf8,2026-01-17,20.0,city
7fccaf8,2026-01-17,30.0,city
7fccaf8,2026-01-17,8.0,city
7fccaf8,2026-01-17,10.0,city
7fccaf8,2026-01-18,50.0,city
7fccaf8,2026-01-18,20.0,city
7fccaf8,2026-01-18,6.0,city
7fccaf8,2026-01-18,27.0,city
7fccaf8,2026-01-18,15.0,city
7fccaf8,2026-01-18,26.0,city
7fccaf8,2026-01-18,15.0,city
7fccaf8,2026-01-19,18.0,both
7fccaf8,2026-01-19,10.0,city
7fccaf8,2026-01-19,30.0,city
7fccaf8,2026-01-19,20.0,city
7fccaf8,2026-01-20,10.0,city
7fccaf8,2026-01-20,25.0,city
7fccaf8,2026-01-20,20.0,ucb
7fccaf8,2026-01-21,10.0,city
7fccaf8,2026-01-21,20.0,city
7fccaf8,2026-01-21,50.0,city
7fccaf8,2026-01-22,50.0,city
7fccaf8,2026-01-22,25.0,city
7fccaf8,2026-01-22,50.0,city
7fccaf8,2026-01-22,50.0,city
7fccaf8,2026-01-22,27.0,city
7fccaf8,2026-01-22,10.0,ucb
7fccaf8,2026-01-23,15.0,city
7fccaf8,2026-01-23,15.0,city
7fccaf8,2026-01-23,100.0,city
7fccaf8,2026-01-23,15.0,city
7fccaf8,2026-01-23,500.0,city
7fccaf8,2026-01-24,50.0,city
7fccaf8,2026-01-24,100.0,city
7fccaf8,2026-01-24,10.0,city
7fccaf8,2026-01-24,50.0,city
7fccaf8,2026-01-25,5.0,city
7fccaf8,2026-01-25,10.0,city
7fccaf8,2026-01-25,50.0,city
7fccaf8,2026-01-26,10.0,city
7fccaf8,2026-01-26,10.0,city
7fccaf8,2026-01-26,20.0,city
7fccaf8,2026-01-26,10.0,city
7fccaf8,2026-01-26,10.0,ucb
7fccaf8,2026-01-27,50.0,city
7fccaf8,2026-01-27,25.0,city
7fccaf8,2026-01-27,25.0,city
7fccaf8,2026-01-27,10.0,city
7fccaf8,2026-01-27,27.0,ucb
7fccaf8,2026-01-28,27.0,city
7fccaf8,2026-01-28,15.0,city
7fccaf8,2026-01-28,27.0,city
7fccaf8,2026-01-28,10.0,city
7fccaf8,2026-01-29,27.0,city
7fccaf8,2026-01-29,20.0,city
7fccaf8,2026-01-29,25.0,city
7fccaf8,2026-01-30,10.0,city
7fccaf8,2026-01-30,27.0,city
7fccaf8,2026-01-30,25.0,city
7fccaf8,2026-01-30,5.0,city
7fccaf8,2026-01-31,5.0,city
7fccaf8,2026-01-31,10.0,city
7fccaf8,2026-01-31,15.0,city
7fccaf8,2026-01-31,10.0,city
7fccaf8,2026-01-31,12.5,city
7fccaf8,2026-02-01,30.0,both
7fccaf8,2026-02-01,50.0,city
7fccaf8,2026-02-01,20.0,city
7fccaf8,2026-02-01,15.0,city
7fccaf8,2026-02-01,20.0,city
7fccaf8,2026-02-01,14.0,city
7fccaf8,2026-02-02,3.0,city
7fccaf8,2026-02-02,15.0,city
7fccaf8,2026-02-02,20.0,city
7fccaf8,2026-02-02,10.0,city
7fccaf8,2026-02-02,5.0,city
7fccaf8,2026-02-02,5.0,city
7fccaf8,2026-02-03,40.0,both
7fccaf8,2026-02-03,20.0,city
7fccaf8,2026-02-03,10.0,city
7fccaf8,2026-02-03,25.0,city
7fccaf8,2026-02-03,5.0,city
7fccaf8,2026-02-03,50.0,city
7fccaf8,2026-02-03,50.0,city
7fccaf8,2026-02-03,25.0,ucb
7fccaf8,2026-02-04,50.0,city
7fccaf8,2026-02-04,27.0,city
7fccaf8,2026-02-04,50.0,city
7fccaf8,2026-02-04,15.0,city
7fccaf8,2026-02-04,27.0,city
7fccaf8,2026-02-04,50.0,city
7fccaf8,2026-02-04,25.0,city
7fccaf8,2026-02-04,50.0,city
7fccaf8,2026-02-05,18.0,both
7fccaf8,2026-02-05,50.0,city
7fccaf8,2026-02-05,5.0,city
7fccaf8,2026-02-06,20.0,city
7fccaf8,2026-02-06,15.0,city
7fccaf8,2026-02-07,25.0,city
7fccaf8,2026-02-07,27.0,city
7fccaf8,2026-02-07,25.0,city
7fccaf8,2026-02-08,20.0,city
7fccaf8,2026-02-09,250.0,city
7fccaf8,2026-02-09,25.0,city
7fccaf8,2026-02-09,75.0,ucb
7fccaf8,2026-02-10,9.0,both
7fccaf8,2026-02-10,20.0,city
7fccaf8,2026-02-10,7.5,city
7fccaf8,2026-02-10,5.0,city
7fccaf8,2026-02-10,15.0,city
7fccaf8,2026-02-11,5.0,city
7fccaf8,2026-02-11,25.0,city
7fccaf8,2026-02-11,25.0,city
7fccaf8,2026-02-11,25.0,city
7fccaf8,2026-02-12,100.0,city
7fccaf8,2026-02-12,10.0,city
7fccaf8,2026-02-12,50.0,city
7fccaf8,2026-02-12,250.0,city
7fccaf8,2026-02-12,25.0,city
7fccaf8,2026-02-13,25.0,both
7fccaf8,2026-02-13,25.0,city
7fccaf8,2026-02-13,50.0,city
7fccaf8,2026-02-13,10.0,city
7fccaf8,2026-02-13,50.0,city
7fccaf8,2026-02-13,5.0,city
7fccaf8,2026-02-13,20.0,ucb
7fccaf8,2026-02-14,25.0,city
7fccaf8,2026-02-15,25.0,city
7fccaf8,2026-02-15,20.0,city
7fccaf8,2026-02-15,25.0,city
7fccaf8,2026-02-15,100.0,city
7fccaf8,2026-02-15,27.0,city
7fccaf8,2026-02-16,15.0,city
7fccaf8,2026-02-16,20.0,city
7fccaf8,2026-02-16,3.0,city
7fccaf8,2026-02-16,3.0,city
7fccaf8,2026-02-17,20.0,both
7fccaf8,2026-02-17,10.0,city
7fccaf8,2026-02-17,20.0,city
7fccaf8,2026-02-17,20.0,city
7fccaf8,2026-02-17,8.0,city
7fccaf8,2026-02-17,25.0,city
7fccaf8,2026-02-17,25.0,city
7fccaf8,2026-02-17,30.0,city
7fccaf8,2026-02-18,15.0,city
7fccaf8,2026-02-18,26.0,city
7fccaf8,2026-02-18,15.0,city
7fccaf8,2026-02-18,10.0,city
7fccaf8,2026-02-18,20.0,city
7fccaf8,2026-02-18,50.0,city
7fccaf8,2026-02-19,18.0,both
7fccaf8,2026-02-19,10.0,city
7fccaf8,2026-02-19,30.0,city
7fccaf8,2026-02-19,20.0,city
7fccaf8,2026-02-20,25.0,city
7fccaf8,2026-02-20,10.0,city
7fccaf8,2026-02-20,20.0,ucb
7fccaf8,2026-02-21,50.0,city
7fccaf8,2026-02-21,20.0,city
7fccaf8,2026-02-21,10.0,city
7fccaf8,2026-02-22,50.0,city
7fccaf8,2026-02-22,25.0,city
7fccaf8,2026-02-22,27.0,city
7fccaf8,2026-02-22,50.0,city
7fccaf8,2026-02-22,10.0,ucb
7fccaf8,2026-02-23,15.0,city
7fccaf8,2026-02-23,15.0,city
7fccaf8,2026-02-23,15.0,city
7fccaf8,2026-02-24,100.0,city
7fccaf8,2026-02-24,10.0,city
7fccaf8,2026-02-24,50.0,city
7fccaf8,2026-02-25,50.0,city
7fccaf8,2026-02-25,10.0,city
7fccaf8,2026-02-25,5.0,city
7fccaf8,2026-02-26,30.0,both
7fccaf8,2026-02-26,28.0,city
7fccaf8,2026-02-26,20.0,city
7fccaf8,2026-02-26,10.0,city
7fccaf8,2026-02-26,10.0,city
7fccaf8,2026-02-26,10.0,city
7fccaf8,2026-02-26,10.0,ucb
7fccaf8,2026-02-27,50.0,city
7fccaf8,2026-02-27,10.0,city
7fccaf8,2026-02-27,25.0,city
7fccaf8,2026-02-27,27.0,ucb
7fccaf8,2026-02-28,25.0,city
7fccaf8,2026-02-28,20.0,city
7fccaf8,2026-02-28,27.0,city
7fccaf8,2026-02-28,25.0,city
7fccaf8,2026-02-28,5.0,city
7fccaf8,2026-02-28,15.0,city
7fccaf8,2026-02-28,5.0,city
7fccaf8,2026-02-28,10.0,city
7fccaf8,2026-02-28,10.0,city
7fccaf8,2026-02-28,25.0,city
7fccaf8,2026-02-28,10.0,city
7fccaf8,2026-02-28,27.0,city
7fccaf8,2026-02-28,27.0,city
7fccaf8,2026-02-28,27.0,city
7fccaf8,2026-03-01,30.0,both
7fccaf8,2026-03-01,15.0,city
7fccaf8,2026-03-01,20.0,city
7fccaf8,2026-03-01,20.0,city
7fccaf8,2026-03-01,50.0,city
7fccaf8,2026-03-02,5.0,city
7fccaf8,2026-03-02,3.0,city
7fccaf8,2026-03-02,5.0,city
7fccaf8,2026-03-02,10.0,city
7fccaf8,2026-03-02,15.0,city
7fccaf8,2026-03-02,20.0,city
7fccaf8,2026-03-03,50.0,city
7fccaf8,2026-03-03,100.0,city
7fccaf8,2026-03-03,10.0,city
7fccaf8,2026-03-03,25.0,city
7fccaf8,2026-03-03,20.0,city
7fccaf8,2026-03-03,50.0,city
7fccaf8,2026-03-03,25.0,ucb
7fccaf8,2026-03-04,50.0,city
7fccaf8,2026-03-04,50.0,city
7fccaf8,2026-03-04,50.0,city
7fccaf8,2026-03-04,27.0,city
7fccaf8,2026-03-04,25.0,city
7fccaf8,2026-03-04,27.0,city
7fccaf8,2026-03-04,15.0,city
7fccaf8,2026-03-05,18.0,both
7fccaf8,2026-03-05,5.0,city
7fccaf8,2026-03-05,50.0,city
7fccaf8,2026-03-05,50.0,city
7fccaf8,2026-03-06,20.0,city
7fccaf8,2026-03-06,250.0,city
7fccaf8,2026-03-06,50.0,city
7fccaf8,2026-03-07,25.0,city
7fccaf8,2026-03-07,25.0,city
7fccaf8,2026-03-08,20.0,city
7fccaf8,2026-03-09,25.0,city
7fccaf8,2026-03-09,75.0,ucb
7fccaf8,2026-03-10,9.0,both
7fccaf8,2026-03-10,15.0,city
7fccaf8,2026-03-10,20.0,city
7fccaf8,2026-03-10,5.0,city
7fccaf8,2026-03-11,5.0,city
7fccaf8,2026-03-11,25.0,city
7fccaf8,2026-03-11,25.0,city
7fccaf8,2026-03-11,25.0,city
7fccaf8,2026-03-12,25.0,city
7fccaf8,2026-03-12,10.0,city
7fccaf8,2026-03-13,10.0,city
7fccaf8,2026-03-13,5.0,city
7fccaf8,2026-03-13,50.0,city
7fccaf8,2026-03-13,25.0,city
7fccaf8,2026-03-13,20.0,ucb
7fccaf8,2026-03-14,25.0,city
7fccaf8,2026-03-14,100.0,city
7fccaf8,2026-03-14,100.0,city
7fccaf8,2026-03-15,25.0,city
7fccaf8,2026-03-15,20.0,city
7fccaf8,2026-03-15,27.0,city
7fccaf8,2026-03-15,100.0,city
7fccaf8,2026-03-15,25.0,city
7fccaf8,2026-03-16,3.0,city
7fccaf8,2026-03-16,3.0,city
7fccaf8,2026-03-16,15.0,city
7fccaf8,2026-03-16,20.0,city
7fccaf8,2026-03-17,20.0,both
7fccaf8,2026-03-17,20.0,city
7fccaf8,2026-03-17,25.0,city
7fccaf8,2026-03-17,10.0,city
7fccaf8,2026-03-17,8.0,city
7fccaf8,2026-03-17,30.0,city
7fccaf8,2026-03-18,20.0,city
7fccaf8,2026-03-18,15.0,city
7fccaf8,2026-03-18,1160.0,city
7fccaf8,2026-03-18,50.0,city
7fccaf8,2026-03-18,26.0,city
7fccaf8,2026-03-18,15.0,city
7fccaf8,2026-03-19,18.0,both
7fccaf8,2026-03-19,10.0,city
7fccaf8,2026-03-19,30.0,city
7fccaf8,2026-03-19,20.0,city
7fccaf8,2026-03-20,25.0,city
7fccaf8,2026-03-20,10.0,city
7fccaf8,2026-03-20,20.0,ucb
7fccaf8,2026-03-21,20.0,city
7fccaf8,2026-03-21,50.0,city
7fccaf8,2026-03-21,10.0,city
7fccaf8,2026-03-22,50.0,city
7fccaf8,2026-03-22,50.0,city
7fccaf8,2026-03-22,27.0,city
7fccaf8,2026-03-22,10.0,ucb
7fccaf8,2026-03-23,15.0,city
7fccaf8,2026-03-23,15.0,city
7fccaf8,2026-03-23,15.0,city
7fccaf8,2026-03-24,10.0,city
7fccaf8,2026-03-24,100.0,city
7fccaf8,2026-03-24,50.0,city
7fccaf8,2026-03-25,18.0,both
7fccaf8,2026-03-25,250.0,city
7fccaf8,2026-03-25,50.0,city
7fccaf8,2026-03-25,10.0,city
7fccaf8,2026-03-25,50.0,city
7fccaf8,2026-03-25,5.0,city
7fccaf8,2026-03-26,10.0,city
7fccaf8,2026-03-26,28.0,city
7fccaf8,2026-03-26,10.0,city
7fccaf8,2026-03-26,20.0,city
7fccaf8,2026-03-26,10.0,city
7fccaf8,2026-03-26,10.0,ucb
7fccaf8,2026-03-27,50.0,city
7fccaf8,2026-03-27,10.0,city
7fccaf8,2026-03-27,25.0,city
7fccaf8,2026-03-28,27.0,city
7fccaf8,2026-03-28,10.0,city
7fccaf8,2026-03-28,27.0,city
7fccaf8,2026-03-28,15.0,city
7fccaf8,2026-03-29,27.0,city
7fccaf8,2026-03-29,20.0,city
7fccaf8,2026-03-29,25.0,city
7fccaf8,2026-03-30,27.0,city
7fccaf8,2026-03-30,5.0,city
7fccaf8,2026-03-30,10.0,city
7fccaf8,2026-03-30,25.0,city
7fccaf8,2026-03-31,10.0,city
7fccaf8,2026-03-31,5.0,city
7fccaf8,2026-03-31,10.0,city
7fccaf8,2026-03-31,25.0,city
7fccaf8,2026-03-31,27.0,ucb
7fccaf8,2026-04-01,30.0,both
7fccaf8,2026-04-01,10.0,city
7fccaf8,2026-04-01,50.0,city
7fccaf8,2026-04-01,15.0,city
7fccaf8,2026-04-01,20.0,city
7fccaf8,2026-04-02,5.0,city
7fccaf8,2026-04-02,5.0,city
7fccaf8,2026-04-02,15.0,city
7fccaf8,2026-04-02,3.0,city
7fccaf8,2026-04-02,20.0,city
7fccaf8,2026-04-02,10.0,city
7fccaf8,2026-04-03,20.0,city
7fccaf8,2026-04-03,50.0,city
7fccaf8,2026-04-03,10.0,city
7fccaf8,2026-04-03,50.0,city
7fccaf8,2026-04-03,5.0,city
7fccaf8,2026-04-03,25.0,city
7fccaf8,2026-04-04,50.0,city
7fccaf8,2026-04-04,27.0,city
7fccaf8,2026-04-04,50.0,city
7fccaf8,2026-04-04,50.0,city
7fccaf8,2026-04-04,20.0,city
7fccaf8,2026-04-04,15.0,city
7fccaf8,2026-04-04,27.0,city
7fccaf8,2026-04-05,18.0,both
7fccaf8,2026-04-05,50.0,city
7fccaf8,2026-04-05,5.0,city
7fccaf8,2026-04-06,20.0,city
7fccaf8,2026-04-07,25.0,city
7fccaf8,2026-04-07,25.0,city
7fccaf8,2026-04-08,20.0,city
7fccaf8,2026-04-08,25.0,city
7fccaf8,2026-04-08,12.5,city
7fccaf8,2026-04-08,125.0,city
7fccaf8,2026-04-09,25.0,city
7fccaf8,2026-04-09,10.0,city
7fccaf8,2026-04-09,75.0,ucb
7fccaf8,2026-04-10,9.0,both
7fccaf8,2026-04-10,5.0,city
7fccaf8,2026-04-10,15.0,city
7fccaf8,2026-04-10,20.0,city
7fccaf8,2026-04-10,5.5,city
7fccaf8,2026-04-10,20.0,city
7fccaf8,2026-04-11,20.0,city
7fccaf8,2026-04-11,27.0,city
7fccaf8,2026-04-11,25.0,city
7fccaf8,2026-04-11,25.0,city
7fccaf8,2026-04-11,5.0,city
7fccaf8,2026-04-12,10.0,city
7fccaf8,2026-04-12,25.0,city
7fccaf8,2026-04-13,25.0,city
7fccaf8,2026-04-13,10.0,city
7fccaf8,2026-04-13,50.0,city
7fccaf8,2026-04-13,5.0,city
7fccaf8,2026-04-13,20.0,ucb
7fccaf8,2026-04-14,10.0,city
7fccaf8,2026-04-14,25.0,city
7fccaf8,2026-04-15,72.0,both
7fccaf8,2026-04-15,27.0,city
7fccaf8,2026-04-15,25.0,city
7fccaf8,2026-04-15,50.0,city
7fccaf8,2026-04-15,20.0,city
7fccaf8,2026-04-15,25.0,city
7fccaf8,2026-04-15,100.0,city
7fccaf8,2026-04-15,100.0,city
7fccaf8,2026-04-15,15.0,city
7fccaf8,2026-04-16,25.0,city
7fccaf8,2026-04-16,25.0,city
7fccaf8,2026-04-16,15.0,city
7fccaf8,2026-04-16,20.0,city
7fccaf8,2026-04-16,3.0,city
7fccaf8,2026-04-16,3.0,city
7fccaf8,2026-04-17,20.0,both
7fccaf8,2026-04-17,30.0,city
7fccaf8,2026-04-17,20.0,city
7fccaf8,2026-04-17,8.0,city
7fccaf8,2026-04-17,25.0,city
7fccaf8,2026-04-17,1000.0,city
7fccaf8,2026-04-17,10.0,city
7fccaf8,2026-04-18,20.0,city
7fccaf8,2026-04-18,10.0,city
7fccaf8,2026-04-18,50.0,city
7fccaf8,2026-04-18,15.0,city
7fccaf8,2026-04-18,26.0,city
7fccaf8,2026-04-18,15.0,city
7fccaf8,2026-04-19,18.0,both
7fccaf8,2026-04-19,30.0,city
7fccaf8,2026-04-19,20.0,city
7fccaf8,2026-04-19,10.0,city
7fccaf8,2026-04-19,10.0,city
7fccaf8,2026-04-20,50.0,city
7fccaf8,2026-04-20,100.0,city
7fccaf8,2026-04-20,28.0,city
7fccaf8,2026-04-20,10.0,city
7fccaf8,2026-04-20,25.0,city
7fccaf8,2026-04-20,20.0,ucb
7fccaf8,2026-04-21,50.0,city
7fccaf8,2026-04-21,20.0,city
7fccaf8,2026-04-21,50.0,city
7fccaf8,2026-04-21,10.0,city
7fccaf8,2026-04-22,25.0,city
7fccaf8,2026-04-22,25.0,city
7fccaf8,2026-04-22,50.0,city
7fccaf8,2026-04-22,50.0,city
7fccaf8,2026-04-22,27.0,city
7fccaf8,2026-04-22,10.0,ucb
7fccaf8,2026-04-23,15.0,city
7fccaf8,2026-04-23,15.0,city
7fccaf8,2026-04-23,15.0,city
7fccaf8,2026-04-24,10.0,city
7fccaf8,2026-04-24,100.0,city
7fccaf8,2026-04-24,50.0,city
7fccaf8,2026-04-25,18.0,both
7fccaf8,2026-04-25,5.0,city
7fccaf8,2026-04-25,10.0,city
7fccaf8,2026-04-25,50.0,city
7fccaf8,2026-04-26,1000.0,city
7fccaf8,2026-04-26,50.0,city
7fccaf8,2026-04-26,10.0,city
7fccaf8,2026-04-26,10.0,city
7fccaf8,2026-04-26,10.0,ucb
7fccaf8,2026-04-27,10.0,city
7fccaf8,2026-04-27,25.0,city
7fccaf8,2026-04-28,12.5,city
7fccaf8,2026-04-28,27.0,city
7fccaf8,2026-04-28,15.0,city
7fccaf8,2026-04-28,27.0,city
7fccaf8,2026-04-28,10.0,city
7fccaf8,2026-04-28,25.0,city
7fccaf8,2026-04-29,27.0,city
7fccaf8,2026-04-29,25.0,city
7fccaf8,2026-04-29,20.0,city
7fccaf8,2026-04-29,27.0,ucb
7fccaf8,2026-04-30,10.0,city
7fccaf8,2026-04-30,5.0,city
7fccaf8,2026-04-30,25.0,city
7fccaf8,2026-04-30,25.0,city
7fccaf8,2026-04-30,10.0,city
7fccaf8,2026-04-30,5.0,city
7fccaf8,2026-04-30,27.0,city
7fccaf8,2026-04-30,10.0,city
7fccaf8,2026-05-01,30.0,both
7fccaf8,2026-05-01,20.0,city
7fccaf8,2026-05-01,20.0,city
7fccaf8,2026-05-01,10.0,city
7fccaf8,2026-05-01,15.0,city
7fccaf8,2026-05-01,50.0,city
7fccaf8,2026-05-02,20.0,city
7fccaf8,2026-05-02,15.0,city
7fccaf8,2026-05-02,5.0,city
7fccaf8,2026-05-02,3.0,city
7fccaf8,2026-05-02,10.0,city
7fccaf8,2026-05-02,5.0,city
7fccaf8,2026-05-03,25.0,city
7fccaf8,2026-05-03,20.0,city
7fccaf8,2026-05-03,50.0,city
7fccaf8,2026-05-03,10.0,city
7fccaf8,2026-05-03,5.0,city
7fccaf8,2026-05-03,50.0,city
7fccaf8,2026-05-04,27.0,city
7fccaf8,2026-05-04,20.0,city
7fccaf8,2026-05-04,27.0,city
7fccaf8,2026-05-04,50.0,city
7fccaf8,2026-05-04,15.0,city
7fccaf8,2026-05-05,18.0,both
7fccaf8,2026-05-05,50.0,city
7fccaf8,2026-05-05,25.0,city
7fccaf8,2026-05-05,5.0,city
7fccaf8,2026-05-06,20.0,city
7fccaf8,2026-05-07,25.0,city
7fccaf8,2026-05-07,25.0,city
7fccaf8,2026-05-08,20.0,city
7fccaf8,2026-05-09,10.0,city
7fccaf8,2026-05-09,100.0,city
7fccaf8,2026-05-09,25.0,city
7fccaf8,2026-05-09,25.0,ucb
7fccaf8,2026-05-10,9.0,both
7fccaf8,2026-05-10,20.0,city
7fccaf8,2026-05-10,5.5,city
7fccaf8,2026-05-10,15.0,city
7fccaf8,2026-05-10,5.0,city
7fccaf8,2026-05-11,5.0,city
7fccaf8,2026-05-11,25.0,city
7fccaf8,2026-05-11,50.0,city
7fccaf8,2026-05-11,25.0,city
7fccaf8,2026-05-12,10.0,city
7fccaf8,2026-05-12,25.0,city
7fccaf8,2026-05-13,10.0,city
7fccaf8,2026-05-13,5.0,city
7fccaf8,2026-05-13,50.0,city
7fccaf8,2026-05-13,25.0,city
7fccaf8,2026-05-13,10.0,city
7fccaf8,2026-05-13,27.0,city
7fccaf8,2026-05-13,20.0,ucb
7fccaf8,2026-05-14,10.0,city
7fccaf8,2026-05-14,25.0,city
7fccaf8,2026-05-15,27.0,city
7fccaf8,2026-05-15,15.0,city
7fccaf8,2026-05-15,25.0,city
7fccaf8,2026-05-15,25.0,city
7fccaf8,2026-05-15,20.0,city
7fccaf8,2026-05-15,100.0,city
7fccaf8,2026-05-16,3.0,city
7fccaf8,2026-05-16,15.0,city
7fccaf8,2026-05-16,3.0,city
7fccaf8,2026-05-16,20.0,city
7fccaf8,2026-05-17,20.0,both
7fccaf8,2026-05-17,8.0,city
7fccaf8,2026-05-17,10.0,city
7fccaf8,2026-05-17,25.0,city
7fccaf8,2026-05-17,20.0,city
7fccaf8,2026-05-17,30.0,city
7fccaf8,2026-05-18,50.0,city
7fccaf8,2026-05-18,26.0,city
7fccaf8,2026-05-18,20.0,city
7fccaf8,2026-05-18,10.0,city
7fccaf8,2026-05-18,15.0,city
7fccaf8,2026-05-18,15.0,city
7fccaf8,2026-05-19,18.0,both
7fccaf8,2026-05-19,10.0,city
7fccaf8,2026-05-19,20.0,city
7fccaf8,2026-05-19,10.0,city
7fccaf8,2026-05-19,30.0,city
7fccaf8,2026-05-19,10.0,city
7fccaf8,2026-05-20,25.0,city
7fccaf8,2026-05-20,10.0,city
7fccaf8,2026-05-20,25.0,city
7fccaf8,2026-05-20,20.0,ucb
7fccaf8,2026-05-21,20.0,city
7fccaf8,2026-05-21,50.0,city
7fccaf8,2026-05-21,10.0,city
7fccaf8,2026-05-22,25.0,city
7fccaf8,2026-05-22,50.0,city
7fccaf8,2026-05-22,27.0,city
7fccaf8,2026-05-22,50.0,city
7fccaf8,2026-05-22,10.0,ucb
7fccaf8,2026-05-23,15.0,city
7fccaf8,2026-05-23,15.0,city
7fccaf8,2026-05-24,10.0,city
7fccaf8,2026-05-24,50.0,city
7fccaf8,2026-05-24,50.0,city
7fccaf8,2026-05-24,100.0,city
7fccaf8,2026-05-25,18.0,both
7fccaf8,2026-05-25,50.0,city
7fccaf8,2026-05-25,50.0,city
7fccaf8,2026-05-25,10.0,city
7fccaf8,2026-05-25,5.0,city
7fccaf8,2026-05-26,10.0,city
7fccaf8,2026-05-26,10.0,city
7fccaf8,2026-05-26,10.0,ucb
7fccaf8,2026-05-27,25.0,city
7fccaf8,2026-05-27,10.0,city
7fccaf8,2026-05-27,10.0,city
7fccaf8,2026-05-28,27.0,city
7fccaf8,2026-05-28,15.0,city
7fccaf8,2026-05-28,27.0,city
7fccaf8,2026-05-28,10.0,city
7fccaf8,2026-05-29,20.0,both
7fccaf8,2026-05-29,20.0,city
7fccaf8,2026-05-29,27.0,city
7fccaf8,2026-05-29,25.0,city
7fccaf8,2026-05-29,10.0,city
7fccaf8,2026-05-29,27.0,ucb
7fccaf8,2026-05-30,5.0,city
7fccaf8,2026-05-30,10.0,city
7fccaf8,2026-05-30,25.0,city
7fccaf8,2026-05-30,25.0,city
7fccaf8,2026-05-30,27.0,city
7fccaf8,2026-05-31,10.0,city
7fccaf8,2026-05-31,25.0,city
7fccaf8,2026-05-31,5.0,city
7fccaf8,2026-05-31,10.0,city
7fccaf8,2026-06-01,50.0,city
7fccaf8,2026-06-01,20.0,city
7fccaf8,2026-06-01,15.0,city
7fccaf8,2026-06-01,10.0,city
7fccaf8,2026-06-01,20.0,city
7fccaf8,2026-06-02,20.0,city
7fccaf8,2026-06-02,27.0,city
7fccaf8,2026-06-02,10.0,city
7fccaf8,2026-06-02,15.0,city
7fccaf8,2026-06-02,500.0,city
7fccaf8,2026-06-02,3.0,city
7fccaf8,2026-06-02,5.0,city
7fccaf8,2026-06-02,5.0,city
7fccaf8,2026-06-03,20.0,city
7fccaf8,2026-06-03,50.0,city
7fccaf8,2026-06-03,5.0,city
7fccaf8,2026-06-03,50.0,city
7fccaf8,2026-06-03,25.0,city
7fccaf8,2026-06-03,10.0,city
7fccaf8,2026-06-04,27.0,city
7fccaf8,2026-06-04,27.0,city
7fccaf8,2026-06-04,15.0,city
7fccaf8,2026-06-04,50.0,city
7fccaf8,2026-06-04,20.0,city
7fccaf8,2026-06-05,18.0,both
7fccaf8,2026-06-05,5.0,city
7fccaf8,2026-06-05,25.0,city
7fccaf8,2026-06-05,50.0,city
7fccaf8,2026-06-06,20.0,city
7fccaf8,2026-06-07,25.0,city
7fccaf8,2026-06-07,27.0,city
7fccaf8,2026-06-08,20.0,city
7fccaf8,2026-06-09,25.0,city
7fccaf8,2026-06-09,10.0,city
7fccaf8,2026-06-09,25.0,ucb
7fccaf8,2026-06-10,9.0,both
7fccaf8,2026-06-10,5.0,city
7fccaf8,2026-06-10,20.0,city
7fccaf8,2026-06-10,5.0,city
7fccaf8,2026-06-10,15.0,city
7fccaf8,2026-06-10,5.5,city
7fccaf8,2026-06-11,25.0,city
7fccaf8,2026-06-11,5.0,city
7fccaf8,2026-06-11,25.0,city
7fccaf8,2026-06-12,10.0,city
7fccaf8,2026-06-12,1.0,city
7fccaf8,2026-06-13,50.0,city
7fccaf8,2026-06-13,20.0,city
7fccaf8,2026-06-13,25.0,city
7fccaf8,2026-06-13,10.0,city
7fccaf8,2026-06-13,5.0,city
7fccaf8,2026-06-13,20.0,ucb
7fccaf8,2026-06-14,10.0,city
7fccaf8,2026-06-14,25.0,city
7fccaf8,2026-06-15,27.0,city
7fccaf8,2026-06-15,20.0,city
7fccaf8,2026-06-15,100.0,city
7fccaf8,2026-06-15,10.0,city
7fccaf8,2026-06-15,25.0,city
7fccaf8,2026-06-15,15.0,city
7fccaf8,2026-06-16,20.0,city
7fccaf8,2026-06-16,3.0,city
7fccaf8,2026-06-16,250.0,city
7fccaf8,2026-06-16,3.0,city
7fccaf8,2026-06-16,15.0,city
7fccaf8,2026-06-17,20.0,both
7fccaf8,2026-06-17,100.0,city
7fccaf8,2026-06-17,20.0,city
7fccaf8,2026-06-17,10.0,city
7fccaf8,2026-06-17,30.0,city
7fccaf8,2026-06-17,10.0,city
7fccaf8,2026-06-17,8.0,city
7fccaf8,2026-06-17,25.0,city
7fccaf8,2026-06-18,15.0,city
7fccaf8,2026-06-18,15.0,city
7fccaf8,2026-06-18,50.0,city
7fccaf8,2026-06-18,26.0,city
7fccaf8,2026-06-18,20.0,city
7fccaf8,2026-06-18,10.0,city
7fccaf8,2026-06-19,18.0,both
7fccaf8,2026-06-19,20.0,city
7fccaf8,2026-06-19,10.0,city
7fccaf8,2026-06-19,10.0,city
7fccaf8,2026-06-19,30.0,city
7fccaf8,2026-06-19,20.0,city
7fccaf8,2026-06-19,10.0,city
7fccaf8,2026-06-20,10.0,city
7fccaf8,2026-06-20,50.0,city
7fccaf8,2026-06-20,20.0,ucb
7fccaf8,2026-06-21,20.0,city
7fccaf8,2026-06-21,10.0,city
7fccaf8,2026-06-21,50.0,city
7fccaf8,2026-06-21,10.0,city
7fccaf8,2026-06-22,50.0,city
7fccaf8,2026-06-22,50.0,city
7fccaf8,2026-06-22,50.0,city
7fccaf8,2026-06-22,27.0,city
7fccaf8,2026-06-22,25.0,city
7fccaf8,2026-06-22,50.0,city
7fccaf8,2026-06-22,10.0,ucb
7fccaf8,2026-06-23,15.0,city
7fccaf8,2026-06-23,15.0,city
7fccaf8,2026-06-23,100.0,city
7fccaf8,2026-06-24,50.0,city
7fccaf8,2026-06-24,10.0,city
7fccaf8,2026-06-24,100.0,city
7fccaf8,2026-06-25,18.0,both
7fccaf8,2026-06-25,5.0,city
7fccaf8,2026-06-25,10.0,city
7fccaf8,2026-06-26,10.0,city
7fccaf8,2026-06-26,10.0,city
7fccaf8,2026-06-26,25.0,city
7fccaf8,2026-06-26,10.0,ucb
7fccaf8,2026-06-27,50.0,city
7fccaf8,2026-06-27,10.0,city
7fccaf8,2026-06-27,25.0,city
7fccaf8,2026-06-27,10.0,city
7fccaf8,2026-06-27,10.0,city
7fccaf8,2026-06-28,27.0,city
7fccaf8,2026-06-28,15.0,city
7fccaf8,2026-06-28,10.0,city
7fccaf8,2026-06-28,27.0,city
7fccaf8,2026-06-29,20.0,city
7fccaf8,2026-06-29,27.0,city
7fccaf8,2026-06-29,25.0,city
7fccaf8,2026-06-30,10.0,city
7fccaf8,2026-06-30,10.0,city
7fccaf8,2026-06-30,27.0,city
7fccaf8,2026-06-30,10.0,city
7fccaf8,2026-06-30,5.0,city
7fccaf8,2026-06-30,25.0,city
7fccaf8,2026-06-30,5.0,city
808216a,2026-03-20,500.0,city
808216a,2026-05-20,7000.0,city
808216a,2026-05-20,7000.0,city
808216a,2026-06-07,500.0,city
812256a,2025-11-25,200.0,city
812256a,2025-12-31,100.0,city
812256a,2026-04-30,500.0,city
81d6f30,2025-09-30,300.0,city
81e1cea,2025-09-11,1000.0,city
827a2f7,2025-12-13,500.0,city
827a2f7,2026-01-31,100.0,city
827a2f7,2026-02-10,250.0,city
827a2f7,2026-02-13,250.0,city
827a2f7,2026-02-26,50.0,city
827a2f7,2026-03-03,400.0,city
827a2f7,2026-03-05,250.0,city
827a2f7,2026-03-17,100.0,city
827a2f7,2026-03-21,300.0,city
827a2f7,2026-04-06,100.0,city
827a2f7,2026-04-06,100.0,city
827a2f7,2026-05-03,250.0,city
827a2f7,2026-05-16,3500.0,city
827a2f7,2026-05-16,3500.0,city
827a2f7,2026-05-16,3500.0,city
827a2f7,2026-05-18,3500.0,city
827a2f7,2026-05-21,250.0,city
827a2f7,2026-05-21,200.0,city
827a2f7,2026-05-22,3500.0,city
827a2f7,2026-05-22,3500.0,city
827a2f7,2026-05-23,3500.0,city
827a2f7,2026-05-26,250.0,city
827a2f7,2026-05-28,3500.0,city
827a2f7,2026-05-31,3500.0,city
827a2f7,2026-06-02,3500.0,city
827a2f7,2026-06-03,100.0,city
827a2f7,2026-06-04,3500.0,city
827a2f7,2026-06-05,3500.0,city
827a2f7,2026-06-05,3500.0,city
827a2f7,2026-06-16,100.0,city
83e9b72,2025-11-07,1000.0,ucb
851301e,2025-08-13,100.0,city
851301e,2025-08-17,10.0,city
851301e,2025-08-18,100.0,city
851301e,2025-08-24,10.0,city
851301e,2025-08-28,25.0,city
851301e,2025-09-17,10.0,city
851301e,2025-09-24,50.0,city
851301e,2025-09-24,10.0,city
851301e,2025-09-28,25.0,city
851301e,2025-10-17,10.0,city
851301e,2025-10-22,100.0,city
851301e,2025-10-24,10.0,city
851301e,2025-10-28,25.0,city
851301e,2025-11-28,25.0,city
851301e,2025-12-17,10.0,city
851301e,2025-12-28,25.0,city
851301e,2026-01-17,10.0,city
851301e,2026-01-28,25.0,city
851301e,2026-02-17,10.0,city
851301e,2026-02-28,25.0,city
851301e,2026-03-17,10.0,city
851301e,2026-03-23,100.0,city
851301e,2026-03-28,25.0,city
851301e,2026-04-17,10.0,city
851301e,2026-04-28,25.0,city
851301e,2026-05-14,100.0,city
851301e,2026-05-17,10.0,city
851301e,2026-05-28,25.0,city
851301e,2026-06-15,250.0,city
851301e,2026-06-17,10.0,city
851301e,2026-06-28,25.0,city
8537eeb,2025-09-23,500.0,ucb
8537eeb,2026-02-25,100.0,city
85541a2,2026-03-25,3500.0,city
85541a2,2026-03-25,3500.0,city
85774c2,2026-03-20,500.0,city
85aa9dd,2026-04-16,30.0,city
85aa9dd,2026-05-27,30.0,city
85aa9dd,2026-05-27,25.0,city
85aa9dd,2026-06-06,75.0,city
85cf3b1,2026-03-17,25.0,city
85cf3b1,2026-03-19,10.0,city
85cf3b1,2026-03-19,50.0,city
85cf3b1,2026-03-28,25.0,city
85cf3b1,2026-03-29,10.0,city
85cf3b1,2026-03-31,5.0,city
85cf3b1,2026-04-25,10.0,city
85cf3b1,2026-05-25,10.0,city
85cf3b1,2026-05-26,20.0,city
85cf3b1,2026-05-30,3.0,city
85cf3b1,2026-06-19,5.0,city
85cf3b1,2026-06-25,10.0,city
85cf3b1,2026-06-30,3.0,city
85cf3b1,2026-07-25,10.0,city
860210b,2025-10-07,20.0,city
860210b,2025-11-30,22.0,city
860210b,2026-01-11,20.0,city
860210b,2026-02-11,100.0,city
860210b,2026-03-03,200.0,city
88a0871,2025-08-20,4.0,city
88a0871,2025-08-20,5.0,ucb
88a0871,2025-08-21,10.0,city
88a0871,2025-08-26,4.0,city
88a0871,2025-08-31,25.0,city
88a0871,2025-09-05,25.0,city
88a0871,2025-09-05,12.5,city
88a0871,2025-09-06,20.0,city
88a0871,2025-09-18,5.0,ucb
88a0871,2025-09-20,4.0,city
88a0871,2025-09-21,10.0,city
88a0871,2025-09-26,4.0,city
88a0871,2025-09-30,25.0,city
88a0871,2025-10-05,25.0,city
88a0871,2025-10-05,12.5,city
88a0871,2025-10-06,20.0,city
88a0871,2025-10-15,25.0,city
88a0871,2025-10-18,5.0,ucb
88a0871,2025-10-20,4.0,city
88a0871,2025-10-21,10.0,city
88a0871,2025-10-26,4.0,city
88a0871,2025-10-29,50.0,city
88a0871,2025-10-31,25.0,city
88a0871,2025-11-05,12.5,city
88a0871,2025-11-05,25.0,city
88a0871,2025-11-06,20.0,city
88a0871,2025-11-18,5.0,ucb
88a0871,2025-11-20,4.0,city
88a0871,2025-11-21,10.0,city
88a0871,2025-11-26,4.0,city
88a0871,2025-11-30,25.0,city
88a0871,2025-12-05,25.0,city
88a0871,2025-12-05,12.5,city
88a0871,2025-12-06,20.0,city
88a0871,2025-12-15,50.0,city
88a0871,2025-12-18,5.0,ucb
88a0871,2025-12-20,4.0,city
88a0871,2025-12-21,10.0,city
88a0871,2025-12-26,4.0,city
88a0871,2025-12-31,25.0,city
88a0871,2026-01-05,12.5,city
88a0871,2026-01-05,25.0,city
88a0871,2026-01-06,20.0,city
88a0871,2026-01-20,4.0,city
88a0871,2026-01-21,10.0,city
88a0871,2026-01-25,5.0,city
88a0871,2026-01-26,4.0,city
88a0871,2026-01-31,25.0,city
88a0871,2026-02-05,25.0,city
88a0871,2026-02-05,12.5,city
88a0871,2026-02-06,20.0,city
88a0871,2026-02-20,4.0,city
88a0871,2026-02-21,10.0,city
88a0871,2026-02-25,5.0,city
88a0871,2026-02-26,4.0,city
88a0871,2026-02-28,25.0,city
88a0871,2026-03-05,25.0,city
88a0871,2026-03-05,12.5,city
88a0871,2026-03-06,20.0,city
88a0871,2026-03-20,4.0,city
88a0871,2026-03-21,10.0,city
88a0871,2026-03-25,5.0,city
88a0871,2026-03-26,4.0,city
88a0871,2026-03-28,25.0,ucb
88a0871,2026-03-28,5.0,ucb
88a0871,2026-03-31,25.0,city
88a0871,2026-04-01,25.0,city
88a0871,2026-04-05,12.5,city
88a0871,2026-04-05,25.0,city
88a0871,2026-04-06,20.0,city
88a0871,2026-04-20,4.0,city
88a0871,2026-04-21,10.0,city
88a0871,2026-04-25,5.0,city
88a0871,2026-04-30,25.0,city
88a0871,2026-05-05,25.0,city
88a0871,2026-05-05,12.5,city
88a0871,2026-05-06,20.0,city
88a0871,2026-05-21,10.0,city
88a0871,2026-05-25,5.0,city
88a0871,2026-05-31,25.0,city
88a0871,2026-06-05,12.5,city
88a0871,2026-06-05,25.0,city
88a0871,2026-06-06,20.0,city
88a0871,2026-06-21,10.0,city
88a0871,2026-06-30,25.0,city
88aa52d,2025-10-31,500.0,city
88aa52d,2025-12-05,100.0,city
88aa52d,2026-01-05,100.0,city
88b75ce,2025-08-12,5.0,city
88b75ce,2025-08-14,1.0,city
88b75ce,2025-09-02,12.0,city
88b75ce,2025-10-09,8.5,city
88b75ce,2025-10-14,10.0,city
88b75ce,2025-11-19,10.0,city
88b75ce,2025-12-15,25.0,city
88cb465,2025-11-10,1000.0,city
88cb465,2026-01-19,700.0,city
8927f02,2025-08-13,50.0,city
8927f02,2025-08-21,10.0,city
8927f02,2025-08-28,25.0,city
8927f02,2025-09-02,250.0,city
8927f02,2025-09-02,250.0,ucb
8927f02,2025-09-04,250.0,city
8927f02,2025-09-04,100.0,city
8927f02,2025-09-04,100.0,city
8927f02,2025-09-06,250.0,city
8927f02,2025-09-08,100.0,city
8927f02,2025-09-09,50.0,city
8927f02,2025-09-09,250.0,city
8927f02,2025-09-12,250.0,city
8927f02,2025-09-13,200.0,city
8927f02,2025-09-17,250.0,city
8927f02,2025-09-18,100.0,city
8927f02,2025-09-18,500.0,city
8927f02,2025-09-19,250.0,city
8927f02,2025-09-19,250.0,city
8927f02,2025-09-20,250.0,city
8927f02,2025-09-20,500.0,city
8927f02,2025-09-20,100.0,city
8927f02,2025-09-22,500.0,city
8927f02,2025-09-23,250.0,city
8927f02,2025-09-23,100.0,city
8927f02,2025-09-24,500.0,city
8927f02,2025-09-27,750.0,city
8927f02,2025-09-28,25.0,city
8927f02,2025-09-29,50.0,city
8927f02,2025-09-29,100.0,city
8927f02,2025-09-29,50.0,city
8927f02,2025-09-30,300.0,city
8927f02,2025-09-30,500.0,city
8927f02,2025-09-30,200.0,city
8927f02,2025-09-30,200.0,city
8927f02,2025-09-30,500.0,city
8927f02,2025-09-30,300.0,city
8927f02,2025-09-30,250.0,city
8927f02,2025-10-04,250.0,city
8927f02,2025-10-08,250.0,city
8927f02,2025-10-10,50.0,city
8927f02,2025-10-13,35.0,city
8927f02,2025-10-14,35.0,city
8927f02,2025-10-15,50.0,city
8927f02,2025-10-17,250.0,city
8927f02,2025-10-21,500.0,city
8927f02,2025-10-30,1000.0,city
8927f02,2025-11-01,50.0,city
8927f02,2025-11-03,15.0,city
8927f02,2025-11-05,25.0,city
8927f02,2025-11-05,250.0,city
8927f02,2025-11-05,100.0,city
8927f02,2025-11-06,33.0,city
8927f02,2025-11-06,33.0,city
8927f02,2025-11-13,35.0,city
8927f02,2025-11-14,35.0,city
8927f02,2025-11-17,1000.0,city
8927f02,2025-11-18,250.0,city
8927f02,2025-11-20,100.0,city
8927f02,2025-11-22,1000.0,both
8927f02,2025-11-23,50.0,city
8927f02,2025-11-29,10.0,city
8927f02,2025-12-02,50.0,city
8927f02,2025-12-06,50.0,city
8927f02,2025-12-09,50.0,city
8927f02,2025-12-09,125.0,city
8927f02,2025-12-10,250.0,city
8927f02,2025-12-10,25.0,city
8927f02,2025-12-11,35.0,city
8927f02,2025-12-13,35.0,city
8927f02,2025-12-14,35.0,city
8927f02,2025-12-14,250.0,city
8927f02,2025-12-15,250.0,city
8927f02,2025-12-15,250.0,city
8927f02,2025-12-15,1000.0,city
8927f02,2025-12-15,1000.0,city
8927f02,2025-12-15,1000.0,city
8927f02,2025-12-15,500.0,city
8927f02,2025-12-15,500.0,city
8927f02,2025-12-16,1000.0,both
8927f02,2025-12-16,250.0,city
8927f02,2025-12-16,250.0,city
8927f02,2025-12-16,250.0,city
8927f02,2025-12-16,1000.0,ucb
8927f02,2025-12-18,250.0,city
8927f02,2025-12-18,500.0,city
8927f02,2025-12-21,1000.0,city
8927f02,2025-12-23,1.47,city
8927f02,2025-12-27,1000.0,city
8927f02,2025-12-27,27.0,city
8927f02,2025-12-31,100.0,city
8927f02,2026-01-07,1.47,city
8927f02,2026-01-13,35.0,city
8927f02,2026-01-13,25.0,city
8927f02,2026-01-15,100.0,city
8927f02,2026-01-15,27.0,city
8927f02,2026-01-20,25.0,city
8927f02,2026-01-23,250.0,city
8927f02,2026-01-27,500.0,city
8927f02,2026-01-27,250.0,city
8927f02,2026-01-27,25.0,city
8927f02,2026-01-29,500.0,city
8927f02,2026-01-29,100.0,city
8927f02,2026-02-01,1.47,city
8927f02,2026-02-03,250.0,city
8927f02,2026-02-03,200.0,city
8927f02,2026-02-06,1.0,city
8927f02,2026-02-09,50.0,city
8927f02,2026-02-09,833.33,ucb
8927f02,2026-02-13,35.0,city
8927f02,2026-02-13,1.0,city
8927f02,2026-02-14,100.0,city
8927f02,2026-02-14,35.0,city
8927f02,2026-02-14,1.0,city
8927f02,2026-02-16,250.0,city
8927f02,2026-02-16,25.0,city
8927f02,2026-02-17,125.0,city
8927f02,2026-02-17,200.0,city
8927f02,2026-02-18,250.0,city
8927f02,2026-02-18,500.0,city
8927f02,2026-02-18,125.0,city
8927f02,2026-02-18,125.0,city
8927f02,2026-02-18,1.0,city
8927f02,2026-02-19,250.0,city
8927f02,2026-02-19,100.0,city
8927f02,2026-02-19,500.0,city
8927f02,2026-02-20,500.0,city
8927f02,2026-02-20,250.0,city
8927f02,2026-02-20,500.0,city
8927f02,2026-02-20,250.0,city
8927f02,2026-02-21,250.0,city
8927f02,2026-02-22,1.47,city
8927f02,2026-02-23,250.0,city
8927f02,2026-02-25,125.0,city
8927f02,2026-02-25,125.0,city
8927f02,2026-02-26,125.0,city
8927f02,2026-02-27,125.0,city
8927f02,2026-02-28,150.0,city
8927f02,2026-03-01,500.0,city
8927f02,2026-03-02,1.0,city
8927f02,2026-03-03,500.0,city
8927f02,2026-03-03,500.0,city
8927f02,2026-03-03,250.0,city
8927f02,2026-03-04,100.0,city
8927f02,2026-03-04,100.0,city
8927f02,2026-03-04,125.0,city
8927f02,2026-03-05,500.0,city
8927f02,2026-03-05,250.0,city
8927f02,2026-03-05,500.0,city
8927f02,2026-03-05,200.0,city
8927f02,2026-03-07,250.0,city
8927f02,2026-03-07,25.0,city
8927f02,2026-03-08,100.0,city
8927f02,2026-03-08,250.0,city
8927f02,2026-03-08,1600.0,city
8927f02,2026-03-08,100.0,city
8927f02,2026-03-08,100.0,city
8927f02,2026-03-08,1000.0,city
8927f02,2026-03-08,200.0,city
8927f02,2026-03-08,1000.0,city
8927f02,2026-03-08,1000.0,city
8927f02,2026-03-08,500.0,city
8927f02,2026-03-08,250.0,city
8927f02,2026-03-08,250.0,city
8927f02,2026-03-08,100.0,city
8927f02,2026-03-08,250.0,city
8927f02,2026-03-08,100.0,city
8927f02,2026-03-09,400.0,city
8927f02,2026-03-09,600.0,city
8927f02,2026-03-09,6.25,city
8927f02,2026-03-10,100.0,city
8927f02,2026-03-10,1.47,city
8927f02,2026-03-13,35.0,city
8927f02,2026-03-13,226.22,city
8927f02,2026-03-14,35.0,city
8927f02,2026-03-17,50.0,city
8927f02,2026-03-18,250.0,city
8927f02,2026-03-18,100.0,city
8927f02,2026-03-19,100.0,city
8927f02,2026-03-19,100.0,city
8927f02,2026-03-19,250.0,city
8927f02,2026-03-21,100.0,city
8927f02,2026-03-23,100.0,city
8927f02,2026-03-24,25.0,city
8927f02,2026-03-27,22.0,city
8927f02,2026-03-28,50.0,city
8927f02,2026-03-28,1000.0,city
8927f02,2026-03-29,1000.0,city
8927f02,2026-03-31,500.0,city
8927f02,2026-04-01,250.0,city
8927f02,2026-04-07,25.0,city
8927f02,2026-04-07,125.0,city
8927f02,2026-04-07,1.47,city
8927f02,2026-04-08,35.0,city
8927f02,2026-04-10,100.0,city
8927f02,2026-04-13,35.0,city
8927f02,2026-04-13,1.47,city
8927f02,2026-04-14,35.0,city
8927f02,2026-04-14,50.0,city
8927f02,2026-04-16,50.0,city
8927f02,2026-04-18,1.47,city
8927f02,2026-04-19,50.0,city
8927f02,2026-04-24,500.0,city
8927f02,2026-04-24,175.0,city
8927f02,2026-04-24,100.0,city
8927f02,2026-04-29,250.0,city
8927f02,2026-05-01,500.0,city
8927f02,2026-05-05,100.0,city
8927f02,2026-05-05,100.0,city
8927f02,2026-05-05,500.0,city
8927f02,2026-05-05,250.0,city
8927f02,2026-05-05,25.0,city
8927f02,2026-05-05,50.0,city
8927f02,2026-05-06,12.5,city
8927f02,2026-05-07,27.0,city
8927f02,2026-05-07,125.0,city
8927f02,2026-05-08,50.0,city
8927f02,2026-05-08,100.0,city
8927f02,2026-05-10,500.0,city
8927f02,2026-05-10,100.0,city
8927f02,2026-05-11,500.0,city
8927f02,2026-05-12,50.0,city
8927f02,2026-05-12,750.0,city
8927f02,2026-05-12,1000.0,city
8927f02,2026-05-12,50.0,city
8927f02,2026-05-12,25.0,city
8927f02,2026-05-13,100.0,city
8927f02,2026-05-13,35.0,city
8927f02,2026-05-13,600.0,city
8927f02,2026-05-13,100.0,city
8927f02,2026-05-14,25.0,city
8927f02,2026-05-16,2.94,city
8927f02,2026-05-16,50.0,city
8927f02,2026-05-16,13.5,city
8927f02,2026-05-16,35.0,city
8927f02,2026-05-17,1.47,city
8927f02,2026-05-17,1000.0,city
8927f02,2026-05-18,1.86,city
8927f02,2026-05-19,100.0,city
8927f02,2026-05-19,250.0,city
8927f02,2026-05-19,100.0,city
8927f02,2026-05-19,250.0,city
8927f02,2026-05-19,90.0,ucb
8927f02,2026-05-20,250.0,city
8927f02,2026-05-20,2.78,city
8927f02,2026-05-22,35.0,city
8927f02,2026-05-23,100.0,city
8927f02,2026-05-23,35.0,city
8927f02,2026-05-23,3000.0,city
8927f02,2026-05-24,200.0,city
8927f02,2026-05-24,35.0,city
8927f02,2026-05-24,250.0,city
8927f02,2026-05-24,100.0,city
8927f02,2026-05-25,1000.0,city
8927f02,2026-05-25,1.73,city
8927f02,2026-05-25,10.0,city
8927f02,2026-05-25,50.0,city
8927f02,2026-05-26,300.0,city
8927f02,2026-05-27,1.45,city
8927f02,2026-05-27,1000.0,city
8927f02,2026-05-27,250.0,city
8927f02,2026-05-28,25.0,city
8927f02,2026-05-29,100.0,city
8927f02,2026-05-30,25.0,city
8927f02,2026-05-30,250.0,city
8927f02,2026-06-04,2.78,city
8927f02,2026-06-06,5.0,city
8927f02,2026-06-07,30.0,city
8927f02,2026-06-07,27.0,city
8927f02,2026-06-09,50.0,city
8927f02,2026-06-09,500.0,city
8927f02,2026-06-11,500.0,city
8927f02,2026-06-11,35.0,city
8927f02,2026-06-12,250.0,ucb
8927f02,2026-06-13,35.0,city
8927f02,2026-06-13,500.0,city
8927f02,2026-06-15,250.0,city
8927f02,2026-06-16,50.0,city
8927f02,2026-06-17,10.0,city
8927f02,2026-06-17,1.0,city
8927f02,2026-06-18,100.0,city
8927f02,2026-06-19,100.0,city
8927f02,2026-06-20,25.0,ucb
8927f02,2026-06-21,100.0,city
8927f02,2026-06-23,100.0,city
8927f02,2026-06-24,125.0,city
8927f02,2026-06-24,250.0,city
8927f02,2026-06-24,1.45,city
8927f02,2026-06-25,250.0,city
8927f02,2026-06-25,100.0,city
8927f02,2026-06-25,500.0,city
8927f02,2026-06-26,10.0,city
8927f02,2026-06-29,9.61,city
8927f02,2026-06-29,250.0,city
8927f02,2026-06-29,83.34,city
8927f02,2026-06-29,100.0,city
8927f02,2026-06-30,150.0,city
8927f02,2026-06-30,100.0,city
8927f02,2026-06-30,50.0,city
8927f02,2026-06-30,35.0,city
8931dc8,2026-03-09,3500.0,city
8931dc8,2026-03-09,3500.0,city
8931dc8,2026-03-12,500.0,city
8931dc8,2026-03-17,1500.0,city
8931dc8,2026-03-17,400.0,city
8931dc8,2026-03-17,500.0,city
8931dc8,2026-03-17,1000.0,city
8931dc8,2026-03-17,500.0,city
8931dc8,2026-03-17,700.0,city
8931dc8,2026-03-17,250.0,city
8931dc8,2026-03-17,750.0,city
8931dc8,2026-03-17,1000.0,city
8931dc8,2026-03-17,3500.0,city
8931dc8,2026-03-17,500.0,city
8931dc8,2026-03-17,250.0,city
8931dc8,2026-03-17,500.0,city
8931dc8,2026-03-24,500.0,city
8931dc8,2026-03-24,250.0,city
8931dc8,2026-03-31,1000.0,city
89c504e,2026-04-21,50.0,city
89c504e,2026-05-21,50.0,city
89c504e,2026-06-21,50.0,city
8a8f44d,2026-02-18,1000.0,city
8a8f44d,2026-02-18,1000.0,city
8c17057,2025-09-08,100.0,city
8c17057,2025-12-20,50.0,city
8c17057,2026-01-13,250.0,city
8c17057,2026-01-22,1000.0,both
8c17057,2026-01-22,1000.0,city
8c17057,2026-02-13,100.0,city
8c17057,2026-03-27,500.0,city
8c17057,2026-04-01,500.0,city
8c17057,2026-04-25,100.0,city
8c17057,2026-05-08,100.0,city
8cd7090,2025-08-30,50.0,city
8cd7090,2025-09-18,50.0,city
8e2c3a3,2025-12-01,1000.0,both
8e2c3a3,2025-12-30,1339.0,both
8e2c3a3,2025-12-30,750.0,both
8e2c3a3,2026-06-09,250.0,city
8e35fae,2026-01-26,3500.0,city
8e35fae,2026-01-26,3500.0,city
8e35fae,2026-02-02,3500.0,city
8e35fae,2026-02-02,3500.0,city
8e35fae,2026-02-09,3500.0,city
8e35fae,2026-02-09,3500.0,city
8e58bb3,2025-09-30,250.0,ucb
8e68fc3,2025-08-20,25.0,city
8e68fc3,2025-08-23,250.0,city
8e68fc3,2025-08-26,50.0,city
8e68fc3,2025-08-27,25.0,city
8e68fc3,2025-09-09,100.0,city
8e68fc3,2025-09-10,17.5,city
8e68fc3,2025-09-20,25.0,city
8e68fc3,2025-09-26,200.0,city
8e68fc3,2025-09-26,50.0,city
8e68fc3,2025-10-16,50.0,city
8e68fc3,2025-10-20,25.0,city
8e68fc3,2025-10-26,25.0,city
8e68fc3,2025-10-29,25.0,city
8e68fc3,2025-10-31,25.0,city
8e68fc3,2025-10-31,25.0,city
8e68fc3,2025-11-16,1000.0,city
8e68fc3,2025-11-16,1500.0,city
8e68fc3,2025-11-16,40.0,city
8e68fc3,2025-11-20,25.0,city
8e68fc3,2025-11-21,100.0,city
8e68fc3,2025-11-25,25.0,city
8e68fc3,2025-11-26,17.5,city
8e68fc3,2025-11-26,12.5,city
8e68fc3,2025-11-26,25.0,city
8e68fc3,2025-11-29,250.0,city
8e68fc3,2025-11-29,250.0,city
8e68fc3,2025-12-01,100.0,city
8e68fc3,2025-12-16,40.0,city
8e68fc3,2025-12-20,25.0,city
8e68fc3,2025-12-26,25.0,city
8e68fc3,2025-12-30,10.0,city
8e68fc3,2025-12-31,25.0,city
8e68fc3,2026-01-16,40.0,city
8e68fc3,2026-01-20,200.0,city
8e68fc3,2026-01-20,25.0,city
8e68fc3,2026-01-20,50.0,city
8e68fc3,2026-01-26,25.0,city
8e68fc3,2026-02-10,50.0,city
8e68fc3,2026-02-10,200.0,city
8e68fc3,2026-02-10,50.0,city
8e68fc3,2026-02-12,100.0,city
8e68fc3,2026-02-16,40.0,city
8e68fc3,2026-02-20,25.0,city
8e68fc3,2026-02-22,12.5,city
8e68fc3,2026-02-22,12.5,city
8e68fc3,2026-02-26,25.0,city
8e68fc3,2026-03-10,250.0,city
8e68fc3,2026-03-16,40.0,city
8e68fc3,2026-03-20,25.0,city
8e68fc3,2026-03-24,500.0,city
8e68fc3,2026-03-26,25.0,city
8e6a52a,2025-08-28,40.0,city
8e6a52a,2025-09-22,100.0,city
8e6a52a,2025-09-28,40.0,city
8e6a52a,2025-10-01,20.0,both
8e6a52a,2025-10-01,25.0,city
8e6a52a,2025-10-08,250.0,city
8e6a52a,2025-10-28,40.0,city
8e6a52a,2025-10-30,100.0,city
8e6a52a,2025-11-01,20.0,both
8e6a52a,2025-11-01,25.0,city
8e6a52a,2025-11-28,40.0,city
8e6a52a,2025-11-30,50.0,city
8e6a52a,2025-12-01,20.0,both
8e6a52a,2025-12-01,25.0,city
8e6a52a,2025-12-28,40.0,city
8e6a52a,2026-01-01,20.0,both
8e6a52a,2026-01-01,25.0,city
8e6a52a,2026-01-28,40.0,city
8e6a52a,2026-02-01,20.0,both
8e6a52a,2026-02-01,25.0,city
8e6a52a,2026-02-28,40.0,city
8e6a52a,2026-03-01,20.0,both
8e6a52a,2026-03-01,25.0,city
8e6a52a,2026-03-28,40.0,city
8e6a52a,2026-04-01,20.0,both
8e6a52a,2026-04-01,25.0,city
8e6a52a,2026-04-02,50.0,city
8e6a52a,2026-04-18,50.0,city
8e6a52a,2026-04-25,250.0,city
8e6a52a,2026-04-28,40.0,city
8e6a52a,2026-05-01,20.0,both
8e6a52a,2026-05-01,25.0,city
8e6a52a,2026-05-02,50.0,city
8e6a52a,2026-05-11,50.0,city
8e6a52a,2026-05-12,1500.0,city
8e6a52a,2026-05-28,40.0,city
8e6a52a,2026-06-01,20.0,both
8e6a52a,2026-06-01,25.0,city
8e6a52a,2026-06-02,50.0,city
8e6a52a,2026-06-09,50.0,city
8e6a52a,2026-06-18,25.0,city
8e6a52a,2026-06-21,50.0,city
8e6a52a,2026-06-24,50.0,city
8e6a52a,2026-06-28,40.0,city
90290ac,2025-08-13,50.0,city
90290ac,2025-08-26,100.0,city
90290ac,2025-08-29,50.0,city
90290ac,2025-09-02,100.0,city
90290ac,2025-09-02,25.0,city
90290ac,2025-09-07,75.0,city
90290ac,2025-09-13,50.0,city
90290ac,2025-09-14,250.0,city
90290ac,2025-09-15,50.0,city
90290ac,2025-09-15,10.0,city
90290ac,2025-09-15,400.0,city
90290ac,2025-09-15,50.0,city
90290ac,2025-09-19,100.0,city
90290ac,2025-09-21,50.0,city
90290ac,2025-09-29,50.0,city
90290ac,2025-10-01,25.0,city
90290ac,2025-10-02,100.0,city
90290ac,2025-10-02,25.0,city
90290ac,2025-10-03,25.0,city
90290ac,2025-10-05,25.0,city
90290ac,2025-10-07,75.0,city
90290ac,2025-10-13,50.0,city
90290ac,2025-10-21,50.0,city
90290ac,2025-11-01,25.0,city
90290ac,2025-11-02,100.0,city
90290ac,2025-11-02,25.0,city
90290ac,2025-11-03,25.0,city
90290ac,2025-11-05,25.0,city
90290ac,2025-11-07,75.0,city
90290ac,2025-11-12,200.0,city
90290ac,2025-11-13,50.0,city
90290ac,2025-11-21,25.0,city
90290ac,2025-11-24,50.0,city
90290ac,2025-11-25,25.0,city
90290ac,2025-11-25,12.5,city
90290ac,2025-11-27,12.5,city
90290ac,2025-11-30,25.0,city
90290ac,2025-12-01,25.0,city
90290ac,2025-12-02,25.0,city
90290ac,2025-12-03,25.0,city
90290ac,2025-12-04,12.5,city
90290ac,2025-12-05,25.0,city
90290ac,2025-12-06,3500.0,city
90290ac,2025-12-06,1500.0,city
90290ac,2025-12-07,75.0,city
90290ac,2025-12-09,75.0,city
90290ac,2025-12-13,12.5,city
90290ac,2025-12-13,50.0,city
90290ac,2025-12-16,5.0,city
90290ac,2025-12-17,25.0,city
90290ac,2025-12-19,25.0,city
90290ac,2025-12-31,50.0,city
90290ac,2025-12-31,50.0,city
90290ac,2026-01-01,25.0,city
90290ac,2026-01-02,25.0,city
90290ac,2026-01-03,25.0,city
90290ac,2026-01-03,10.0,city
90290ac,2026-01-05,25.0,city
90290ac,2026-01-07,75.0,city
90290ac,2026-01-13,50.0,city
90290ac,2026-01-30,18.0,city
90290ac,2026-02-01,25.0,city
90290ac,2026-02-02,25.0,city
90290ac,2026-02-03,25.0,city
90290ac,2026-02-03,10.0,city
90290ac,2026-02-07,75.0,city
90290ac,2026-02-10,250.0,city
90290ac,2026-02-10,50.0,city
90290ac,2026-02-13,50.0,city
90290ac,2026-02-18,100.0,city
90290ac,2026-02-28,18.0,city
90290ac,2026-03-01,25.0,city
90290ac,2026-03-02,25.0,city
90290ac,2026-03-03,25.0,city
90290ac,2026-03-03,10.0,city
90290ac,2026-03-07,75.0,city
90290ac,2026-03-13,50.0,city
90290ac,2026-03-24,50.0,city
90290ac,2026-03-29,100.0,city
90290ac,2026-03-30,18.0,city
90290ac,2026-03-31,50.0,city
90290ac,2026-04-01,25.0,city
90290ac,2026-04-02,25.0,city
90290ac,2026-04-03,25.0,city
90290ac,2026-04-03,10.0,city
90290ac,2026-04-07,75.0,city
90290ac,2026-04-08,100.0,city
90290ac,2026-04-13,50.0,city
90290ac,2026-04-23,25.0,city
90290ac,2026-04-30,18.0,city
90290ac,2026-05-01,25.0,city
90290ac,2026-05-02,25.0,city
90290ac,2026-05-03,25.0,city
90290ac,2026-05-03,10.0,city
90290ac,2026-05-07,75.0,city
90290ac,2026-05-13,50.0,city
90290ac,2026-06-01,25.0,city
90290ac,2026-06-02,25.0,city
90290ac,2026-06-03,25.0,city
90290ac,2026-06-07,75.0,city
90290ac,2026-06-13,50.0,city
90290ac,2026-06-15,50.0,city
90290ac,2026-06-18,50.0,city
90290ac,2026-06-26,200.0,city
90290ac,2026-06-29,100.0,city
90290ac,2026-06-30,100.0,city
9073f7c,2026-01-28,500.0,city
9073f7c,2026-01-28,250.0,city
9073f7c,2026-01-29,250.0,city
9073f7c,2026-01-31,250.0,city
9073f7c,2026-02-06,300.0,city
9073f7c,2026-02-06,500.0,city
9073f7c,2026-02-18,250.0,city
9073f7c,2026-02-23,250.0,city
9073f7c,2026-02-28,225.0,city
9073f7c,2026-03-01,250.0,city
9073f7c,2026-03-02,250.0,city
9073f7c,2026-03-12,100.0,city
9073f7c,2026-03-12,100.0,city
9073f7c,2026-03-13,500.0,city
9073f7c,2026-03-13,100.0,city
9073f7c,2026-03-22,500.0,city
9073f7c,2026-03-28,50.0,city
9073f7c,2026-04-04,250.0,city
9073f7c,2026-04-10,50.0,city
9073f7c,2026-04-12,100.0,city
9073f7c,2026-04-21,100.0,city
9073f7c,2026-04-28,25.0,city
9073f7c,2026-04-30,250.0,city
9073f7c,2026-05-04,200.0,city
9073f7c,2026-05-04,100.0,city
9073f7c,2026-05-06,200.0,city
9073f7c,2026-05-08,500.0,city
9073f7c,2026-05-12,100.0,city
9073f7c,2026-05-16,50.0,city
9073f7c,2026-05-17,250.0,city
9073f7c,2026-05-18,100.0,city
9073f7c,2026-05-23,250.0,city
9073f7c,2026-05-24,50.0,city
9073f7c,2026-05-27,1000.0,city
9073f7c,2026-05-27,1000.0,city
9073f7c,2026-05-28,100.0,city
9073f7c,2026-05-29,25.0,city
9073f7c,2026-06-06,50.0,city
9073f7c,2026-06-07,500.0,city
9073f7c,2026-06-08,500.0,city
9073f7c,2026-06-11,250.0,city
9073f7c,2026-06-15,200.0,city
9073f7c,2026-06-19,25.0,city
9073f7c,2026-06-23,200.0,city
9073f7c,2026-06-23,200.0,city
9073f7c,2026-06-23,100.0,ucb
9073f7c,2026-06-24,100.0,city
9073f7c,2026-06-29,100.0,city
9073f7c,2026-06-29,25.0,city
9073f7c,2026-06-30,100.0,city
9089c03,2025-09-18,1500.0,city
9089c03,2025-09-18,3000.0,city
9089c03,2025-10-24,250.0,city
9089c03,2026-03-06,1000.0,city
9089c03,2026-03-30,250.0,city
90b7300,2025-08-11,100.0,city
90b7300,2025-08-12,500.0,city
90b7300,2025-08-12,500.0,city
90b7300,2025-08-12,3500.0,city
90b7300,2025-08-14,35.0,city
90b7300,2025-08-14,10.0,city
90b7300,2025-08-15,200.0,city
90b7300,2025-08-15,20.0,city
90b7300,2025-08-18,1000.0,city
90b7300,2025-08-23,20.0,city
90b7300,2025-08-23,100.0,city
90b7300,2025-08-24,350.0,city
90b7300,2025-08-25,500.0,city
90b7300,2025-08-25,100.0,city
90b7300,2025-08-26,250.0,city
90b7300,2025-08-29,100.0,city
90b7300,2025-09-04,2500.0,city
90b7300,2025-09-04,50.0,city
90b7300,2025-09-04,300.0,city
90b7300,2025-09-13,1000.0,city
90b7300,2025-09-14,35.0,city
90b7300,2025-09-14,10.0,city
90b7300,2025-09-15,20.0,city
90b7300,2025-09-17,15.0,city
90b7300,2025-09-23,20.0,city
90b7300,2025-09-29,30.0,city
90b7300,2025-09-30,1000.0,city
90b7300,2025-09-30,250.0,city
90b7300,2025-10-04,50.0,city
90b7300,2025-10-14,35.0,city
90b7300,2025-10-14,10.0,city
90b7300,2025-10-15,20.0,city
90b7300,2025-10-23,20.0,city
90b7300,2025-10-27,25.0,city
90b7300,2025-10-31,25.0,city
90b7300,2025-11-04,50.0,city
90b7300,2025-11-14,35.0,city
90b7300,2025-11-14,10.0,city
90b7300,2025-11-15,20.0,city
90b7300,2025-11-18,500.0,city
90b7300,2025-11-18,150.0,city
90b7300,2025-11-18,150.0,city
90b7300,2025-11-19,100.0,city
90b7300,2025-11-19,100.0,city
90b7300,2025-11-23,20.0,city
90b7300,2025-11-26,100.0,city
90b7300,2025-11-27,25.0,city
90b7300,2025-11-30,100.0,city
90b7300,2025-11-30,25.0,city
90b7300,2025-12-04,100.0,city
90b7300,2025-12-04,50.0,city
90b7300,2025-12-14,35.0,city
90b7300,2025-12-14,10.0,city
90b7300,2025-12-15,20.0,city
90b7300,2025-12-23,20.0,city
90b7300,2025-12-23,250.0,city
90b7300,2025-12-27,25.0,city
90b7300,2025-12-31,500.0,city
90b7300,2025-12-31,1000.0,city
90b7300,2025-12-31,500.0,city
90b7300,2025-12-31,25.0,city
90b7300,2026-01-04,50.0,city
90b7300,2026-01-12,100.0,city
90b7300,2026-01-12,100.0,city
90b7300,2026-01-13,100.0,city
90b7300,2026-01-14,250.0,city
90b7300,2026-01-14,10.0,city
90b7300,2026-01-15,3500.0,city
90b7300,2026-01-15,3500.0,city
90b7300,2026-01-15,20.0,city
90b7300,2026-01-20,1000.0,city
90b7300,2026-01-22,100.0,city
90b7300,2026-01-23,100.0,city
90b7300,2026-01-23,20.0,city
90b7300,2026-01-23,250.0,city
90b7300,2026-01-27,25.0,city
90b7300,2026-01-30,500.0,city
90b7300,2026-01-31,25.0,city
90b7300,2026-02-02,250.0,city
90b7300,2026-02-03,150.0,city
90b7300,2026-02-04,50.0,city
90b7300,2026-02-05,250.0,city
90b7300,2026-02-05,100.0,city
90b7300,2026-02-05,250.0,city
90b7300,2026-02-06,200.0,city
90b7300,2026-02-10,200.0,city
90b7300,2026-02-14,35.0,city
90b7300,2026-02-14,10.0,city
90b7300,2026-02-15,20.0,city
90b7300,2026-02-16,250.0,city
90b7300,2026-02-17,100.0,city
90b7300,2026-02-18,100.0,city
90b7300,2026-02-18,150.0,city
90b7300,2026-02-18,200.0,city
90b7300,2026-02-19,250.0,city
90b7300,2026-02-23,20.0,city
90b7300,2026-02-27,250.0,city
90b7300,2026-02-27,2300.0,city
90b7300,2026-02-27,200.0,city
90b7300,2026-02-27,25.0,city
90b7300,2026-02-28,25.0,city
90b7300,2026-03-02,1000.0,city
90b7300,2026-03-04,50.0,city
90b7300,2026-03-05,100.0,city
90b7300,2026-03-10,100.0,city
90b7300,2026-03-11,200.0,city
90b7300,2026-03-11,250.0,city
90b7300,2026-03-12,100.0,city
90b7300,2026-03-14,35.0,city
90b7300,2026-03-14,10.0,city
90b7300,2026-03-14,250.0,city
90b7300,2026-03-14,100.0,city
90b7300,2026-03-15,20.0,city
90b7300,2026-03-18,1000.0,city
90b7300,2026-03-18,500.0,city
90b7300,2026-03-19,250.0,city
90b7300,2026-03-20,1000.0,city
90b7300,2026-03-23,20.0,city
90b7300,2026-03-27,25.0,city
90b7300,2026-03-31,250.0,city
90b7300,2026-03-31,25.0,city
90b7300,2026-04-04,50.0,city
90b7300,2026-04-14,35.0,city
90b7300,2026-04-14,10.0,city
90b7300,2026-04-15,20.0,city
90b7300,2026-04-22,250.0,city
90b7300,2026-04-23,20.0,city
90b7300,2026-04-27,250.0,city
90b7300,2026-04-27,25.0,city
90b7300,2026-04-28,1200.0,city
90b7300,2026-04-29,25.0,city
90b7300,2026-04-30,25.0,city
90b7300,2026-05-01,250.0,city
90b7300,2026-05-01,500.0,city
90b7300,2026-05-03,250.0,city
90b7300,2026-05-04,250.0,city
90b7300,2026-05-04,50.0,city
90b7300,2026-05-05,1000.0,city
90b7300,2026-05-06,250.0,city
90b7300,2026-05-06,100.0,city
90b7300,2026-05-10,1000.0,city
90b7300,2026-05-11,100.0,city
90b7300,2026-05-13,1000.0,city
90b7300,2026-05-14,35.0,city
90b7300,2026-05-14,10.0,city
90b7300,2026-05-15,500.0,city
90b7300,2026-05-15,20.0,city
90b7300,2026-05-23,20.0,city
90b7300,2026-05-25,250.0,city
90b7300,2026-05-27,25.0,city
90b7300,2026-05-27,300.0,city
90b7300,2026-05-28,1000.0,city
90b7300,2026-05-29,250.0,city
90b7300,2026-05-29,300.0,city
90b7300,2026-05-29,2500.0,city
90b7300,2026-05-29,300.0,city
90b7300,2026-05-29,300.0,city
90b7300,2026-05-29,25.0,city
90b7300,2026-05-30,250.0,city
90b7300,2026-05-31,25.0,city
90b7300,2026-06-02,1000.0,city
90b7300,2026-06-02,2500.0,city
90b7300,2026-06-04,50.0,city
90b7300,2026-06-09,150.0,city
90b7300,2026-06-11,25.0,city
90b7300,2026-06-11,100.0,city
90b7300,2026-06-14,10.0,city
90b7300,2026-06-14,250.0,ucb
90b7300,2026-06-15,20.0,city
90b7300,2026-06-19,25.0,city
90b7300,2026-06-20,50.0,city
90b7300,2026-06-24,100.0,city
90b7300,2026-06-26,250.0,city
90b7300,2026-06-27,25.0,city
90b7300,2026-06-29,25.0,city
90b7300,2026-06-30,25.0,city
916aa6e,2025-10-01,100.0,city
916aa6e,2025-10-18,71.42,city
916aa6e,2025-11-19,500.0,city
916aa6e,2026-03-19,50.0,city
916aa6e,2026-03-19,50.0,city
916aa6e,2026-04-16,500.0,city
916aa6e,2026-05-04,250.0,ucb
91e1638,2026-04-01,50.0,city
91e1638,2026-04-06,125.0,city
91e1638,2026-04-09,100.0,city
91e1638,2026-04-13,50.0,city
91e1638,2026-04-21,50.0,city
91e1638,2026-04-28,25.0,city
91e1638,2026-05-07,100.0,city
91e1638,2026-05-20,250.0,city
91e1638,2026-06-05,50.0,city
91e1638,2026-06-05,28.0,city
91e1638,2026-06-07,10.0,city
91e1638,2026-06-10,50.0,city
91e1638,2026-06-12,28.0,city
91e1638,2026-06-17,50.0,city
91e1638,2026-06-19,28.0,city
91e1638,2026-06-22,100.0,city
9319647,2026-02-26,1000.0,city
9319647,2026-04-13,250.0,ucb
93473c4,2025-08-21,25.0,city
93473c4,2025-09-21,25.0,city
93473c4,2025-10-21,25.0,city
934d14c,2025-11-16,250.0,city
934d14c,2026-01-13,100.0,city
93c361e,2026-05-13,250.0,city
93cb331,2025-09-23,250.0,city
93cb331,2026-01-18,500.0,city
93cb331,2026-02-18,125.0,city
93cb331,2026-02-19,25.0,city
93cb331,2026-02-20,100.0,city
93cb331,2026-02-23,125.0,city
93cb331,2026-03-03,100.0,city
93cb331,2026-03-09,100.0,city
93cb331,2026-03-09,100.0,city
93cb331,2026-03-11,500.0,city
93cb331,2026-03-17,1000.0,city
93cb331,2026-03-19,25.0,city
93cb331,2026-03-24,50.0,city
93cb331,2026-03-24,100.0,city
93cb331,2026-03-25,50.0,city
93cb331,2026-03-31,150.0,city
93cb331,2026-03-31,100.0,city
93cb331,2026-04-06,150.0,city
93cb331,2026-04-06,25.0,city
93cb331,2026-04-07,20.26,city
93cb331,2026-04-14,100.0,city
93cb331,2026-04-17,37.0,city
93cb331,2026-04-19,25.0,city
93cb331,2026-04-25,10.0,city
93cb331,2026-05-03,25.0,city
93cb331,2026-05-14,100.0,city
93cb331,2026-05-17,37.0,city
93cb331,2026-05-19,25.0,city
93cb331,2026-05-19,20.26,city
93cb331,2026-05-27,25.0,city
93cb331,2026-06-03,25.0,city
93cb331,2026-06-08,20.26,city
93cb331,2026-06-17,37.0,city
93cb331,2026-06-19,25.0,city
93cb331,2026-06-27,25.0,city
940ba79,2025-08-12,3500.0,city
940e7fd,2026-03-31,250.0,city
942519b,2025-08-15,250.0,city
942519b,2025-09-08,250.0,city
942519b,2025-09-13,500.0,city
942519b,2025-09-30,500.0,city
942519b,2025-10-17,3500.0,city
942519b,2025-10-17,3500.0,city
942519b,2025-11-25,250.0,city
942519b,2025-12-31,1000.0,city
942519b,2026-01-27,1000.0,city
942519b,2026-03-31,250.0,city
942519b,2026-03-31,200.0,ucb
942519b,2026-04-06,250.0,city
942519b,2026-04-07,200.0,city
942519b,2026-04-08,1428.58,city
942519b,2026-04-10,500.0,city
942519b,2026-04-10,1500.0,city
942519b,2026-05-22,100.0,city
942519b,2026-05-27,100.0,city
942519b,2026-05-27,300.0,city
942519b,2026-05-28,100.0,city
942519b,2026-06-13,250.0,city
942519b,2026-06-14,100.0,city
94dc20d,2025-08-19,1000.0,city
94dc20d,2025-09-02,500.0,city
94dc20d,2025-12-19,1000.0,city
95dbda4,2026-01-03,50.0,city
95dbda4,2026-02-03,50.0,city
95dbda4,2026-03-03,50.0,city
968e840,2026-01-07,300.0,city
96bcc1a,2026-02-11,50.0,city
96bcc1a,2026-02-23,50.0,city
96bcc1a,2026-02-27,50.0,city
96bcc1a,2026-03-11,50.0,city
96bcc1a,2026-03-23,500.0,city
96bcc1a,2026-03-25,500.0,city
96bcc1a,2026-03-31,100.0,city
9807907,2026-06-11,250.0,city
983f993,2025-11-01,50.0,city
983f993,2025-11-08,50.0,city
983f993,2025-11-13,300.0,city
983f993,2025-11-28,250.0,city
983f993,2025-12-31,50.0,city
983f993,2026-01-18,100.0,city
983f993,2026-01-29,25.0,city
983f993,2026-02-04,25.0,city
983f993,2026-02-18,50.0,city
983f993,2026-02-28,100.0,city
983f993,2026-02-28,50.0,city
983f993,2026-02-28,25.0,city
983f993,2026-03-11,75.0,city
983f993,2026-03-29,25.0,city
98c878f,2025-09-27,333.33,city
98c878f,2025-11-22,500.0,city
98c878f,2026-03-09,1045.45,city
98c878f,2026-03-09,3500.0,city
98c878f,2026-04-28,50.0,city
98c878f,2026-05-11,250.0,city
98c878f,2026-05-28,250.0,city
98c878f,2026-06-11,500.0,city
98c878f,2026-06-29,250.0,city
98c878f,2026-06-29,3500.0,city
98c878f,2026-06-29,1500.0,city
98c878f,2026-06-29,312.5,city
98c878f,2026-06-29,666.67,city
98c878f,2026-06-29,375.0,city
98c878f,2026-06-30,300.0,city
9901150,2026-02-18,250.0,city
9901150,2026-03-13,250.0,city
9901150,2026-03-21,500.0,city
9901150,2026-03-30,1000.0,city
9901150,2026-04-11,50.0,city
9901150,2026-05-11,50.0,city
9901150,2026-06-11,50.0,city
993ec71,2025-09-24,3500.0,city
993ec71,2025-09-25,3500.0,city
993ec71,2025-09-27,3500.0,city
993ec71,2025-09-27,3500.0,city
993ec71,2025-09-29,4000.0,city
993ec71,2025-09-29,4000.0,city
99d43f6,2026-02-17,7000.0,city
99d43f6,2026-04-26,500.0,city
9a00093,2026-01-20,1800.0,ucb
9a5a211,2025-08-28,1000.0,city
9a5a211,2026-05-19,1000.0,city
9a5a211,2026-05-20,1000.0,city
9ab8785,2026-05-06,15.0,city
9ab8785,2026-05-29,8.0,city
9ab8785,2026-06-06,15.0,city
9ab8785,2026-06-29,8.0,city
9be48a5,2025-08-13,3500.0,city
9be48a5,2025-08-13,130.0,city
9be48a5,2025-08-29,250.0,city
9be48a5,2025-09-12,300.0,city
9be48a5,2025-09-18,250.0,city
9c02747,2025-08-26,500.0,city
9c02747,2025-09-01,250.0,city
9c02747,2025-12-08,1035.25,ucb
9c02747,2026-04-01,250.0,city
9c02747,2026-06-30,250.0,city
9c27e5a,2026-02-12,3500.0,city
9c27e5a,2026-02-12,3500.0,city
9c54b85,2026-05-05,500.0,city
9cd7a4f,2026-03-31,250.0,city
9cfe5a2,2026-05-08,500.0,ucb
9e8604f,2025-08-14,50.0,city
9e8604f,2025-08-22,25.0,city
9e8604f,2025-09-02,50.0,city
9e8604f,2025-09-08,50.0,city
9e8604f,2025-09-18,12.5,city
9e8604f,2025-09-22,25.0,city
9e8604f,2025-10-08,50.0,both
9e8604f,2025-10-13,60.0,city
9e8604f,2025-10-19,25.0,city
9e8604f,2025-10-19,50.0,city
9e8604f,2025-10-22,25.0,city
9e8604f,2025-10-27,25.0,city
9e8604f,2025-11-03,1000.0,city
9e8604f,2025-11-08,50.0,both
9e8604f,2025-11-12,25.0,city
9e8604f,2025-11-13,50.0,city
9e8604f,2025-11-13,60.0,city
9e8604f,2025-11-22,25.0,city
9eda34d,2025-10-02,1000.0,city
9f56595,2025-08-15,250.0,city
9f56595,2025-09-17,500.0,city
9f56595,2025-11-05,250.0,city
9f56595,2025-11-07,250.0,city
9f56595,2025-12-10,250.0,city
9f56595,2025-12-23,250.0,city
9f56595,2026-02-23,250.0,city
9f56595,2026-03-12,100.0,city
9f56595,2026-05-13,250.0,city
9f56595,2026-05-28,200.0,city
9f56595,2026-06-30,3500.0,city
9f56595,2026-06-30,3500.0,city
9f74e38,2025-11-04,2000.0,city
9f74e38,2025-11-04,2000.0,city
9f74e38,2026-02-19,1500.0,city
9f74e38,2026-06-28,1500.0,city
9f74e38,2026-06-30,1500.0,city
a03d2ab,2025-08-11,2000.0,city
a03d2ab,2025-08-11,25.0,city
a03d2ab,2025-08-22,100.0,city
a03d2ab,2025-09-01,500.0,city
a03d2ab,2025-09-03,100.0,city
a03d2ab,2025-09-19,100.0,city
a03d2ab,2025-09-21,25.0,city
a03d2ab,2025-09-21,35.0,city
a03d2ab,2025-09-22,500.0,city
a03d2ab,2025-09-23,25.0,city
a03d2ab,2025-09-23,25.0,city
a03d2ab,2025-09-29,0.0,city
a03d2ab,2025-09-29,200.0,city
a03d2ab,2025-09-30,2000.0,city
a03d2ab,2025-10-05,50.0,city
a03d2ab,2025-10-05,250.0,city
a03d2ab,2025-10-21,500.0,city
a03d2ab,2025-10-22,250.0,city
a03d2ab,2025-10-23,50.0,city
a03d2ab,2025-10-31,1300.0,city
a03d2ab,2025-10-31,500.0,city
a03d2ab,2025-11-01,200.0,city
a03d2ab,2025-11-04,400.0,city
a03d2ab,2025-11-04,2000.0,city
a03d2ab,2025-11-05,50.0,city
a03d2ab,2025-12-01,100.0,city
a03d2ab,2025-12-01,400.0,city
a03d2ab,2025-12-05,50.0,city
a03d2ab,2025-12-09,250.0,both
a03d2ab,2026-01-14,100.0,both
a03d2ab,2026-01-14,500.0,city
a03d2ab,2026-01-27,500.0,city
a03d2ab,2026-02-20,250.0,city
a03d2ab,2026-02-23,100.0,city
a03d2ab,2026-02-24,100.0,city
a03d2ab,2026-03-13,100.0,city
a03d2ab,2026-03-13,100.0,city
a03d2ab,2026-03-29,50.0,city
a03d2ab,2026-04-23,100.0,city
a03d2ab,2026-05-01,250.0,city
a03d2ab,2026-05-08,50.0,city
a03d2ab,2026-05-15,30.0,city
a03d2ab,2026-05-15,25.0,city
a03d2ab,2026-05-15,50.0,city
a03d2ab,2026-05-21,250.0,city
a03d2ab,2026-05-22,40.0,city
a03d2ab,2026-05-24,50.0,city
a03d2ab,2026-06-16,200.0,city
a075850,2025-08-15,20.0,city
a075850,2025-08-31,25.0,city
a075850,2025-09-15,20.0,city
a075850,2025-09-30,25.0,city
a075850,2025-10-15,20.0,city
a075850,2025-10-31,25.0,city
a075850,2025-11-15,20.0,city
a075850,2025-11-30,25.0,city
a075850,2025-12-15,20.0,city
a075850,2025-12-31,25.0,city
a075850,2026-01-15,20.0,city
a075850,2026-01-31,25.0,city
a075850,2026-02-15,20.0,city
a075850,2026-02-28,25.0,city
a075850,2026-03-15,20.0,city
a075850,2026-03-31,25.0,city
a075850,2026-04-15,20.0,city
a075850,2026-04-30,25.0,city
a075850,2026-05-15,20.0,city
a075850,2026-05-31,25.0,city
a075850,2026-06-15,20.0,city
a075850,2026-06-30,25.0,city
a098eff,2025-10-24,250.0,city
a098eff,2025-12-12,250.0,city
a098eff,2026-01-31,500.0,city
a098eff,2026-02-16,25.0,city
a098eff,2026-05-03,250.0,city
a0a5625,2025-12-08,10.0,city
a0a5625,2026-01-17,10.0,city
a0a5625,2026-03-02,5.0,city
a0a5625,2026-03-25,25.0,city
a0a5625,2026-04-30,250.0,city
a295144,2025-12-31,250.0,city
a295144,2026-01-10,62.5,city
a295144,2026-01-18,166.67,city
a295144,2026-01-22,250.0,city
a2fb1e2,2025-11-13,250.0,city
a2fb1e2,2025-12-12,250.0,city
a31f7ee,2026-03-20,500.0,city
a46fd10,2025-12-11,500.0,city
a46fd10,2026-04-16,250.0,city
a4829c5,2025-08-27,25.0,city
a4829c5,2025-09-20,3500.0,city
a4829c5,2025-09-27,25.0,city
a4829c5,2025-09-30,1500.0,city
a4829c5,2025-09-30,3500.0,city
a4829c5,2026-01-07,100.0,city
a4829c5,2026-01-16,100.0,city
a4829c5,2026-02-05,3500.0,city
a4829c5,2026-02-05,3500.0,city
a4829c5,2026-02-08,75.0,city
a4829c5,2026-02-09,833.33,ucb
a4829c5,2026-03-11,50.0,city
a4829c5,2026-03-24,3500.0,city
a4829c5,2026-03-24,3500.0,city
a4829c5,2026-03-29,3500.0,city
a4829c5,2026-03-29,3500.0,city
a4829c5,2026-03-29,3500.0,city
a4829c5,2026-03-29,3500.0,city
a4829c5,2026-03-29,2000.0,city
a4829c5,2026-03-30,3500.0,city
a4829c5,2026-03-30,3500.0,city
a4829c5,2026-03-31,3500.0,city
a4829c5,2026-03-31,1000.0,city
a4829c5,2026-03-31,3500.0,city
a4829c5,2026-03-31,3500.0,city
a4829c5,2026-03-31,3500.0,city
a4829c5,2026-03-31,3500.0,city
a4829c5,2026-04-01,3000.0,city
a4829c5,2026-05-15,3500.0,city
a4829c5,2026-05-15,1500.0,city
a4829c5,2026-05-16,50.0,city
a4829c5,2026-05-28,500.0,city
a4829c5,2026-06-01,200.0,city
a4829c5,2026-06-03,100.0,city
a4829c5,2026-06-04,3500.0,city
a4829c5,2026-06-07,3500.0,city
a4829c5,2026-06-09,500.0,city
a4829c5,2026-06-10,3500.0,city
a4829c5,2026-06-11,3500.0,city
a4829c5,2026-06-11,3500.0,city
a4829c5,2026-06-11,3500.0,ucb
a4829c5,2026-06-13,3500.0,city
a4829c5,2026-06-15,3500.0,city
a4829c5,2026-06-15,3500.0,city
a4829c5,2026-06-27,3500.0,city
a512384,2025-10-04,100.0,city
a512384,2025-11-29,1000.0,both
a512384,2025-12-05,250.0,city
a512384,2025-12-19,3400.0,city
a512384,2025-12-19,3500.0,city
a512384,2026-04-01,50.0,both
a512384,2026-04-12,100.0,city
a512384,2026-05-01,50.0,both
a512384,2026-06-01,50.0,both
a52c553,2026-02-23,125.0,city
a52c553,2026-03-30,500.0,city
a52c553,2026-05-15,250.0,city
a54c5ed,2025-10-21,27.0,city
a5e08bb,2025-09-17,250.0,ucb
a5e08bb,2026-05-17,150.0,city
a5e08bb,2026-06-30,150.0,city
a60ddc5,2026-01-24,100.0,city
a6136ba,2025-08-18,3500.0,city
a6136ba,2025-08-18,3500.0,city
a6136ba,2025-08-19,3500.0,city
a6136ba,2025-08-19,3500.0,city
a6136ba,2025-08-19,3500.0,city
a6136ba,2025-08-19,3500.0,city
a6136ba,2025-08-20,3500.0,city
a6136ba,2025-08-26,3500.0,city
a6136ba,2025-08-26,3500.0,city
a6136ba,2025-08-28,3500.0,city
a6136ba,2025-08-28,1500.0,city
a6136ba,2025-09-29,1000.0,city
a6136ba,2025-10-14,1000.0,city
a6136ba,2025-11-22,3500.0,city
a6136ba,2025-11-22,2500.0,city
a6136ba,2025-12-09,500.0,city
a6136ba,2025-12-11,3500.0,city
a6136ba,2025-12-11,3500.0,city
a6136ba,2026-01-09,50.0,city
a6136ba,2026-01-18,3500.0,city
a6136ba,2026-01-18,3500.0,city
a6136ba,2026-02-09,50.0,city
a6136ba,2026-02-11,1000.0,city
a6136ba,2026-03-09,50.0,city
a6136ba,2026-03-11,3500.0,city
a6136ba,2026-03-11,3500.0,city
a6136ba,2026-03-11,3500.0,city
a6136ba,2026-03-11,3500.0,city
a6136ba,2026-03-11,3500.0,city
a6136ba,2026-03-17,3500.0,city
a6136ba,2026-03-17,3500.0,city
a6191bc,2025-08-16,3500.0,city
a6191bc,2025-08-16,3500.0,city
a6191bc,2025-08-18,2500.0,city
a6191bc,2025-08-18,3500.0,city
a6191bc,2026-05-16,3500.0,city
a6191bc,2026-05-16,3500.0,city
a74ada2,2026-03-31,300.0,city
a74ada2,2026-05-13,250.0,city
a7c4e0b,2026-04-23,10.0,both
a7c7cb9,2025-08-26,250.0,city
a7c7cb9,2025-09-20,250.0,city
a7c7cb9,2025-11-28,500.0,city
a7c7cb9,2025-12-04,250.0,city
a7c7cb9,2026-02-24,500.0,city
a7c7cb9,2026-03-07,250.0,city
a7c7cb9,2026-03-15,100.0,city
a7c7cb9,2026-04-01,100.0,city
a7c7cb9,2026-04-10,100.0,city
a7c7cb9,2026-05-13,250.0,city
a7f9797,2025-10-08,3500.0,city
a7f9797,2026-05-18,3500.0,city
a7f9797,2026-05-21,3500.0,city
a7f9797,2026-06-23,25.0,city
a7f9797,2026-06-23,10.0,city
a7f9797,2026-06-23,25.0,city
a7f9797,2026-06-23,25.0,city
a7f9797,2026-06-23,47.0,city
a7f9797,2026-06-23,25.0,city
a7f9797,2026-06-23,25.0,city
a7f9797,2026-06-23,44.65,city
a7f9797,2026-06-23,44.65,city
a812ea8,2025-08-17,500.0,city
a812ea8,2025-08-22,20.0,both
a812ea8,2025-09-02,1000.0,city
a812ea8,2025-09-17,500.0,city
a812ea8,2025-09-22,20.0,both
a812ea8,2025-10-22,20.0,both
a812ea8,2025-11-22,20.0,both
a812ea8,2025-12-10,1000.0,city
a812ea8,2025-12-15,100.0,city
a812ea8,2025-12-16,500.0,ucb
a812ea8,2025-12-22,20.0,both
a812ea8,2025-12-23,500.0,city
a812ea8,2026-01-15,100.0,city
a812ea8,2026-01-16,200.0,both
a812ea8,2026-01-22,20.0,both
a812ea8,2026-01-24,500.0,ucb
a812ea8,2026-01-29,100.0,ucb
a812ea8,2026-02-15,100.0,city
a812ea8,2026-02-22,20.0,both
a812ea8,2026-02-26,100.0,city
a812ea8,2026-02-26,500.0,city
a812ea8,2026-03-05,100.0,ucb
a812ea8,2026-03-14,200.0,ucb
a812ea8,2026-03-15,100.0,city
a812ea8,2026-03-22,20.0,both
a812ea8,2026-04-15,100.0,city
a812ea8,2026-04-22,20.0,both
a812ea8,2026-04-22,150.0,ucb
a812ea8,2026-05-14,3500.0,city
a812ea8,2026-05-15,100.0,city
a812ea8,2026-05-22,20.0,both
a812ea8,2026-06-15,100.0,city
a812ea8,2026-06-22,20.0,both
a812ea8,2026-06-30,250.0,city
a812ea8,2026-06-30,3500.0,ucb
a81a2a7,2025-08-29,500.0,city
a81a2a7,2025-09-03,750.0,city
a81a2a7,2025-09-15,250.0,city
a81a2a7,2025-09-15,250.0,city
a81a2a7,2025-09-29,250.0,city
a81a2a7,2025-09-30,1000.0,city
a81a2a7,2025-10-15,5.0,city
a81a2a7,2025-11-26,200.0,city
a81a2a7,2025-12-14,100.0,city
a81a2a7,2025-12-15,500.0,city
a81a2a7,2025-12-23,250.0,city
a81a2a7,2026-02-02,500.0,both
a81a2a7,2026-03-29,25.0,city
a81a2a7,2026-03-30,250.0,city
a81a2a7,2026-04-21,100.0,both
a81a2a7,2026-05-04,100.0,both
a81a2a7,2026-06-17,1000.0,city
a81a2a7,2026-06-29,125.0,city
a88b5ad,2025-09-27,500.0,city
a8abf84,2025-10-24,3500.0,city
a8abf84,2025-10-26,3500.0,city
a8abf84,2026-02-23,125.0,city
a8abf84,2026-03-01,100.0,city
a8abf84,2026-03-20,250.0,city
a8abf84,2026-03-27,250.0,city
a8abf84,2026-03-27,100.0,city
a8abf84,2026-05-21,250.0,city
a8abf84,2026-05-21,250.0,city
a987f0c,2025-08-26,50.0,city
a987f0c,2025-08-29,25.0,city
a987f0c,2025-09-01,25.0,city
a987f0c,2025-09-05,25.0,city
a987f0c,2025-09-10,500.0,city
a987f0c,2025-09-26,250.0,city
a987f0c,2025-09-26,50.0,city
a987f0c,2025-09-29,25.0,city
a987f0c,2025-10-01,25.0,city
a987f0c,2025-10-06,50.0,city
a987f0c,2025-10-13,500.0,city
a987f0c,2025-10-24,1500.0,city
a987f0c,2025-10-26,50.0,city
a987f0c,2025-10-29,25.0,city
a987f0c,2025-11-01,25.0,city
a987f0c,2025-11-06,250.0,city
a987f0c,2025-11-09,100.0,city
a987f0c,2025-11-10,200.0,city
a987f0c,2025-11-11,1065.0,city
a987f0c,2025-11-13,250.0,city
a987f0c,2025-11-21,100.0,city
a987f0c,2025-11-24,12.5,city
a987f0c,2025-11-26,50.0,city
a987f0c,2025-11-29,25.0,city
a987f0c,2025-12-01,25.0,city
a987f0c,2025-12-01,100.0,city
a987f0c,2025-12-07,50.0,city
a987f0c,2025-12-07,100.0,city
a987f0c,2025-12-11,500.0,city
a987f0c,2025-12-16,1000.0,city
a987f0c,2025-12-24,12.5,city
a987f0c,2025-12-26,50.0,city
a987f0c,2025-12-27,50.0,city
a987f0c,2025-12-29,25.0,city
a987f0c,2026-01-01,25.0,city
a987f0c,2026-01-24,12.5,city
a987f0c,2026-01-26,25.0,city
a987f0c,2026-01-26,50.0,city
a987f0c,2026-01-29,25.0,city
a987f0c,2026-02-01,25.0,city
a987f0c,2026-02-04,150.0,city
a987f0c,2026-02-05,50.0,city
a987f0c,2026-02-11,500.0,city
a987f0c,2026-02-17,100.0,city
a987f0c,2026-02-17,150.0,city
a987f0c,2026-02-20,20.0,city
a987f0c,2026-02-24,12.5,city
a987f0c,2026-02-26,25.0,city
a987f0c,2026-02-26,50.0,city
a987f0c,2026-02-28,25.0,city
a987f0c,2026-03-01,25.0,city
a987f0c,2026-03-07,250.0,city
a987f0c,2026-03-08,12.5,city
a987f0c,2026-03-09,100.0,city
a987f0c,2026-03-10,200.0,city
a987f0c,2026-03-12,2000.0,city
a987f0c,2026-03-13,150.0,city
a987f0c,2026-03-16,20.0,city
a987f0c,2026-03-24,12.5,city
a987f0c,2026-03-26,50.0,city
a987f0c,2026-03-26,25.0,city
a987f0c,2026-03-29,25.0,city
a987f0c,2026-03-31,150.0,city
a987f0c,2026-03-31,250.0,ucb
a9d80f4,2025-09-15,1000.0,both
a9d80f4,2025-09-22,250.0,city
a9d80f4,2025-09-24,250.0,city
a9d80f4,2025-10-01,500.0,city
a9d80f4,2025-11-09,250.0,city
a9d80f4,2025-11-12,750.0,city
a9d80f4,2025-11-17,1500.0,city
a9d80f4,2025-11-18,1000.0,city
a9d80f4,2025-11-19,1000.0,city
a9d80f4,2025-11-28,250.0,ucb
a9d80f4,2026-01-22,500.0,city
a9d80f4,2026-02-07,250.0,city
a9d80f4,2026-02-12,150.0,city
a9d80f4,2026-02-16,250.0,city
a9d80f4,2026-02-16,250.0,ucb
a9d80f4,2026-02-17,1000.0,city
a9d80f4,2026-02-19,250.0,city
a9d80f4,2026-02-19,500.0,city
a9d80f4,2026-02-19,500.0,city
a9d80f4,2026-03-31,200.0,city
a9d80f4,2026-04-01,250.0,ucb
a9d80f4,2026-04-12,500.0,ucb
a9d80f4,2026-04-20,250.0,city
a9d80f4,2026-04-21,500.0,city
a9d80f4,2026-05-27,250.0,city
a9d9627,2025-09-08,3500.0,city
a9d9627,2026-03-01,500.0,city
a9d9627,2026-03-09,3500.0,city
a9d9627,2026-03-09,1045.46,city
aa981eb,2025-11-04,200.0,city
aa981eb,2025-12-04,200.0,city
aa981eb,2025-12-12,65.0,city
aa981eb,2026-04-02,30.0,city
aa981eb,2026-04-04,200.0,city
aa981eb,2026-04-04,15.0,city
aa981eb,2026-05-04,200.0,city
acaaaa3,2025-08-16,250.0,city
acaaaa3,2025-08-26,10.0,city
acaaaa3,2025-08-28,37.5,city
acaaaa3,2025-08-29,1000.0,city
acaaaa3,2025-08-31,250.0,city
acaaaa3,2025-09-25,100.0,city
acaaaa3,2025-09-26,250.0,city
acaaaa3,2025-09-29,500.0,city
acaaaa3,2025-09-29,250.0,city
acaaaa3,2025-10-15,2500.0,city
acaaaa3,2025-10-24,100.0,city
acaaaa3,2025-10-27,50.0,city
acaaaa3,2025-10-28,50.0,city
acaaaa3,2025-10-29,50.0,city
acaaaa3,2025-10-30,100.0,city
acaaaa3,2025-11-20,500.0,city
acaaaa3,2025-11-28,50.0,city
acaaaa3,2025-11-29,50.0,city
acaaaa3,2025-12-10,2000.0,city
acaaaa3,2025-12-28,50.0,city
acaaaa3,2025-12-29,50.0,city
acaaaa3,2026-01-08,500.0,city
acaaaa3,2026-01-14,400.0,city
acaaaa3,2026-01-27,1000.0,city
acaaaa3,2026-01-27,500.0,city
acaaaa3,2026-01-28,50.0,city
acaaaa3,2026-01-29,50.0,city
acaaaa3,2026-02-03,1000.0,city
acaaaa3,2026-02-20,250.0,city
acaaaa3,2026-02-28,50.0,city
acaaaa3,2026-02-28,25.0,city
acaaaa3,2026-02-28,50.0,city
acaaaa3,2026-02-28,50.0,city
acaaaa3,2026-03-04,500.0,city
acaaaa3,2026-03-05,100.0,city
acaaaa3,2026-03-09,125.0,city
acaaaa3,2026-03-09,200.0,city
acaaaa3,2026-03-24,125.0,city
acaaaa3,2026-03-27,250.0,city
acaaaa3,2026-03-28,50.0,city
acaaaa3,2026-03-28,50.0,city
acaaaa3,2026-03-29,50.0,city
acaaaa3,2026-03-31,25.0,city
acaaaa3,2026-03-31,250.0,city
acaaaa3,2026-04-21,1000.0,ucb
acaaaa3,2026-04-28,50.0,city
acaaaa3,2026-04-28,50.0,city
acaaaa3,2026-04-29,20.0,city
acaaaa3,2026-04-29,50.0,city
acaaaa3,2026-04-30,25.0,city
acaaaa3,2026-05-11,75.0,city
acaaaa3,2026-05-22,250.0,city
acaaaa3,2026-05-28,50.0,city
acaaaa3,2026-05-28,250.0,city
acaaaa3,2026-05-28,50.0,city
acaaaa3,2026-05-29,50.0,city
acaaaa3,2026-05-29,20.0,city
acaaaa3,2026-05-31,25.0,city
acaaaa3,2026-06-03,1000.0,city
acaaaa3,2026-06-11,200.0,city
acaaaa3,2026-06-17,250.0,city
acaaaa3,2026-06-28,50.0,city
acaaaa3,2026-06-28,50.0,city
acaaaa3,2026-06-29,50.0,city
acaaaa3,2026-06-29,20.0,city
acaaaa3,2026-06-30,25.0,city
ace3492,2025-08-18,50.0,city
ace3492,2025-08-28,500.0,city
ace3492,2025-09-01,150.0,city
ace3492,2025-09-02,100.0,city
ace3492,2025-09-03,500.0,city
ace3492,2025-09-18,50.0,city
ace3492,2025-10-14,500.0,city
ace3492,2025-10-18,50.0,city
ace3492,2025-10-29,3500.0,both
ace3492,2025-10-29,3500.0,both
ace3492,2025-11-18,50.0,city
ace3492,2025-12-06,100.0,city
ace3492,2025-12-18,50.0,city
ace3492,2025-12-29,200.0,city
ace3492,2025-12-29,3300.0,city
ace3492,2026-01-18,50.0,city
ace3492,2026-02-15,1000.0,city
ace3492,2026-02-18,50.0,city
ace3492,2026-02-21,500.0,city
ace3492,2026-02-24,500.0,city
ace3492,2026-03-18,50.0,city
ace3492,2026-03-29,1000.0,city
ace3492,2026-03-31,250.0,city
ace3492,2026-04-18,50.0,city
ace3492,2026-04-23,500.0,city
ace3492,2026-04-23,500.0,city
ace3492,2026-05-18,50.0,city
ace3492,2026-06-18,50.0,city
ace3492,2026-06-30,3300.0,city
ace3492,2026-06-30,150.0,city
ace3492,2026-06-30,3500.0,city
adadf88,2025-09-05,3500.0,city
adadf88,2025-09-09,3500.0,city
adadf88,2025-09-09,65.0,city
adadf88,2025-09-15,1000.0,city
adadf88,2025-09-16,7000.0,city
adadf88,2025-09-21,500.0,city
adadf88,2025-09-24,20.0,city
adadf88,2025-10-05,250.0,city
adadf88,2025-10-05,50.0,city
adadf88,2025-10-09,54.27,city
adadf88,2025-10-13,30.0,city
adadf88,2025-10-14,200.0,city
adadf88,2025-11-12,250.0,city
adadf88,2025-11-13,30.0,city
adadf88,2025-12-05,500.0,city
adadf88,2025-12-12,1000.0,city
adadf88,2025-12-13,30.0,city
adadf88,2025-12-17,1000.0,city
adadf88,2025-12-27,100.0,city
adadf88,2026-01-01,40.0,both
adadf88,2026-01-13,30.0,city
adadf88,2026-01-22,25.0,city
adadf88,2026-01-25,50.0,city
adadf88,2026-01-30,100.0,city
adadf88,2026-02-01,40.0,both
adadf88,2026-02-13,30.0,city
adadf88,2026-02-17,20.0,city
adadf88,2026-02-23,100.0,city
adadf88,2026-03-01,40.0,both
adadf88,2026-03-13,30.0,city
adadf88,2026-03-22,25.0,city
adadf88,2026-03-31,350.0,city
adccec7,2025-10-14,2000.0,city
adccec7,2026-04-01,300.0,city
adccec7,2026-05-21,300.0,city
aeea3c6,2026-05-15,500.0,city
aeea3c6,2026-05-15,200.0,city
b0a50dc,2025-10-18,71.43,city
b0a50dc,2025-11-13,7000.0,both
b0a50dc,2026-04-08,1428.57,city
b0a50dc,2026-05-04,250.0,ucb
b0a50dc,2026-05-12,500.0,city
b0a50dc,2026-05-20,500.0,city
b0d4a84,2025-08-25,50.0,city
b0d4a84,2025-08-28,250.0,city
b0d4a84,2025-09-29,100.0,city
b0d4a84,2025-11-16,250.0,city
b0d4a84,2025-12-17,10.0,city
b0d4a84,2026-01-02,250.0,city
b0d4a84,2026-02-21,100.0,city
b0d4a84,2026-03-31,250.0,city
b0d4a84,2026-04-13,7000.0,city
b18a87a,2026-01-15,100.0,city
b18a87a,2026-01-29,100.0,city
b18a87a,2026-01-29,270.0,city
b18a87a,2026-02-03,125.0,city
b18a87a,2026-02-21,500.0,city
b18a87a,2026-03-17,1000.0,city
b18a87a,2026-03-19,2500.0,city
b18a87a,2026-03-19,1000.0,city
b18a87a,2026-04-08,125.0,city
b1c75bb,2025-09-01,3500.0,city
b1c75bb,2025-09-01,3500.0,city
b1c75bb,2025-09-01,3500.0,city
b1c75bb,2025-09-01,3500.0,city
b1c75bb,2025-09-07,3500.0,city
b1c75bb,2025-09-07,3500.0,city
b1c75bb,2025-09-07,3500.0,city
b1c75bb,2025-09-07,3500.0,city
b1c75bb,2025-09-23,100.0,city
b1c75bb,2025-09-23,100.0,city
b1c75bb,2025-12-11,500.0,city
b1c75bb,2025-12-31,3500.0,city
b1c75bb,2025-12-31,3000.0,city
b1c75bb,2025-12-31,3500.0,city
b28eaf7,2026-03-09,3500.0,city
b28eaf7,2026-03-09,1045.45,city
b2c7c23,2025-08-13,20.0,city
b2c7c23,2025-08-13,50.0,city
b2c7c23,2025-08-14,100.0,city
b2c7c23,2025-08-15,35.0,city
b2c7c23,2025-08-20,25.0,city
b2c7c23,2025-08-24,50.0,city
b2c7c23,2025-08-27,10.0,city
b2c7c23,2025-09-01,20.0,city
b2c7c23,2025-09-01,35.0,city
b2c7c23,2025-09-01,20.0,city
b2c7c23,2025-09-01,25.0,city
b2c7c23,2025-09-01,10.0,city
b2c7c23,2025-09-05,50.0,city
b2c7c23,2025-09-15,35.0,city
b2c7c23,2025-09-15,20.0,city
b2c7c23,2025-09-15,50.0,city
b2c7c23,2025-09-15,100.0,city
b2c7c23,2025-09-22,25.0,city
b2c7c23,2025-09-27,10.0,city
b2c7c23,2025-09-29,20.0,city
b2c7c23,2025-09-30,35.0,city
b2c7c23,2025-09-30,25.0,city
b2c7c23,2025-10-01,20.0,city
b2c7c23,2025-10-02,10.0,city
b2c7c23,2025-10-04,35.0,city
b2c7c23,2025-10-05,50.0,city
b2c7c23,2025-10-08,25.0,city
b2c7c23,2025-10-10,22.0,city
b2c7c23,2025-10-13,20.0,city
b2c7c23,2025-10-14,10.0,city
b2c7c23,2025-10-14,100.0,city
b2c7c23,2025-10-15,35.0,city
b2c7c23,2025-10-15,25.0,city
b2c7c23,2025-10-20,25.0,city
b2c7c23,2025-10-27,10.0,city
b2c7c23,2025-10-28,25.0,city
b2c7c23,2025-10-29,20.0,city
b2c7c23,2025-10-30,35.0,city
b2c7c23,2025-10-30,25.0,city
b2c7c23,2025-11-01,20.0,city
b2c7c23,2025-11-02,10.0,city
b2c7c23,2025-11-04,35.0,city
b2c7c23,2025-11-05,50.0,city
b2c7c23,2025-11-08,25.0,city
b2c7c23,2025-11-10,22.0,city
b2c7c23,2025-11-13,20.0,city
b2c7c23,2025-11-14,10.0,city
b2c7c23,2025-11-14,100.0,city
b2c7c23,2025-11-15,35.0,city
b2c7c23,2025-11-15,25.0,city
b2c7c23,2025-11-20,25.0,city
b2c7c23,2025-11-27,10.0,city
b2c7c23,2025-11-28,25.0,city
b2c7c23,2025-11-29,20.0,city
b2c7c23,2025-11-30,35.0,city
b2c7c23,2025-11-30,25.0,city
b2c7c23,2025-12-01,20.0,city
b2c7c23,2025-12-02,10.0,city
b2c7c23,2025-12-04,35.0,city
b2c7c23,2025-12-05,50.0,city
b2c7c23,2025-12-08,25.0,city
b2c7c23,2025-12-10,22.0,city
b2c7c23,2025-12-13,20.0,city
b2c7c23,2025-12-14,10.0,city
b2c7c23,2025-12-15,35.0,city
b2c7c23,2025-12-15,25.0,city
b2c7c23,2025-12-20,25.0,city
b2c7c23,2025-12-27,10.0,city
b2c7c23,2025-12-28,25.0,city
b2c7c23,2025-12-29,20.0,city
b2c7c23,2025-12-30,35.0,city
b2c7c23,2026-01-01,20.0,city
b2c7c23,2026-01-04,35.0,city
b2c7c23,2026-01-04,10.0,city
b2c7c23,2026-01-05,50.0,city
b2c7c23,2026-01-08,25.0,city
b2c7c23,2026-01-10,22.0,city
b2c7c23,2026-01-13,20.0,city
b2c7c23,2026-01-14,10.0,city
b2c7c23,2026-01-15,35.0,city
b2c7c23,2026-01-15,25.0,city
b2c7c23,2026-01-20,25.0,city
b2c7c23,2026-01-20,10.0,city
b2c7c23,2026-01-27,10.0,city
b2c7c23,2026-01-28,25.0,city
b2c7c23,2026-01-29,20.0,city
b2c7c23,2026-01-30,35.0,city
b2c7c23,2026-01-30,10.0,city
b2c7c23,2026-02-01,20.0,city
b2c7c23,2026-02-02,10.0,city
b2c7c23,2026-02-04,35.0,city
b2c7c23,2026-02-05,50.0,city
b2c7c23,2026-02-08,25.0,city
b2c7c23,2026-02-10,22.0,city
b2c7c23,2026-02-13,20.0,city
b2c7c23,2026-02-14,10.0,city
b2c7c23,2026-02-15,35.0,city
b2c7c23,2026-02-15,25.0,city
b2c7c23,2026-02-20,25.0,city
b2c7c23,2026-02-20,10.0,city
b2c7c23,2026-02-27,10.0,city
b2c7c23,2026-02-28,35.0,city
b2c7c23,2026-02-28,20.0,city
b2c7c23,2026-02-28,10.0,city
b2c7c23,2026-02-28,25.0,city
b2c7c23,2026-03-01,20.0,city
b2c7c23,2026-03-02,10.0,city
b2c7c23,2026-03-04,35.0,city
b2c7c23,2026-03-05,50.0,city
b2c7c23,2026-03-08,25.0,city
b2c7c23,2026-03-10,22.0,city
b2c7c23,2026-03-13,20.0,city
b2c7c23,2026-03-14,10.0,city
b2c7c23,2026-03-15,35.0,city
b2c7c23,2026-03-20,25.0,city
b2c7c23,2026-03-20,10.0,city
b2c7c23,2026-03-27,10.0,city
b2c7c23,2026-03-28,25.0,city
b2c7c23,2026-03-29,20.0,city
b2c7c23,2026-03-30,10.0,city
b2c7c23,2026-04-01,20.0,city
b2c7c23,2026-04-02,10.0,city
b2c7c23,2026-04-04,35.0,city
b2c7c23,2026-04-05,50.0,city
b2c7c23,2026-04-06,5.0,city
b2c7c23,2026-04-08,25.0,city
b2c7c23,2026-04-10,22.0,city
b2c7c23,2026-04-13,20.0,city
b2c7c23,2026-04-14,10.0,city
b2c7c23,2026-04-15,35.0,city
b2c7c23,2026-04-20,25.0,city
b2c7c23,2026-04-20,10.0,city
b2c7c23,2026-04-27,10.0,city
b2c7c23,2026-04-28,25.0,city
b2c7c23,2026-04-29,20.0,city
b2c7c23,2026-04-30,10.0,city
b2c7c23,2026-05-01,20.0,city
b2c7c23,2026-05-02,10.0,city
b2c7c23,2026-05-04,35.0,city
b2c7c23,2026-05-05,50.0,city
b2c7c23,2026-05-06,5.0,city
b2c7c23,2026-05-10,22.0,city
b2c7c23,2026-05-13,20.0,city
b2c7c23,2026-05-14,10.0,city
b2c7c23,2026-05-15,35.0,city
b2c7c23,2026-05-20,25.0,city
b2c7c23,2026-05-20,10.0,city
b2c7c23,2026-05-27,10.0,city
b2c7c23,2026-05-28,25.0,city
b2c7c23,2026-05-29,20.0,city
b2c7c23,2026-05-30,10.0,city
b2c7c23,2026-06-01,20.0,city
b2c7c23,2026-06-02,10.0,city
b2c7c23,2026-06-04,35.0,city
b2c7c23,2026-06-05,50.0,city
b2c7c23,2026-06-06,5.0,city
b2c7c23,2026-06-10,22.0,city
b2c7c23,2026-06-13,20.0,city
b2c7c23,2026-06-15,35.0,city
b2c7c23,2026-06-20,25.0,city
b2c7c23,2026-06-20,10.0,city
b2c7c23,2026-06-27,10.0,city
b2c7c23,2026-06-29,20.0,city
b2c7c23,2026-06-30,10.0,city
b30be76,2026-05-16,250.0,city
b30be76,2026-06-19,250.0,city
b30be76,2026-06-26,18.0,both
b378582,2025-10-24,5.0,city
b378582,2025-11-24,5.0,city
b378582,2025-12-24,5.0,city
b378582,2026-01-24,5.0,city
b378582,2026-02-24,5.0,city
b378582,2026-03-03,3500.0,city
b378582,2026-03-09,1045.46,city
b378582,2026-03-24,5.0,city
b378582,2026-03-30,416.67,city
b378582,2026-03-30,3500.0,city
b378582,2026-03-30,1666.67,city
b378582,2026-04-24,5.0,city
b378582,2026-04-30,100.0,city
b378582,2026-05-05,250.0,city
b378582,2026-05-06,3500.0,city
b378582,2026-05-11,3500.0,city
b378582,2026-05-11,1000.0,city
b378582,2026-05-11,1000.0,city
b378582,2026-05-24,5.0,city
b378582,2026-06-22,1000.0,city
b378582,2026-06-24,5.0,city
b77e38d,2025-12-31,250.0,ucb
b89224c,2026-06-19,200.0,city
b89224c,2026-06-20,200.0,city
b909d43,2025-08-21,3500.0,city
b909d43,2026-01-27,500.0,city
b909d43,2026-05-13,500.0,city
ba1772e,2025-10-21,500.0,city
ba1772e,2025-10-22,500.0,city
ba1772e,2025-11-19,3000.0,city
ba1772e,2025-11-19,3500.0,city
ba1772e,2025-11-20,3500.0,city
ba1772e,2025-11-20,3500.0,city
ba1772e,2025-11-20,1000.0,city
ba1772e,2025-12-02,500.0,city
ba1772e,2025-12-07,250.0,ucb
ba1772e,2025-12-29,600.0,ucb
ba25411,2025-12-31,500.0,city
bbdae45,2026-03-25,250.0,city
bbdae45,2026-05-22,250.0,city
bbdae45,2026-06-10,10.0,city
bc4cba1,2025-11-10,1000.0,city
bc4cba1,2025-12-17,250.0,city
bc4cba1,2026-01-19,3500.0,city
bc4cba1,2026-01-20,150.0,city
bc4cba1,2026-01-21,250.0,city
bc4cba1,2026-02-07,75.0,city
bc4cba1,2026-02-07,500.0,city
bc4cba1,2026-03-01,250.0,ucb
bc4cba1,2026-03-18,500.0,city
bc4cba1,2026-03-30,500.0,city
bc4cba1,2026-04-10,100.0,city
bc4cba1,2026-04-26,250.0,city
bc4cba1,2026-05-27,150.0,city
bd0713d,2025-10-20,3500.0,both
bd0713d,2025-10-20,3500.0,both
bd0713d,2025-10-20,3500.0,city
bd0713d,2025-10-20,3500.0,city
bd0713d,2025-10-20,2500.0,city
bd0713d,2025-10-20,1000.0,city
bd0713d,2025-10-20,3500.0,city
bd0713d,2025-10-20,3500.0,city
bd0713d,2025-10-20,3500.0,city
bd0713d,2025-10-20,2500.0,city
bd0713d,2025-10-20,1000.0,city
bd0713d,2025-10-20,3500.0,city
bd0713d,2025-10-20,3500.0,city
bd0713d,2025-10-20,3500.0,city
bd0713d,2025-10-20,3500.0,city
bd0713d,2025-10-20,3500.0,city
bd0713d,2025-10-20,3500.0,city
bd0713d,2025-10-20,3500.0,city
bd0713d,2025-10-20,3500.0,city
bd0713d,2025-10-20,3500.0,city
bd0713d,2025-10-20,3500.0,city
bd0713d,2025-10-20,3500.0,city
bd0713d,2025-10-20,2500.0,city
bd0713d,2025-10-20,3500.0,city
bd0713d,2025-10-20,3500.0,city
bd0713d,2025-10-20,3500.0,city
bd0713d,2025-10-20,3500.0,city
bd0713d,2025-10-20,1000.0,city
bd0713d,2025-10-20,1200.0,city
bd0713d,2025-10-20,3500.0,city
bd0713d,2025-10-20,3500.0,city
bd0713d,2025-10-20,3500.0,city
bd0713d,2025-10-20,3500.0,city
bd0713d,2025-10-20,3500.0,city
bd0713d,2025-10-20,3500.0,city
bd0713d,2025-10-20,3500.0,city
bd0713d,2025-10-20,1000.0,city
bd0713d,2025-10-20,3500.0,city
bd0713d,2025-10-20,3000.0,city
bd0713d,2025-10-20,500.0,city
bd0713d,2025-10-20,3500.0,city
bd0713d,2025-10-20,3500.0,city
bd0713d,2025-10-20,3500.0,city
bd0713d,2025-10-20,3500.0,city
bd0713d,2025-10-20,3500.0,city
bd0713d,2025-10-20,3500.0,city
bd0713d,2025-10-20,3500.0,city
bd0713d,2025-10-20,3500.0,city
bd0713d,2025-10-20,3500.0,city
bd0713d,2025-10-20,3500.0,city
bd0713d,2025-10-20,3500.0,city
bd0713d,2025-10-20,3500.0,city
bd0713d,2025-10-20,3500.0,city
bd0713d,2025-10-20,3500.0,city
bd0713d,2025-10-20,3500.0,city
bd0713d,2025-10-20,3500.0,city
bd0713d,2025-10-20,3500.0,city
bd0713d,2025-10-20,3500.0,city
bd0713d,2025-10-20,3500.0,city
bd0713d,2025-10-20,3500.0,city
bd0713d,2025-10-20,3500.0,city
bd0713d,2025-10-20,3500.0,city
bd0713d,2025-10-20,3500.0,city
bd0713d,2025-10-20,3440.0,city
bd0713d,2025-10-20,3500.0,city
bd0713d,2025-10-20,3500.0,city
bd0713d,2025-10-20,3500.0,city
bd0713d,2025-10-20,3500.0,city
bd0713d,2025-10-20,2500.0,city
bd0713d,2025-10-20,3500.0,city
bd0713d,2025-10-20,3500.0,city
bd0713d,2025-10-20,2500.0,city
bd0713d,2025-10-20,750.0,city
bd0713d,2025-10-20,3500.0,city
bd0713d,2025-10-20,3500.0,city
bd0713d,2025-10-20,2500.0,city
bd0713d,2025-10-20,3500.0,city
bd0713d,2025-10-20,3500.0,city
bd0713d,2025-10-20,3500.0,city
bd0713d,2025-10-20,3500.0,city
bd0713d,2025-10-20,3500.0,city
bd0713d,2025-10-20,3500.0,city
bd0713d,2025-10-20,1000.0,city
bd0713d,2025-10-20,3500.0,city
bd0713d,2025-10-20,3500.0,city
bd0713d,2025-10-20,3500.0,city
bd0713d,2025-10-20,3500.0,city
bd0713d,2025-10-20,3500.0,city
bd0713d,2025-10-20,3500.0,city
bd0713d,2025-10-20,3500.0,city
bd0713d,2025-10-20,3500.0,city
bd0713d,2025-10-20,3500.0,city
bd0713d,2025-10-20,3500.0,city
bd0713d,2025-10-20,3500.0,city
bd0713d,2025-10-20,3500.0,city
bd0713d,2025-10-20,3300.0,city
bd0713d,2025-10-20,3500.0,city
bd0713d,2025-10-20,3500.0,city
bd0713d,2025-10-20,3500.0,city
bd0713d,2025-10-20,3500.0,city
bd0713d,2025-10-20,3500.0,city
bd0713d,2025-10-20,3500.0,city
bd0713d,2025-10-20,500.0,city
bd0713d,2025-10-20,3500.0,city
bd0713d,2025-10-20,3500.0,city
bd0713d,2025-10-20,3500.0,ucb
bd0713d,2025-10-20,3500.0,ucb
bd0713d,2025-10-21,3500.0,city
bd0713d,2025-10-21,1000.0,city
bd0713d,2025-10-21,3500.0,city
bd0713d,2025-10-21,1000.0,city
bd0713d,2025-10-21,250.0,city
bd0713d,2025-10-23,3500.0,city
bd0713d,2025-10-23,1000.0,city
bd0713d,2025-12-16,3500.0,city
bd0713d,2025-12-16,2500.0,city
bd0713d,2025-12-24,373.33,ucb
bd0713d,2025-12-29,3500.0,city
bd0713d,2025-12-29,3500.0,city
bd0713d,2025-12-31,500.0,city
bd0713d,2025-12-31,3500.0,city
bd0713d,2025-12-31,3500.0,city
bd0713d,2025-12-31,500.0,city
bd0713d,2025-12-31,50.0,city
bd0713d,2026-01-08,3500.0,city
bd0713d,2026-01-24,100.0,city
bd0713d,2026-01-29,250.0,city
bd0713d,2026-02-28,500.0,city
bd0713d,2026-03-31,3500.0,city
bd0713d,2026-03-31,3500.0,city
bd0713d,2026-04-22,3500.0,city
bd0713d,2026-04-27,800.0,city
bd0713d,2026-05-04,1000.0,city
bd0713d,2026-05-04,2500.0,city
bd0713d,2026-05-10,3500.0,city
bd0713d,2026-05-10,500.0,city
bd0713d,2026-05-12,1000.0,city
bd0713d,2026-05-13,3450.0,city
bd0713d,2026-05-13,50.0,city
bd0713d,2026-05-15,500.0,city
bd0713d,2026-05-26,500.0,city
bd0713d,2026-06-03,3000.0,city
bd0713d,2026-06-03,500.0,city
bd0713d,2026-06-13,3500.0,city
bd0713d,2026-06-15,250.0,city
bd0713d,2026-06-16,500.0,city
bd0713d,2026-06-16,15.0,city
bd0713d,2026-06-16,3500.0,city
bd0713d,2026-06-16,1000.0,city
bd0713d,2026-06-21,500.0,city
bd0713d,2026-06-22,250.0,city
bd3d6fe,2025-09-07,500.0,city
bd3d6fe,2025-09-07,250.0,city
bd3d6fe,2025-09-30,250.0,city
bd3d6fe,2025-10-07,25.0,city
bd3d6fe,2025-11-07,25.0,city
bd3d6fe,2025-12-07,25.0,city
bd3d6fe,2026-01-07,25.0,city
bd3d6fe,2026-02-03,250.0,city
bd3d6fe,2026-02-07,25.0,city
bd3d6fe,2026-03-07,25.0,city
bd3d6fe,2026-04-07,25.0,city
bd3d6fe,2026-05-07,25.0,city
bd3d6fe,2026-06-07,25.0,city
bf5a3b1,2025-08-01,40.0,both
bf5a3b1,2025-08-09,18.0,both
bf5a3b1,2025-08-17,10.0,city
bf5a3b1,2025-08-23,20.0,city
bf5a3b1,2025-08-24,10.0,city
bf5a3b1,2025-08-26,3.6,both
bf5a3b1,2025-08-27,72.0,both
bf5a3b1,2025-09-01,40.0,both
bf5a3b1,2025-09-06,25.0,city
bf5a3b1,2025-09-09,18.0,both
bf5a3b1,2025-09-09,50.0,city
bf5a3b1,2025-09-18,50.0,city
bf5a3b1,2025-09-26,3.6,both
bf5a3b1,2025-09-27,72.0,both
bf5a3b1,2025-10-01,40.0,both
bf5a3b1,2025-10-01,100.0,both
bf5a3b1,2025-10-06,25.0,city
bf5a3b1,2025-10-09,18.0,both
bf5a3b1,2025-10-15,10.0,city
bf5a3b1,2025-10-20,50.0,city
bf5a3b1,2025-10-21,50.0,city
bf5a3b1,2025-10-26,3.6,both
bf5a3b1,2025-10-28,5.0,city
bf5a3b1,2025-10-30,16.66,city
bf5a3b1,2025-10-31,50.0,city
bf5a3b1,2025-11-01,40.0,both
bf5a3b1,2025-11-04,1000.0,city
bf5a3b1,2025-11-06,25.0,city
bf5a3b1,2025-11-08,10.0,city
bf5a3b1,2025-11-09,18.0,both
bf5a3b1,2025-11-15,1000.0,city
bf5a3b1,2025-11-16,500.0,city
bf5a3b1,2025-11-16,50.0,city
bf5a3b1,2025-11-16,50.0,city
bf5a3b1,2025-11-19,10.0,city
bf5a3b1,2025-11-23,50.0,city
bf5a3b1,2025-11-23,100.0,city
bf5a3b1,2025-11-26,3.6,both
bf5a3b1,2025-11-27,72.0,both
bf5a3b1,2025-11-30,50.0,city
bf5a3b1,2025-11-30,16.66,city
bf5a3b1,2025-11-30,50.0,city
bf5a3b1,2025-11-30,10.0,city
bf5a3b1,2025-12-01,40.0,both
bf5a3b1,2025-12-03,5.0,city
bf5a3b1,2025-12-04,75.0,city
bf5a3b1,2025-12-04,10.0,city
bf5a3b1,2025-12-06,100.0,city
bf5a3b1,2025-12-06,25.0,city
bf5a3b1,2025-12-09,18.0,both
bf5a3b1,2025-12-12,50.0,city
bf5a3b1,2025-12-15,15.0,city
bf5a3b1,2025-12-26,3.6,both
bf5a3b1,2025-12-27,72.0,both
bf5a3b1,2025-12-29,250.0,city
bf5a3b1,2025-12-30,50.0,city
bf5a3b1,2025-12-30,16.66,city
bf5a3b1,2026-01-01,40.0,both
bf5a3b1,2026-01-03,10.0,city
bf5a3b1,2026-01-06,25.0,city
bf5a3b1,2026-01-08,20.0,city
bf5a3b1,2026-01-09,18.0,both
bf5a3b1,2026-01-09,200.0,city
bf5a3b1,2026-01-11,50.0,city
bf5a3b1,2026-01-15,250.0,city
bf5a3b1,2026-01-17,25.0,city
bf5a3b1,2026-01-22,25.0,city
bf5a3b1,2026-01-22,50.0,city
bf5a3b1,2026-01-25,16.67,city
bf5a3b1,2026-01-26,3.6,both
bf5a3b1,2026-01-27,72.0,both
bf5a3b1,2026-01-28,270.0,city
bf5a3b1,2026-01-28,100.0,city
bf5a3b1,2026-01-29,50.0,city
bf5a3b1,2026-01-30,16.66,city
bf5a3b1,2026-02-01,40.0,both
bf5a3b1,2026-02-01,38.0,city
bf5a3b1,2026-02-03,10.0,city
bf5a3b1,2026-02-06,25.0,city
bf5a3b1,2026-02-08,20.0,city
bf5a3b1,2026-02-09,18.0,both
bf5a3b1,2026-02-22,25.0,city
bf5a3b1,2026-02-25,200.0,city
bf5a3b1,2026-02-25,50.0,city
bf5a3b1,2026-02-26,3.6,both
bf5a3b1,2026-02-27,72.0,both
bf5a3b1,2026-02-28,16.66,city
bf5a3b1,2026-03-01,40.0,both
bf5a3b1,2026-03-02,100.0,city
bf5a3b1,2026-03-03,10.0,city
bf5a3b1,2026-03-06,25.0,city
bf5a3b1,2026-03-08,20.0,city
bf5a3b1,2026-03-09,18.0,both
bf5a3b1,2026-03-22,25.0,city
bf5a3b1,2026-03-26,3.6,both
bf5a3b1,2026-03-26,30.0,city
bf5a3b1,2026-03-27,72.0,both
bf5a3b1,2026-03-30,16.66,city
bf5a3b1,2026-04-01,40.0,both
bf5a3b1,2026-04-02,10.0,city
bf5a3b1,2026-04-02,100.0,city
bf5a3b1,2026-04-02,50.0,city
bf5a3b1,2026-04-03,10.0,city
bf5a3b1,2026-04-03,25.0,city
bf5a3b1,2026-04-06,25.0,city
bf5a3b1,2026-04-08,20.0,city
bf5a3b1,2026-04-09,18.0,both
bf5a3b1,2026-04-09,20.0,city
bf5a3b1,2026-04-11,100.0,city
bf5a3b1,2026-04-15,25.0,city
bf5a3b1,2026-04-17,5.0,city
bf5a3b1,2026-04-17,10.0,city
bf5a3b1,2026-04-18,200.0,city
bf5a3b1,2026-04-22,25.0,city
bf5a3b1,2026-04-26,3.6,both
bf5a3b1,2026-04-30,25.0,city
bf5a3b1,2026-04-30,16.66,city
bf5a3b1,2026-05-01,40.0,both
bf5a3b1,2026-05-02,10.0,city
bf5a3b1,2026-05-02,50.0,city
bf5a3b1,2026-05-03,10.0,city
bf5a3b1,2026-05-03,25.0,city
bf5a3b1,2026-05-03,25.0,city
bf5a3b1,2026-05-05,50.0,city
bf5a3b1,2026-05-06,25.0,city
bf5a3b1,2026-05-07,100.0,city
bf5a3b1,2026-05-07,50.0,city
bf5a3b1,2026-05-08,20.0,city
bf5a3b1,2026-05-09,18.0,both
bf5a3b1,2026-05-09,20.0,city
bf5a3b1,2026-05-15,25.0,city
bf5a3b1,2026-05-20,50.0,city
bf5a3b1,2026-05-22,10.0,city
bf5a3b1,2026-05-22,25.0,city
bf5a3b1,2026-05-23,25.0,city
bf5a3b1,2026-05-26,3.6,both
bf5a3b1,2026-05-27,72.0,both
bf5a3b1,2026-05-30,16.66,city
bf5a3b1,2026-05-31,25.0,city
bf5a3b1,2026-05-31,25.0,city
bf5a3b1,2026-06-01,50.0,both
bf5a3b1,2026-06-02,10.0,city
bf5a3b1,2026-06-02,50.0,city
bf5a3b1,2026-06-03,20.0,city
bf5a3b1,2026-06-03,10.0,city
bf5a3b1,2026-06-03,25.0,city
bf5a3b1,2026-06-05,50.0,city
bf5a3b1,2026-06-06,25.0,city
bf5a3b1,2026-06-08,20.0,city
bf5a3b1,2026-06-09,18.0,both
bf5a3b1,2026-06-09,20.0,city
bf5a3b1,2026-06-10,15.0,city
bf5a3b1,2026-06-14,20.0,city
bf5a3b1,2026-06-14,100.0,city
bf5a3b1,2026-06-21,50.0,city
bf5a3b1,2026-06-22,10.0,city
bf5a3b1,2026-06-22,25.0,city
bf5a3b1,2026-06-26,3.6,both
bf5a3b1,2026-06-27,72.0,both
bf5a3b1,2026-06-29,20.0,city
bf5a3b1,2026-06-30,25.0,city
bf5a3b1,2026-06-30,16.66,city
bf986e7,2025-08-08,10.0,ucb
bf986e7,2025-08-10,10.0,both
bf986e7,2025-08-13,3.0,city
bf986e7,2025-08-13,10.0,city
bf986e7,2025-08-14,25.0,city
bf986e7,2025-08-15,50.0,city
bf986e7,2025-08-15,50.0,city
bf986e7,2025-08-16,50.0,city
bf986e7,2025-08-18,35.0,city
bf986e7,2025-08-20,2.5,city
bf986e7,2025-08-21,20.0,city
bf986e7,2025-08-22,3.0,city
bf986e7,2025-08-26,50.0,city
bf986e7,2025-08-27,25.0,city
bf986e7,2025-08-28,10.0,city
bf986e7,2025-08-28,10.0,city
bf986e7,2025-08-29,5.0,city
bf986e7,2025-08-30,10.0,city
bf986e7,2025-08-31,6.0,city
bf986e7,2025-09-03,7.0,city
bf986e7,2025-09-07,3.0,city
bf986e7,2025-09-08,10.0,ucb
bf986e7,2025-09-10,10.0,both
bf986e7,2025-09-13,3.0,city
bf986e7,2025-09-18,35.0,city
bf986e7,2025-09-19,5.0,city
bf986e7,2025-09-21,50.0,city
bf986e7,2025-09-21,250.0,city
bf986e7,2025-09-23,5.0,city
bf986e7,2025-09-27,25.0,city
bf986e7,2025-09-28,10.0,city
bf986e7,2025-09-28,10.0,city
bf986e7,2025-09-29,5.0,city
bf986e7,2025-09-30,10.0,city
bf986e7,2025-09-30,10.0,city
bf986e7,2025-09-30,5.0,city
bf986e7,2025-10-03,40.0,city
bf986e7,2025-10-03,7.0,city
bf986e7,2025-10-03,3.0,city
bf986e7,2025-10-08,10.0,ucb
bf986e7,2025-10-10,10.0,both
bf986e7,2025-10-10,25.0,city
bf986e7,2025-10-13,3.0,city
bf986e7,2025-10-15,250.0,city
bf986e7,2025-10-15,100.0,city
bf986e7,2025-10-16,125.0,city
bf986e7,2025-10-18,35.0,city
bf986e7,2025-10-24,5.0,city
bf986e7,2025-10-27,25.0,city
bf986e7,2025-10-27,225.0,city
bf986e7,2025-10-28,10.0,city
bf986e7,2025-10-28,10.0,city
bf986e7,2025-10-29,5.0,city
bf986e7,2025-10-30,10.0,city
bf986e7,2025-10-30,3.0,city
bf986e7,2025-10-31,250.0,city
bf986e7,2025-10-31,10.0,city
bf986e7,2025-11-03,7.0,city
bf986e7,2025-11-06,50.0,city
bf986e7,2025-11-08,3.0,city
bf986e7,2025-11-08,10.0,ucb
bf986e7,2025-11-10,10.0,both
bf986e7,2025-11-10,3.0,city
bf986e7,2025-11-13,25.0,city
bf986e7,2025-11-13,3.0,city
bf986e7,2025-11-19,52.0,city
bf986e7,2025-11-20,250.0,city
bf986e7,2025-11-20,100.0,city
bf986e7,2025-11-20,55.0,city
bf986e7,2025-11-20,250.0,city
bf986e7,2025-11-20,250.0,city
bf986e7,2025-11-20,250.0,city
bf986e7,2025-11-21,100.0,city
bf986e7,2025-11-21,250.0,city
bf986e7,2025-11-23,3.0,city
bf986e7,2025-11-24,200.0,city
bf986e7,2025-11-24,100.0,city
bf986e7,2025-11-24,50.0,city
bf986e7,2025-11-24,100.0,city
bf986e7,2025-11-24,50.0,city
bf986e7,2025-11-24,100.0,city
bf986e7,2025-11-24,500.0,city
bf986e7,2025-11-24,250.0,city
bf986e7,2025-11-24,25.0,city
bf986e7,2025-11-24,8.0,ucb
bf986e7,2025-11-25,2.5,city
bf986e7,2025-11-25,100.0,city
bf986e7,2025-11-26,50.0,city
bf986e7,2025-11-27,25.0,city
bf986e7,2025-11-28,10.0,city
bf986e7,2025-11-28,1000.0,city
bf986e7,2025-11-28,10.0,city
bf986e7,2025-11-28,15.0,city
bf986e7,2025-11-29,250.0,city
bf986e7,2025-11-29,5.0,city
bf986e7,2025-11-29,250.0,city
bf986e7,2025-11-30,10.0,city
bf986e7,2025-11-30,25.0,city
bf986e7,2025-12-03,50.0,city
bf986e7,2025-12-03,7.0,city
bf986e7,2025-12-04,250.0,city
bf986e7,2025-12-04,50.0,city
bf986e7,2025-12-04,2.5,city
bf986e7,2025-12-07,12.5,city
bf986e7,2025-12-08,250.0,city
bf986e7,2025-12-08,10.0,ucb
bf986e7,2025-12-09,10.0,city
bf986e7,2025-12-09,52.0,city
bf986e7,2025-12-09,500.0,city
bf986e7,2025-12-10,10.0,both
bf986e7,2025-12-10,2.5,city
bf986e7,2025-12-10,25.0,city
bf986e7,2025-12-10,10.0,city
bf986e7,2025-12-10,10.0,city
bf986e7,2025-12-11,10.0,city
bf986e7,2025-12-12,25.0,city
bf986e7,2025-12-13,25.0,city
bf986e7,2025-12-13,250.0,city
bf986e7,2025-12-13,100.0,city
bf986e7,2025-12-13,3.0,city
bf986e7,2025-12-14,20.0,city
bf986e7,2025-12-14,50.0,city
bf986e7,2025-12-15,250.0,city
bf986e7,2025-12-15,52.0,city
bf986e7,2025-12-15,3.0,city
bf986e7,2025-12-16,5.0,city
bf986e7,2025-12-16,100.0,city
bf986e7,2025-12-16,250.0,city
bf986e7,2025-12-17,25.0,city
bf986e7,2025-12-17,250.0,city
bf986e7,2025-12-18,35.0,city
bf986e7,2025-12-19,100.0,city
bf986e7,2025-12-20,10.0,city
bf986e7,2025-12-22,100.0,city
bf986e7,2025-12-22,10.0,city
bf986e7,2025-12-22,500.0,city
bf986e7,2025-12-27,25.0,city
bf986e7,2025-12-28,15.0,city
bf986e7,2025-12-28,10.0,city
bf986e7,2025-12-28,10.0,city
bf986e7,2025-12-29,10.0,city
bf986e7,2025-12-29,5.0,city
bf986e7,2025-12-29,100.0,city
bf986e7,2025-12-29,12.5,city
bf986e7,2025-12-30,100.0,city
bf986e7,2025-12-30,6.0,city
bf986e7,2025-12-30,10.0,city
bf986e7,2025-12-30,100.0,city
bf986e7,2025-12-31,55.0,city
bf986e7,2025-12-31,150.0,city
bf986e7,2026-01-03,7.0,city
bf986e7,2026-01-05,25.0,city
bf986e7,2026-01-05,100.0,city
bf986e7,2026-01-05,100.0,city
bf986e7,2026-01-05,1000.0,city
bf986e7,2026-01-05,10.0,city
bf986e7,2026-01-05,25.0,city
bf986e7,2026-01-05,500.0,city
bf986e7,2026-01-05,5.0,city
bf986e7,2026-01-05,250.0,city
bf986e7,2026-01-05,100.0,city
bf986e7,2026-01-05,12.5,city
bf986e7,2026-01-05,100.0,city
bf986e7,2026-01-06,2.5,city
bf986e7,2026-01-06,2.5,city
bf986e7,2026-01-06,500.0,city
bf986e7,2026-01-06,12.5,city
bf986e7,2026-01-06,25.0,city
bf986e7,2026-01-06,10.0,ucb
bf986e7,2026-01-07,100.0,city
bf986e7,2026-01-07,125.0,city
bf986e7,2026-01-07,500.0,city
bf986e7,2026-01-07,100.0,city
bf986e7,2026-01-07,50.0,city
bf986e7,2026-01-08,10.0,ucb
bf986e7,2026-01-09,2.5,city
bf986e7,2026-01-10,10.0,both
bf986e7,2026-01-10,10.0,city
bf986e7,2026-01-10,50.0,city
bf986e7,2026-01-11,25.0,city
bf986e7,2026-01-12,250.0,city
bf986e7,2026-01-13,3.0,city
bf986e7,2026-01-13,25.0,city
bf986e7,2026-01-13,25.0,city
bf986e7,2026-01-15,25.0,city
bf986e7,2026-01-15,2.5,city
bf986e7,2026-01-16,50.0,city
bf986e7,2026-01-16,25.0,city
bf986e7,2026-01-17,3.0,city
bf986e7,2026-01-18,35.0,city
bf986e7,2026-01-18,250.0,city
bf986e7,2026-01-19,150.0,city
bf986e7,2026-01-22,50.0,city
bf986e7,2026-01-22,200.0,city
bf986e7,2026-01-22,2.5,city
bf986e7,2026-01-23,250.0,city
bf986e7,2026-01-24,100.0,city
bf986e7,2026-01-24,25.0,city
bf986e7,2026-01-26,100.0,city
bf986e7,2026-01-27,250.0,city
bf986e7,2026-01-27,25.0,city
bf986e7,2026-01-27,1000.0,city
bf986e7,2026-01-27,100.0,ucb
bf986e7,2026-01-28,15.0,city
bf986e7,2026-01-28,10.0,city
bf986e7,2026-01-28,10.0,city
bf986e7,2026-01-29,5.0,city
bf986e7,2026-01-29,25.0,city
bf986e7,2026-01-30,25.0,city
bf986e7,2026-01-30,10.0,city
bf986e7,2026-01-30,50.0,city
bf986e7,2026-01-30,150.0,city
bf986e7,2026-01-30,5.0,city
bf986e7,2026-01-30,4.0,city
bf986e7,2026-01-30,3.0,city
bf986e7,2026-01-30,250.0,city
bf986e7,2026-01-31,5.0,city
bf986e7,2026-01-31,50.0,city
bf986e7,2026-02-03,7.0,city
bf986e7,2026-02-03,200.0,city
bf986e7,2026-02-03,3.0,city
bf986e7,2026-02-06,50.0,city
bf986e7,2026-02-06,250.0,city
bf986e7,2026-02-06,125.0,city
bf986e7,2026-02-07,100.0,city
bf986e7,2026-02-08,100.0,city
bf986e7,2026-02-08,100.0,city
bf986e7,2026-02-08,10.0,ucb
bf986e7,2026-02-09,70.0,city
bf986e7,2026-02-09,5.0,city
bf986e7,2026-02-10,10.0,both
bf986e7,2026-02-10,10.0,city
bf986e7,2026-02-10,500.0,city
bf986e7,2026-02-13,3.0,city
bf986e7,2026-02-13,25.0,city
bf986e7,2026-02-18,100.0,city
bf986e7,2026-02-18,1000.0,city
bf986e7,2026-02-18,35.0,city
bf986e7,2026-02-18,2000.0,ucb
bf986e7,2026-02-19,50.0,city
bf986e7,2026-02-20,100.0,city
bf986e7,2026-02-21,5.0,city
bf986e7,2026-02-22,2.5,city
bf986e7,2026-02-23,5.0,city
bf986e7,2026-02-23,1000.0,city
bf986e7,2026-02-27,225.0,city
bf986e7,2026-02-27,2.5,city
bf986e7,2026-02-27,25.0,city
bf986e7,2026-02-28,10.0,city
bf986e7,2026-02-28,10.0,city
bf986e7,2026-02-28,5.0,city
bf986e7,2026-02-28,5.0,city
bf986e7,2026-02-28,10.0,city
bf986e7,2026-02-28,15.0,city
bf986e7,2026-03-03,7.0,city
bf986e7,2026-03-04,20.0,city
bf986e7,2026-03-05,1.5,city
bf986e7,2026-03-07,100.0,city
bf986e7,2026-03-08,12.5,city
bf986e7,2026-03-08,3.0,city
bf986e7,2026-03-08,10.0,ucb
bf986e7,2026-03-09,15.0,city
bf986e7,2026-03-10,10.0,both
bf986e7,2026-03-10,10.0,city
bf986e7,2026-03-10,250.0,city
bf986e7,2026-03-12,20.0,city
bf986e7,2026-03-13,3.0,city
bf986e7,2026-03-13,25.0,city
bf986e7,2026-03-13,100.0,city
bf986e7,2026-03-13,50.0,city
bf986e7,2026-03-15,1000.0,city
bf986e7,2026-03-16,250.0,city
bf986e7,2026-03-16,45.0,city
bf986e7,2026-03-16,150.0,city
bf986e7,2026-03-18,100.0,city
bf986e7,2026-03-18,35.0,city
bf986e7,2026-03-19,50.0,city
bf986e7,2026-03-21,5.0,city
bf986e7,2026-03-21,50.0,city
bf986e7,2026-03-25,50.0,city
bf986e7,2026-03-26,3.0,city
bf986e7,2026-03-27,200.0,city
bf986e7,2026-03-27,25.0,city
bf986e7,2026-03-28,10.0,city
bf986e7,2026-03-28,15.0,city
bf986e7,2026-03-28,10.0,city
bf986e7,2026-03-29,25.0,city
bf986e7,2026-03-29,100.0,city
bf986e7,2026-03-29,5.0,city
bf986e7,2026-03-29,50.0,ucb
bf986e7,2026-03-30,10.0,city
bf986e7,2026-03-30,50.0,city
bf986e7,2026-03-30,10.0,city
bf986e7,2026-03-30,5.0,city
bf986e7,2026-03-30,12.5,city
bf986e7,2026-03-30,3.0,city
bf986e7,2026-03-31,100.0,city
bf986e7,2026-03-31,100.0,city
bf986e7,2026-03-31,100.0,city
bf986e7,2026-03-31,125.0,city
bf986e7,2026-04-03,50.0,city
bf986e7,2026-04-03,7.0,city
bf986e7,2026-04-05,25.0,city
bf986e7,2026-04-08,10.0,ucb
bf986e7,2026-04-09,4.0,city
bf986e7,2026-04-09,1000.0,city
bf986e7,2026-04-10,10.0,both
bf986e7,2026-04-10,10.0,city
bf986e7,2026-04-12,3.0,city
bf986e7,2026-04-13,25.0,city
bf986e7,2026-04-13,3.0,city
bf986e7,2026-04-13,50.0,city
bf986e7,2026-04-14,100.0,city
bf986e7,2026-04-15,50.0,city
bf986e7,2026-04-18,35.0,city
bf986e7,2026-04-19,50.0,city
bf986e7,2026-04-20,5.0,city
bf986e7,2026-04-20,50.0,city
bf986e7,2026-04-21,5.0,city
bf986e7,2026-04-22,2.5,city
bf986e7,2026-04-24,200.0,city
bf986e7,2026-04-25,250.0,city
bf986e7,2026-04-25,50.0,city
bf986e7,2026-04-25,25.0,city
bf986e7,2026-04-27,25.0,city
bf986e7,2026-04-27,250.0,city
bf986e7,2026-04-27,55.0,city
bf986e7,2026-04-28,10.0,city
bf986e7,2026-04-28,100.0,city
bf986e7,2026-04-28,10.0,city
bf986e7,2026-04-28,15.0,city
bf986e7,2026-04-28,100.0,city
bf986e7,2026-04-29,5.0,city
bf986e7,2026-04-30,10.0,city
bf986e7,2026-04-30,3.0,city
bf986e7,2026-04-30,25.0,city
bf986e7,2026-04-30,5.0,city
bf986e7,2026-04-30,25.0,city
bf986e7,2026-04-30,10.0,city
bf986e7,2026-05-03,7.0,city
bf986e7,2026-05-04,250.0,city
bf986e7,2026-05-05,50.0,city
bf986e7,2026-05-05,35.0,city
bf986e7,2026-05-06,100.0,city
bf986e7,2026-05-07,35.0,city
bf986e7,2026-05-07,3.0,city
bf986e7,2026-05-08,3.0,city
bf986e7,2026-05-08,10.0,ucb
bf986e7,2026-05-10,10.0,city
bf986e7,2026-05-12,100.0,city
bf986e7,2026-05-13,3.0,city
bf986e7,2026-05-13,25.0,city
bf986e7,2026-05-14,50.0,city
bf986e7,2026-05-15,50.0,city
bf986e7,2026-05-15,100.0,city
bf986e7,2026-05-16,3.0,city
bf986e7,2026-05-18,500.0,city
bf986e7,2026-05-18,35.0,city
bf986e7,2026-05-19,50.0,city
bf986e7,2026-05-21,5.0,city
bf986e7,2026-05-25,50.0,city
bf986e7,2026-05-27,3.0,city
bf986e7,2026-05-27,25.0,city
bf986e7,2026-05-28,25.0,city
bf986e7,2026-05-28,10.0,city
bf986e7,2026-05-28,15.0,city
bf986e7,2026-05-28,10.0,city
bf986e7,2026-05-29,5.0,city
bf986e7,2026-05-30,5.0,city
bf986e7,2026-05-30,100.0,city
bf986e7,2026-05-30,10.0,city
bf986e7,2026-05-31,200.0,city
bf986e7,2026-05-31,35.0,city
bf986e7,2026-06-03,150.0,city
bf986e7,2026-06-03,7.0,city
bf986e7,2026-06-05,35.0,city
bf986e7,2026-06-05,500.0,city
bf986e7,2026-06-05,5.0,city
bf986e7,2026-06-07,3.0,city
bf986e7,2026-06-08,10.0,ucb
bf986e7,2026-06-09,100.0,city
bf986e7,2026-06-09,55.0,city
bf986e7,2026-06-10,10.0,city
bf986e7,2026-06-10,50.0,city
bf986e7,2026-06-11,18.0,city
bf986e7,2026-06-12,25.0,city
bf986e7,2026-06-13,25.0,city
bf986e7,2026-06-13,3.0,city
bf986e7,2026-06-15,10.0,city
bf986e7,2026-06-15,100.0,city
bf986e7,2026-06-15,250.0,city
bf986e7,2026-06-18,35.0,city
bf986e7,2026-06-19,50.0,city
bf986e7,2026-06-19,100.0,city
bf986e7,2026-06-21,100.0,city
bf986e7,2026-06-21,5.0,city
bf986e7,2026-06-21,3.0,city
bf986e7,2026-06-25,50.0,city
bf986e7,2026-06-26,35.0,city
bf986e7,2026-06-26,35.0,city
bf986e7,2026-06-26,3.0,city
bf986e7,2026-06-27,188.0,city
bf986e7,2026-06-28,10.0,city
bf986e7,2026-06-28,15.0,city
bf986e7,2026-06-28,25.0,city
bf986e7,2026-06-29,5.0,city
bf986e7,2026-06-30,25.0,both
bf986e7,2026-06-30,25.0,both
bf986e7,2026-06-30,100.0,city
bf986e7,2026-06-30,5.0,city
bf986e7,2026-06-30,10.0,city
bf986e7,2026-06-30,10.0,city
bfcfaf3,2025-10-20,250.0,city
bfcfaf3,2025-10-31,250.0,city
bfcfaf3,2025-12-08,500.0,city
bfcfaf3,2025-12-11,250.0,city
bfcfaf3,2026-02-27,37.0,city
bfcfaf3,2026-03-01,50.0,city
bfcfaf3,2026-03-02,2500.0,city
bfcfaf3,2026-03-06,300.0,city
bfcfaf3,2026-03-08,50.0,city
bfcfaf3,2026-03-12,500.0,city
bfcfaf3,2026-03-12,500.0,city
bfcfaf3,2026-03-12,500.0,city
bfcfaf3,2026-03-15,50.0,city
bfcfaf3,2026-03-27,37.0,city
bfcfaf3,2026-04-27,37.0,city
bfcfaf3,2026-05-21,200.0,city
bfcfaf3,2026-05-27,37.0,city
bfcfaf3,2026-06-27,37.0,city
bfd0453,2025-09-17,100.0,ucb
bfd0453,2025-09-27,1000.0,ucb
c04eaf7,2025-09-12,250.0,city
c0dfb97,2025-08-12,10.0,city
c0dfb97,2025-08-14,50.0,city
c0dfb97,2025-08-26,5.0,city
c0dfb97,2025-08-31,25.0,city
c0dfb97,2025-09-01,5.0,city
c0dfb97,2025-09-07,25.0,city
c0dfb97,2025-09-07,10.0,city
c0dfb97,2025-09-12,10.0,city
c0dfb97,2025-09-14,50.0,city
c0dfb97,2025-09-30,25.0,city
c0dfb97,2025-10-07,25.0,city
c0dfb97,2025-10-07,10.0,city
c0dfb97,2025-10-14,500.0,city
c0dfb97,2025-10-31,25.0,city
c0dfb97,2025-11-07,25.0,city
c0dfb97,2025-11-30,25.0,city
c0dfb97,2025-12-07,25.0,city
c0dfb97,2025-12-31,25.0,city
c0dfb97,2026-01-07,25.0,city
c0dfb97,2026-01-31,25.0,city
c0dfb97,2026-02-07,25.0,city
c0dfb97,2026-02-18,100.0,city
c0dfb97,2026-02-22,125.0,city
c0dfb97,2026-02-28,25.0,city
c0dfb97,2026-03-07,25.0,city
c0dfb97,2026-03-31,25.0,city
c0dfb97,2026-04-07,25.0,city
c0dfb97,2026-04-30,25.0,city
c0dfb97,2026-05-01,1000.0,city
c0dfb97,2026-05-07,25.0,city
c0dfb97,2026-05-31,25.0,city
c0dfb97,2026-06-07,25.0,city
c0dfb97,2026-06-30,25.0,city
c30f786,2025-08-18,200.0,city
c30f786,2025-08-19,100.0,city
c30f786,2025-08-20,100.0,city
c30f786,2025-08-20,100.0,city
c30f786,2025-08-26,250.0,city
c30f786,2025-09-02,200.0,city
c30f786,2025-09-25,250.0,city
c30f786,2025-09-27,100.0,city
c30f786,2025-10-12,250.0,city
c30f786,2025-10-31,500.0,city
c30f786,2025-11-02,100.0,city
c35a6dd,2026-03-26,500.0,city
c36ca50,2025-09-22,3300.0,city
c3d0b05,2025-11-11,3500.0,city
c3d0b05,2026-03-01,500.0,city
c545033,2025-08-23,3500.0,city
c545033,2025-08-26,250.0,city
c545033,2025-11-08,200.0,city
c545033,2026-01-26,125.0,city
c545033,2026-02-04,20.0,city
c545033,2026-02-07,333.33,city
c545033,2026-02-17,150.0,city
c545033,2026-03-10,500.0,city
c545033,2026-04-06,100.0,city
c545033,2026-04-12,250.0,ucb
c545033,2026-05-03,250.0,city
c545033,2026-05-21,500.0,city
c545033,2026-06-04,277.77,city
c545033,2026-06-04,277.77,city
c545033,2026-06-09,1111.11,city
c6fc58e,2025-12-03,3500.0,city
cbb4363,2026-03-09,250.0,city
cbb4363,2026-05-05,250.0,city
cbb4363,2026-06-11,125.0,city
cc7bf77,2026-04-12,250.0,ucb
cc7bf77,2026-05-05,3500.0,city
cc7bf77,2026-05-12,3500.0,city
cc7bf77,2026-05-12,1000.0,city
cc7bf77,2026-05-12,1000.0,city
cc7bf77,2026-06-12,2000.0,city
ce0f218,2025-08-31,250.0,city
ce0f218,2025-09-16,500.0,city
ce0f218,2025-11-07,2000.0,city
ce0f218,2025-11-11,666.67,city
ce0f218,2025-11-12,1000.0,city
ce0f218,2025-11-13,1666.67,city
ce0f218,2025-11-15,3500.0,city
ce0f218,2025-12-08,100.0,city
ce0f218,2025-12-08,166.67,city
ce0f218,2025-12-17,83.33,city
ce0f218,2026-01-08,3500.0,city
ce0f218,2026-01-14,200.0,city
ce0f218,2026-01-25,500.0,city
ce0f218,2026-02-09,833.34,ucb
ce0f218,2026-02-27,100.0,city
ce0f218,2026-03-14,500.0,city
ce0f218,2026-04-10,200.0,city
ce0f218,2026-04-24,125.0,city
ce0f218,2026-04-24,50.0,city
ce0f218,2026-05-02,100.0,city
ce0f218,2026-05-21,500.0,city
ce0f218,2026-05-29,500.0,city
ce0f218,2026-06-04,250.0,city
cedad96,2026-01-15,2500.0,city
cedad96,2026-01-17,250.0,city
cedad96,2026-01-17,250.0,city
cedad96,2026-03-15,500.0,city
cedad96,2026-03-19,250.0,city
cedad96,2026-04-29,3500.0,city
d0466ae,2026-03-07,250.0,city
d062e89,2025-09-08,15.0,city
d062e89,2025-09-09,25.0,city
d062e89,2025-09-30,50.0,city
d062e89,2025-10-08,15.0,city
d062e89,2025-10-09,25.0,city
d062e89,2025-10-30,25.0,city
d062e89,2025-11-08,15.0,city
d062e89,2025-11-09,25.0,city
d062e89,2025-11-30,25.0,city
d062e89,2025-12-08,15.0,city
d062e89,2025-12-09,25.0,city
d062e89,2025-12-30,25.0,city
d062e89,2026-01-08,15.0,city
d062e89,2026-01-09,25.0,city
d062e89,2026-01-30,25.0,city
d062e89,2026-02-08,15.0,city
d062e89,2026-02-28,25.0,city
d062e89,2026-03-08,15.0,city
d062e89,2026-03-30,25.0,city
d062e89,2026-04-08,15.0,city
d062e89,2026-04-29,50.0,city
d062e89,2026-04-30,25.0,city
d062e89,2026-05-08,15.0,city
d062e89,2026-05-12,50.0,city
d062e89,2026-05-30,25.0,city
d062e89,2026-06-08,15.0,city
d062e89,2026-06-30,25.0,city
d095c90,2025-09-07,500.0,city
d095c90,2025-09-07,250.0,city
d095c90,2025-10-07,25.0,city
d095c90,2025-11-07,25.0,city
d095c90,2025-12-07,25.0,city
d095c90,2026-01-07,25.0,city
d095c90,2026-02-07,25.0,city
d095c90,2026-02-20,250.0,city
d095c90,2026-03-07,25.0,city
d095c90,2026-04-04,100.0,city
d095c90,2026-04-07,25.0,city
d095c90,2026-05-07,25.0,city
d0d5565,2025-10-20,125.0,city
d0d5565,2025-10-27,25.0,city
d0d5565,2025-11-27,25.0,city
d0d5565,2025-12-08,125.0,city
d0d5565,2025-12-08,3500.0,city
d0d5565,2025-12-27,25.0,city
d0d5565,2026-01-13,150.0,city
d0d5565,2026-01-17,500.0,city
d0d5565,2026-01-27,25.0,city
d0d5565,2026-02-19,50.0,city
d0d5565,2026-02-27,25.0,city
d0d5565,2026-03-01,100.0,city
d0d5565,2026-03-01,100.0,city
d0d5565,2026-03-03,100.0,city
d0d5565,2026-03-06,50.0,city
d0d5565,2026-03-14,50.0,city
d0d5565,2026-03-17,500.0,city
d0d5565,2026-03-18,250.0,city
d0d5565,2026-03-27,25.0,city
d0d5565,2026-03-28,125.0,city
d0d5565,2026-04-12,200.0,city
d0d5565,2026-04-13,25.0,city
d0d5565,2026-04-27,25.0,city
d0d5565,2026-04-28,250.0,city
d0d5565,2026-05-13,25.0,city
d0d5565,2026-05-27,25.0,city
d0d5565,2026-06-10,1000.0,ucb
d0d5565,2026-06-13,25.0,city
d0d5565,2026-06-14,150.0,city
d0d5565,2026-06-19,100.0,city
d0d5565,2026-06-21,100.0,city
d0d5565,2026-06-25,100.0,city
d0d5565,2026-06-27,25.0,city
d0d5565,2026-06-29,100.0,city
d12e142,2025-11-20,250.0,city
d12e142,2025-11-21,100.0,city
d12e142,2025-11-25,250.0,city
d12e142,2025-12-05,250.0,city
d12e142,2025-12-25,500.0,city
d12e142,2025-12-29,100.0,city
d12e142,2026-01-22,100.0,city
d12e142,2026-02-13,700.0,city
d12e142,2026-02-20,100.0,city
d12e142,2026-03-01,250.0,city
d12e142,2026-04-22,1000.0,city
d12e142,2026-04-26,100.0,city
d152069,2025-08-17,35.0,city
d152069,2025-09-17,35.0,city
d152069,2025-09-17,25.0,ucb
d152069,2025-10-08,50.0,city
d152069,2025-10-08,25.0,ucb
d152069,2025-10-17,35.0,city
d152069,2025-10-17,25.0,ucb
d152069,2025-10-25,100.0,city
d152069,2025-11-01,25.0,city
d152069,2025-11-17,35.0,city
d152069,2025-11-23,250.0,city
d152069,2025-12-01,25.0,city
d152069,2025-12-11,20.0,city
d152069,2025-12-13,30.0,city
d152069,2025-12-17,35.0,city
d152069,2025-12-31,250.0,city
d152069,2026-01-01,25.0,city
d152069,2026-01-11,20.0,city
d152069,2026-01-13,30.0,city
d152069,2026-02-01,25.0,city
d152069,2026-02-11,20.0,city
d152069,2026-02-13,30.0,city
d152069,2026-02-16,12.5,city
d152069,2026-02-16,25.0,city
d152069,2026-02-17,100.0,city
d152069,2026-02-20,20.0,city
d152069,2026-02-25,25.0,city
d152069,2026-02-28,25.0,city
d152069,2026-03-01,25.0,city
d152069,2026-03-03,500.0,city
d152069,2026-03-05,10.13,city
d152069,2026-03-06,100.0,city
d152069,2026-03-09,5.0,city
d152069,2026-03-09,5.0,city
d152069,2026-03-11,20.0,city
d152069,2026-03-13,30.0,city
d152069,2026-03-14,5.0,city
d152069,2026-03-16,12.5,city
d152069,2026-03-16,25.0,city
d152069,2026-03-20,20.0,city
d152069,2026-03-24,35.0,city
d152069,2026-03-24,3.0,city
d152069,2026-03-25,25.0,city
d152069,2026-03-29,5.0,city
d152069,2026-03-29,25.0,city
d152069,2026-03-30,27.0,city
d152069,2026-04-01,25.0,city
d152069,2026-04-05,10.13,city
d152069,2026-04-09,5.0,city
d152069,2026-04-11,20.0,city
d152069,2026-04-13,30.0,city
d152069,2026-04-16,12.5,city
d152069,2026-04-16,25.0,city
d152069,2026-04-24,3.0,city
d152069,2026-04-25,25.0,city
d152069,2026-04-29,25.0,city
d152069,2026-04-30,27.0,city
d152069,2026-05-01,25.0,city
d152069,2026-05-04,100.0,city
d152069,2026-05-05,10.13,city
d152069,2026-05-09,5.0,city
d152069,2026-05-11,20.0,city
d152069,2026-05-13,30.0,city
d152069,2026-05-16,12.5,city
d152069,2026-05-17,20.0,city
d152069,2026-05-24,3.0,city
d152069,2026-05-25,100.0,city
d152069,2026-05-25,25.0,city
d152069,2026-05-29,25.0,city
d152069,2026-05-30,27.0,city
d152069,2026-06-01,25.0,city
d152069,2026-06-02,15.0,city
d152069,2026-06-05,10.13,city
d152069,2026-06-10,100.0,city
d152069,2026-06-11,10.0,city
d152069,2026-06-11,20.0,city
d152069,2026-06-16,12.5,city
d152069,2026-06-17,20.0,city
d152069,2026-06-23,5.0,city
d152069,2026-06-23,5.0,city
d152069,2026-06-24,250.0,city
d152069,2026-06-25,5.0,city
d152069,2026-06-25,25.0,city
d152069,2026-06-29,25.0,city
d152069,2026-06-30,27.0,city
d15657b,2025-08-20,250.0,city
d2c9685,2025-09-04,3500.0,city
d2c9685,2026-05-14,3500.0,city
d2c9685,2026-05-14,3500.0,city
d2c9685,2026-05-21,3500.0,city
d2c9685,2026-05-21,3500.0,city
d2c9685,2026-06-11,3500.0,city
d31c7c5,2026-03-02,7000.0,city
d31c7c5,2026-03-06,7000.0,city
d31c7c5,2026-03-11,5000.0,city
d343fc1,2025-08-12,50.0,city
d343fc1,2025-09-12,50.0,city
d343fc1,2025-10-12,50.0,city
d343fc1,2025-11-12,50.0,city
d343fc1,2025-12-12,50.0,city
d343fc1,2026-01-12,50.0,city
d343fc1,2026-02-05,200.0,city
d343fc1,2026-02-12,50.0,city
d343fc1,2026-02-15,200.0,city
d343fc1,2026-03-05,3500.0,city
d343fc1,2026-03-05,3500.0,city
d343fc1,2026-03-10,250.0,city
d343fc1,2026-03-12,50.0,city
d343fc1,2026-03-16,250.0,city
d343fc1,2026-04-03,100.0,city
d343fc1,2026-04-12,50.0,city
d343fc1,2026-05-12,50.0,city
d343fc1,2026-06-04,277.77,city
d343fc1,2026-06-04,277.77,city
d343fc1,2026-06-09,1111.11,city
d343fc1,2026-06-12,50.0,city
d3797a8,2026-06-12,50.0,ucb
d4862d7,2025-10-12,250.0,city
d4e919b,2025-08-10,50.0,city
d4e919b,2025-09-10,50.0,city
d4e919b,2025-09-16,100.0,city
d4e919b,2025-10-10,25.0,city
d4e919b,2025-11-10,25.0,city
d4e919b,2025-11-10,25.0,city
d4e919b,2025-12-10,25.0,city
d4e919b,2026-01-10,25.0,city
d4e919b,2026-02-10,25.0,city
d4e919b,2026-03-10,25.0,city
d4e919b,2026-04-10,25.0,city
d4e919b,2026-05-10,25.0,city
d4e919b,2026-06-20,3500.0,city
d6040cc,2025-12-29,1000.0,city
d6040cc,2026-01-05,200.0,city
d6040cc,2026-01-28,25.0,city
d6040cc,2026-02-04,150.0,city
d6040cc,2026-02-15,1000.0,city
d6040cc,2026-02-23,500.0,city
d6040cc,2026-02-28,25.0,city
d6040cc,2026-03-05,3500.0,city
d6040cc,2026-03-05,3500.0,city
d6040cc,2026-03-05,100.0,city
d6040cc,2026-03-28,25.0,city
d6040cc,2026-04-08,1428.57,city
d6040cc,2026-04-28,25.0,city
d6040cc,2026-05-04,250.0,ucb
d6040cc,2026-05-07,150.0,city
d6040cc,2026-05-28,25.0,city
d6040cc,2026-06-23,71.43,city
d6040cc,2026-06-28,25.0,city
d6133ee,2026-02-09,1000.0,city
d6133ee,2026-04-13,500.0,city
d714b6c,2026-01-27,250.0,city
d714b6c,2026-02-17,250.0,city
d735334,2025-08-11,50.0,city
d735334,2025-08-12,50.0,city
d735334,2025-08-23,50.0,city
d735334,2025-09-11,50.0,city
d735334,2025-09-12,50.0,city
d735334,2025-09-19,50.0,city
d735334,2025-09-23,50.0,city
d735334,2025-10-06,50.0,city
d735334,2025-10-11,50.0,city
d735334,2025-10-12,50.0,city
d735334,2025-10-19,100.0,city
d735334,2025-10-23,50.0,city
d735334,2026-01-05,75.0,city
d735334,2026-01-15,50.0,city
d735334,2026-01-22,50.0,city
d735334,2026-01-28,50.0,city
d735334,2026-02-09,60.0,city
d735334,2026-02-15,75.0,city
d735334,2026-02-23,15.0,city
d735334,2026-03-05,41.0,city
d735334,2026-03-14,100.0,city
d735334,2026-03-15,35.0,city
d735334,2026-03-19,56.0,city
d735334,2026-03-19,160.0,city
d735334,2026-03-22,41.0,city
d735334,2026-03-23,50.0,city
d735334,2026-03-26,100.0,city
d735334,2026-03-26,55.0,city
d735334,2026-03-26,25.0,city
d735334,2026-03-30,41.0,city
d735334,2026-04-09,55.0,city
d735334,2026-04-09,250.0,city
d735334,2026-04-20,100.0,city
d735334,2026-04-26,25.0,city
d735334,2026-05-06,25.0,city
d735334,2026-05-07,46.0,city
d735334,2026-05-09,100.0,city
d735334,2026-05-16,340.0,city
d735334,2026-05-16,340.0,city
d735334,2026-05-23,25.0,city
d735334,2026-05-24,35.0,city
d735334,2026-05-26,25.0,city
d735334,2026-05-28,25.0,city
d735334,2026-05-29,50.0,city
d735334,2026-05-29,25.0,city
d735334,2026-05-31,35.0,city
d735334,2026-06-01,30.0,city
d735334,2026-06-02,53.0,city
d735334,2026-06-04,25.0,city
d735334,2026-06-07,30.0,city
d735334,2026-06-07,35.0,city
d735334,2026-06-08,100.0,city
d735334,2026-06-09,20.0,city
d735334,2026-06-09,50.0,city
d735334,2026-06-10,50.0,city
d735334,2026-06-10,100.0,city
d735334,2026-06-11,105.0,city
d735334,2026-06-15,105.0,city
d735334,2026-06-17,105.0,city
d735334,2026-06-26,25.0,city
d77ec0a,2026-05-18,2000.0,ucb
d77ec0a,2026-06-23,3500.0,ucb
d7a2ecb,2025-08-09,50.0,both
d7a2ecb,2025-08-10,100.0,city
d7a2ecb,2025-08-12,25.0,city
d7a2ecb,2025-08-13,14.0,city
d7a2ecb,2025-08-15,50.0,city
d7a2ecb,2025-08-15,25.0,city
d7a2ecb,2025-08-15,15.0,city
d7a2ecb,2025-08-17,3.0,city
d7a2ecb,2025-08-17,25.0,city
d7a2ecb,2025-08-18,25.0,city
d7a2ecb,2025-08-19,25.0,city
d7a2ecb,2025-08-22,6.0,city
d7a2ecb,2025-08-27,14.0,city
d7a2ecb,2025-08-29,25.0,city
d7a2ecb,2025-08-29,6.0,city
d7a2ecb,2025-08-29,14.0,city
d7a2ecb,2025-08-30,100.0,city
d7a2ecb,2025-08-31,4.0,city
d7a2ecb,2025-08-31,50.0,city
d7a2ecb,2025-09-04,25.0,city
d7a2ecb,2025-09-04,14.0,city
d7a2ecb,2025-09-05,15.0,city
d7a2ecb,2025-09-05,10.0,city
d7a2ecb,2025-09-05,100.0,city
d7a2ecb,2025-09-05,25.0,city
d7a2ecb,2025-09-07,25.0,city
d7a2ecb,2025-09-08,25.0,city
d7a2ecb,2025-09-09,50.0,both
d7a2ecb,2025-09-10,100.0,city
d7a2ecb,2025-09-12,25.0,city
d7a2ecb,2025-09-12,100.0,city
d7a2ecb,2025-09-12,15.0,city
d7a2ecb,2025-09-14,50.0,city
d7a2ecb,2025-09-14,15.0,city
d7a2ecb,2025-09-15,25.0,city
d7a2ecb,2025-09-15,25.0,city
d7a2ecb,2025-09-17,100.0,city
d7a2ecb,2025-09-17,3.0,city
d7a2ecb,2025-09-17,25.0,city
d7a2ecb,2025-09-17,25.0,city
d7a2ecb,2025-09-18,25.0,city
d7a2ecb,2025-09-19,25.0,city
d7a2ecb,2025-09-23,100.0,city
d7a2ecb,2025-09-28,5.0,city
d7a2ecb,2025-09-30,100.0,city
d7a2ecb,2025-09-30,50.0,city
d7a2ecb,2025-10-05,100.0,city
d7a2ecb,2025-10-05,25.0,city
d7a2ecb,2025-10-06,25.0,city
d7a2ecb,2025-10-07,25.0,city
d7a2ecb,2025-10-08,25.0,city
d7a2ecb,2025-10-09,50.0,both
d7a2ecb,2025-10-09,14.0,city
d7a2ecb,2025-10-10,100.0,city
d7a2ecb,2025-10-12,25.0,city
d7a2ecb,2025-10-15,25.0,city
d7a2ecb,2025-10-17,50.0,city
d7a2ecb,2025-10-17,25.0,city
d7a2ecb,2025-10-17,25.0,city
d7a2ecb,2025-10-17,10.0,city
d7a2ecb,2025-10-18,25.0,city
d7a2ecb,2025-10-19,15.0,city
d7a2ecb,2025-10-20,10.0,city
d7a2ecb,2025-10-22,15.0,city
d7a2ecb,2025-10-22,47.0,city
d7a2ecb,2025-10-23,15.0,city
d7a2ecb,2025-10-24,100.0,city
d7a2ecb,2025-10-27,17.5,city
d7a2ecb,2025-10-30,100.0,city
d7a2ecb,2025-10-31,25.0,city
d7a2ecb,2025-10-31,50.0,city
d7a2ecb,2025-10-31,6.0,city
d7a2ecb,2025-11-05,100.0,city
d7a2ecb,2025-11-05,25.0,city
d7b723d,2025-12-28,250.0,city
d825670,2025-09-30,1000.0,city
d825670,2025-10-01,20.0,both
d825670,2025-11-01,20.0,both
d825670,2025-12-01,20.0,both
d825670,2026-01-01,20.0,both
d825670,2026-02-01,20.0,both
d825670,2026-02-03,250.0,city
d825670,2026-03-01,20.0,both
d8b1de4,2025-08-21,500.0,city
d8b1de4,2025-08-21,2000.0,city
d92f86f,2025-09-07,250.0,city
d92f86f,2025-12-30,250.0,city
d92f86f,2025-12-31,600.0,city
d92f86f,2026-03-17,1000.0,city
d92f86f,2026-03-20,1000.0,city
d92f86f,2026-04-26,250.0,city
d92f86f,2026-04-29,250.0,city
d92f86f,2026-05-05,250.0,city
d92f86f,2026-05-13,250.0,city
d92f86f,2026-05-23,10.0,city
d92f86f,2026-05-23,250.0,city
d92f86f,2026-06-03,100.0,city
d92f86f,2026-06-03,100.0,city
d92f86f,2026-06-03,250.0,ucb
d92f86f,2026-06-04,277.84,city
d92f86f,2026-06-04,277.84,city
d92f86f,2026-06-09,1111.12,city
d92f86f,2026-06-29,300.0,city
d93dfc8,2025-09-02,250.0,ucb
d93dfc8,2025-09-27,333.33,city
d93dfc8,2025-11-07,2000.0,city
d93dfc8,2025-11-11,1666.66,city
d93dfc8,2025-11-11,3500.0,city
d93dfc8,2025-11-12,1000.0,city
d93dfc8,2025-11-16,666.66,city
d93dfc8,2025-12-23,500.0,city
d93dfc8,2026-01-08,3500.0,city
d93dfc8,2026-01-29,285.71,city
d93dfc8,2026-01-29,357.14,city
d93dfc8,2026-01-29,714.28,city
d93dfc8,2026-01-29,142.85,city
d93dfc8,2026-01-29,285.71,city
d93dfc8,2026-01-29,357.14,city
d93dfc8,2026-01-29,142.85,city
d93dfc8,2026-01-31,285.71,city
d93dfc8,2026-01-31,142.85,city
d93dfc8,2026-02-11,333.33,city
d93dfc8,2026-02-17,150.0,city
d93dfc8,2026-02-23,714.28,city
d93dfc8,2026-03-09,3500.0,city
d93dfc8,2026-03-09,1045.45,city
d93dfc8,2026-03-17,500.0,ucb
d93dfc8,2026-03-31,250.0,ucb
d93dfc8,2026-04-06,200.0,city
d93dfc8,2026-05-05,25.0,city
d93dfc8,2026-05-13,250.0,city
d93dfc8,2026-05-27,500.0,city
d93dfc8,2026-06-05,25.0,city
d93dfc8,2026-06-10,277.77,city
d93dfc8,2026-06-10,277.77,city
d93dfc8,2026-06-17,1111.11,city
dbb944a,2025-12-16,250.0,city
dbb944a,2026-03-02,250.0,city
dcc9461,2025-10-25,3500.0,city
dcc9461,2025-10-25,3500.0,city
dd58a0d,2025-12-04,1000.0,ucb
dd58a0d,2026-04-30,7000.0,city
dd58a0d,2026-05-03,7000.0,city
dd58a0d,2026-05-07,7000.0,city
ddd86e3,2025-09-28,250.0,city
ddd86e3,2025-12-03,500.0,both
ddd86e3,2026-02-16,250.0,city
ddd86e3,2026-03-30,250.0,city
ddd86e3,2026-04-08,350.0,city
ddd86e3,2026-04-22,1000.0,city
ddd86e3,2026-05-01,600.0,both
ddd86e3,2026-05-03,1000.0,city
dde2036,2026-02-06,250.0,city
de77cb3,2025-10-22,500.0,ucb
dfc7ee3,2026-05-19,500.0,city
dfc7ee3,2026-06-18,3500.0,city
dfed580,2025-08-20,104.1,city
dfed580,2025-09-20,104.1,city
dfed580,2025-10-20,104.1,city
e18f6a6,2026-02-10,250.0,city
e19aadb,2025-08-22,1000.0,ucb
e19aadb,2025-10-08,25.0,city
e19aadb,2025-10-09,25.0,city
e19aadb,2025-10-12,10.0,city
e19aadb,2025-10-14,10.0,city
e19aadb,2025-10-15,10.0,city
e19aadb,2025-10-17,10.0,city
e19aadb,2025-10-24,25.0,city
e19aadb,2025-10-24,201.0,city
e19aadb,2025-11-13,10.0,city
e19aadb,2025-11-20,250.0,city
e19aadb,2025-11-22,10.0,city
e19aadb,2025-11-29,25.0,city
e19aadb,2025-12-03,10.0,city
e19aadb,2025-12-04,10.0,city
e19aadb,2025-12-05,10.0,city
e19aadb,2025-12-06,10.0,city
e19aadb,2025-12-14,25.0,city
e19aadb,2025-12-14,100.0,city
e19aadb,2025-12-16,25.0,city
e19aadb,2025-12-19,10.0,city
e19aadb,2026-04-17,50.0,city
e19aadb,2026-05-06,250.0,city
e19aadb,2026-05-24,100.0,city
e1c32a2,2025-08-28,1000.0,city
e1f6547,2026-01-12,500.0,both
e1f6547,2026-01-12,750.0,city
e1f6547,2026-01-12,750.0,city
e1f6547,2026-01-12,250.0,city
e1f6547,2026-01-12,3500.0,city
e1f6547,2026-01-13,250.0,city
e1f6547,2026-01-14,1000.0,city
e1f6547,2026-01-15,250.0,city
e1f6547,2026-01-15,1000.0,city
e1f6547,2026-01-16,500.0,city
e1f6547,2026-01-20,300.0,city
e1f6547,2026-01-22,1000.0,city
e1f6547,2026-01-22,250.0,city
e1f6547,2026-01-29,250.0,city
e1f6547,2026-01-31,500.0,city
e1f6547,2026-02-01,250.0,city
e1f6547,2026-02-04,3500.0,city
e1f6547,2026-02-04,500.0,ucb
e1f6547,2026-02-05,250.0,city
e1f6547,2026-02-06,125.0,city
e1f6547,2026-02-11,500.0,city
e1f6547,2026-02-12,333.34,city
e1f6547,2026-02-14,50.0,city
e1f6547,2026-02-16,200.0,city
e1f6547,2026-02-17,250.0,city
e1f6547,2026-02-19,500.0,city
e1f6547,2026-02-22,250.0,city
e1f6547,2026-02-23,100.0,city
e1f6547,2026-02-25,1000.0,city
e1f6547,2026-02-26,250.0,city
e1f6547,2026-02-26,500.0,city
e1f6547,2026-02-28,100.0,city
e1f6547,2026-02-28,250.0,city
e1f6547,2026-03-05,250.0,city
e1f6547,2026-03-09,200.0,city
e1f6547,2026-03-11,250.0,city
e1f6547,2026-03-12,250.0,city
e1f6547,2026-03-12,250.0,city
e1f6547,2026-03-12,1000.0,city
e1f6547,2026-03-12,250.0,city
e1f6547,2026-03-12,250.0,city
e1f6547,2026-03-12,250.0,city
e1f6547,2026-03-12,250.0,city
e1f6547,2026-03-12,50.0,city
e1f6547,2026-03-12,50.0,city
e1f6547,2026-03-14,50.0,city
e1f6547,2026-03-14,210.44,city
e1f6547,2026-03-15,500.0,city
e1f6547,2026-03-15,250.0,city
e1f6547,2026-03-17,100.0,city
e1f6547,2026-03-17,250.0,city
e1f6547,2026-03-19,500.0,city
e1f6547,2026-03-19,250.0,city
e1f6547,2026-03-19,250.0,city
e1f6547,2026-03-19,250.0,city
e1f6547,2026-03-19,250.0,city
e1f6547,2026-03-19,1000.0,city
e1f6547,2026-03-19,300.0,city
e1f6547,2026-03-19,250.0,city
e1f6547,2026-03-19,1000.0,city
e1f6547,2026-03-19,1000.0,city
e1f6547,2026-03-19,250.0,city
e1f6547,2026-03-19,250.0,city
e1f6547,2026-03-24,500.0,city
e1f6547,2026-03-25,100.0,city
e1f6547,2026-03-26,500.0,city
e1f6547,2026-03-29,500.0,ucb
e1f6547,2026-03-30,200.0,city
e1f6547,2026-03-30,100.0,city
e1f6547,2026-03-30,300.0,city
e1f6547,2026-03-31,50.0,city
e1f6547,2026-03-31,10.0,city
e1f6547,2026-03-31,500.0,city
e1f6547,2026-04-01,250.0,city
e1f6547,2026-04-05,250.0,city
e1f6547,2026-04-05,25.0,city
e1f6547,2026-04-06,100.0,city
e1f6547,2026-04-06,250.0,city
e1f6547,2026-04-06,500.0,city
e1f6547,2026-04-07,100.0,city
e1f6547,2026-04-07,1000.0,city
e1f6547,2026-04-07,25.0,city
e1f6547,2026-04-08,25.0,city
e1f6547,2026-04-09,75.0,city
e1f6547,2026-04-10,3000.0,ucb
e1f6547,2026-04-12,500.0,city
e1f6547,2026-04-12,50.0,city
e1f6547,2026-04-12,50.0,city
e1f6547,2026-04-14,50.0,city
e1f6547,2026-04-16,250.0,city
e1f6547,2026-04-18,100.0,city
e1f6547,2026-04-19,100.0,city
e1f6547,2026-04-20,250.0,city
e1f6547,2026-04-21,25.0,city
e1f6547,2026-04-24,100.0,city
e1f6547,2026-04-24,1000.0,ucb
e1f6547,2026-04-25,50.0,city
e1f6547,2026-04-25,250.0,city
e1f6547,2026-04-26,100.0,city
e1f6547,2026-04-27,25.0,city
e1f6547,2026-04-28,500.0,city
e1f6547,2026-04-28,500.0,city
e1f6547,2026-04-29,75.0,city
e1f6547,2026-04-30,10.0,city
e1f6547,2026-05-01,100.0,city
e1f6547,2026-05-04,25.0,city
e1f6547,2026-05-06,100.0,city
e1f6547,2026-05-07,25.0,city
e1f6547,2026-05-08,200.0,city
e1f6547,2026-05-08,25.0,city
e1f6547,2026-05-10,2007.0,city
e1f6547,2026-05-11,100.0,city
e1f6547,2026-05-12,100.0,city
e1f6547,2026-05-12,50.0,city
e1f6547,2026-05-12,50.0,city
e1f6547,2026-05-13,250.0,city
e1f6547,2026-05-13,100.0,city
e1f6547,2026-05-14,50.0,city
e1f6547,2026-05-16,25.0,city
e1f6547,2026-05-16,50.0,city
e1f6547,2026-05-19,100.0,city
e1f6547,2026-05-21,3500.0,city
e1f6547,2026-05-21,50.0,city
e1f6547,2026-05-21,200.0,city
e1f6547,2026-05-21,51.0,city
e1f6547,2026-05-21,500.0,city
e1f6547,2026-05-22,200.0,city
e1f6547,2026-05-22,100.0,city
e1f6547,2026-05-22,200.0,city
e1f6547,2026-05-22,300.0,city
e1f6547,2026-05-23,200.0,city
e1f6547,2026-05-24,2000.0,city
e1f6547,2026-05-26,500.0,city
e1f6547,2026-05-26,100.0,city
e1f6547,2026-05-28,100.0,city
e1f6547,2026-05-29,188.0,city
e1f6547,2026-05-30,100.0,city
e1f6547,2026-05-30,100.0,city
e1f6547,2026-05-31,100.0,city
e1f6547,2026-05-31,100.0,city
e1f6547,2026-05-31,10.0,city
e1f6547,2026-06-04,2000.0,city
e1f6547,2026-06-04,500.0,city
e1f6547,2026-06-06,100.0,city
e1f6547,2026-06-07,25.0,city
e1f6547,2026-06-08,100.0,city
e1f6547,2026-06-09,250.0,city
e1f6547,2026-06-10,50.0,city
e1f6547,2026-06-11,3500.0,city
e1f6547,2026-06-11,250.0,city
e1f6547,2026-06-11,250.0,city
e1f6547,2026-06-12,100.0,city
e1f6547,2026-06-12,51.0,city
e1f6547,2026-06-12,50.0,city
e1f6547,2026-06-12,50.0,city
e1f6547,2026-06-14,50.0,city
e1f6547,2026-06-14,250.0,city
e1f6547,2026-06-15,250.0,city
e1f6547,2026-06-17,50.0,city
e1f6547,2026-06-17,25.0,city
e1f6547,2026-06-18,100.0,city
e1f6547,2026-06-18,25.0,city
e1f6547,2026-06-18,200.0,city
e1f6547,2026-06-19,100.0,city
e1f6547,2026-06-20,100.0,city
e1f6547,2026-06-21,100.0,city
e1f6547,2026-06-21,50.0,city
e1f6547,2026-06-22,1000.0,city
e1f6547,2026-06-22,250.0,city
e1f6547,2026-06-24,100.0,city
e1f6547,2026-06-25,50.0,city
e1f6547,2026-06-26,100.0,city
e1f6547,2026-06-26,25.0,city
e1f6547,2026-06-26,100.0,city
e1f6547,2026-06-27,100.0,city
e1f6547,2026-06-28,250.0,city
e1f6547,2026-06-28,100.0,city
e1f6547,2026-06-28,150.0,city
e1f6547,2026-06-28,250.0,city
e1f6547,2026-06-29,100.0,city
e1f6547,2026-06-30,100.0,city
e1f6547,2026-06-30,33.33,city
e1f6547,2026-06-30,8.33,city
e1f6547,2026-06-30,500.0,city
e1f6547,2026-06-30,250.0,city
e1f6547,2026-06-30,250.0,city
e1f6547,2026-06-30,250.0,city
e1f6547,2026-06-30,51.0,city
e1f6547,2026-06-30,10.0,city
e1f6547,2026-06-30,200.0,city
e1f6547,2026-06-30,30.0,city
e2a3706,2026-02-17,3500.0,city
e2a3706,2026-02-17,3500.0,city
e2a3706,2026-02-17,3500.0,city
e2a3706,2026-02-17,3500.0,city
e2a3706,2026-02-19,3500.0,city
e2a3706,2026-02-19,3500.0,city
e2a3706,2026-02-20,3500.0,city
e2a3706,2026-02-20,3500.0,city
e2a3706,2026-02-21,3500.0,city
e2a3706,2026-02-21,3500.0,city
e2a3706,2026-02-26,3500.0,city
e2a3706,2026-02-27,3500.0,city
e2a3706,2026-02-28,2070.0,city
e2a3706,2026-03-01,3500.0,city
e2a3706,2026-03-01,3500.0,city
e2a3706,2026-04-21,250.0,city
e2a3706,2026-05-06,500.0,city
e2a3706,2026-06-13,250.0,city
e2a3706,2026-06-23,300.0,city
e3f5db1,2026-03-27,100.0,city
e3f5db1,2026-04-14,25.0,city
e3f5db1,2026-04-16,50.0,city
e3f5db1,2026-04-21,100.0,city
e3f5db1,2026-05-08,100.0,city
e3f5db1,2026-05-14,25.0,city
e3f5db1,2026-05-29,25.0,city
e3f5db1,2026-06-14,25.0,city
e431f91,2026-02-10,250.0,city
e431f91,2026-02-13,250.0,city
e431f91,2026-02-19,500.0,city
e431f91,2026-02-19,250.0,city
e431f91,2026-04-11,100.0,city
e431f91,2026-04-12,100.0,city
e431f91,2026-05-05,100.0,city
e444f3b,2025-09-04,3500.0,city
e444f3b,2025-09-04,1500.0,city
e444f3b,2025-10-13,3500.0,city
e444f3b,2025-10-13,3500.0,city
e444f3b,2025-10-28,3500.0,city
e444f3b,2025-10-28,3500.0,city
e444f3b,2025-12-10,3500.0,city
e444f3b,2025-12-10,3500.0,city
e44bfde,2025-11-21,3500.0,city
e44bfde,2025-11-21,3500.0,city
e44bfde,2025-12-11,250.0,city
e44bfde,2026-01-13,50.0,city
e44bfde,2026-01-19,700.0,city
e44bfde,2026-01-19,500.0,city
e44bfde,2026-02-09,250.0,city
e44bfde,2026-02-13,50.0,city
e44bfde,2026-02-21,250.0,city
e44bfde,2026-03-03,250.0,city
e44bfde,2026-03-13,50.0,city
e44bfde,2026-03-25,400.0,city
e44bfde,2026-04-13,50.0,city
e44bfde,2026-04-26,500.0,city
e44bfde,2026-05-13,50.0,city
e458a03,2026-04-26,3500.0,city
e467356,2025-10-10,250.0,city
e467356,2026-03-23,500.0,city
e467356,2026-03-29,1500.0,city
e4a13d5,2025-08-01,30.0,both
e4a13d5,2025-09-01,30.0,both
e4a13d5,2025-09-09,250.0,city
e4a13d5,2025-10-01,30.0,both
e4a13d5,2025-10-30,16.67,city
e4a13d5,2025-11-01,30.0,both
e4a13d5,2025-11-23,2500.0,city
e4a13d5,2025-11-23,300.0,city
e4a13d5,2025-11-30,16.67,city
e4a13d5,2025-12-01,30.0,both
e4a13d5,2025-12-05,1000.0,city
e4a13d5,2025-12-29,250.0,city
e4a13d5,2025-12-30,16.67,city
e4a13d5,2026-01-01,30.0,both
e4a13d5,2026-01-30,16.67,city
e4a13d5,2026-02-01,30.0,both
e4a13d5,2026-02-28,16.67,city
e4a13d5,2026-03-01,30.0,both
e4a13d5,2026-03-30,16.67,city
e4a13d5,2026-04-01,30.0,both
e4a13d5,2026-04-30,16.67,city
e4a13d5,2026-05-01,30.0,both
e4a13d5,2026-05-30,16.67,city
e4a13d5,2026-06-01,30.0,both
e4a13d5,2026-06-30,16.67,city
e559883,2026-04-12,300.0,city
e559883,2026-05-05,25.0,city
e559883,2026-05-13,25.0,city
e559883,2026-05-18,100.0,city
e559883,2026-05-20,25.0,city
e559883,2026-05-25,50.0,city
e559883,2026-05-30,50.0,city
e5cbd98,2025-08-04,100.0,ucb
e5cbd98,2025-08-05,18.0,both
e5cbd98,2025-08-05,27.0,both
e5cbd98,2025-08-05,27.0,ucb
e5cbd98,2025-08-10,47.0,city
e5cbd98,2025-08-11,27.0,city
e5cbd98,2025-08-11,50.0,city
e5cbd98,2025-08-12,50.0,city
e5cbd98,2025-08-14,270.0,city
e5cbd98,2025-08-14,100.0,city
e5cbd98,2025-08-14,100.0,city
e5cbd98,2025-08-14,27.0,city
e5cbd98,2025-08-14,100.0,city
e5cbd98,2025-08-15,25.0,city
e5cbd98,2025-08-16,50.0,city
e5cbd98,2025-08-16,50.0,ucb
e5cbd98,2025-08-17,100.0,city
e5cbd98,2025-08-17,27.0,city
e5cbd98,2025-08-17,25.0,city
e5cbd98,2025-08-17,41.0,city
e5cbd98,2025-08-19,20.0,city
e5cbd98,2025-08-20,500.0,city
e5cbd98,2025-08-20,50.0,city
e5cbd98,2025-08-21,50.0,city
e5cbd98,2025-08-23,9.0,city
e5cbd98,2025-08-23,50.0,city
e5cbd98,2025-08-23,1000.0,city
e5cbd98,2025-08-23,50.0,city
e5cbd98,2025-08-23,50.0,city
e5cbd98,2025-08-23,10.0,ucb
e5cbd98,2025-08-24,27.0,city
e5cbd98,2025-08-25,27.0,city
e5cbd98,2025-08-26,50.0,city
e5cbd98,2025-08-26,270.0,city
e5cbd98,2025-08-26,27.0,city
e5cbd98,2025-08-26,270.0,city
e5cbd98,2025-08-27,27.0,city
e5cbd98,2025-08-27,100.0,city
e5cbd98,2025-08-30,27.0,city
e5cbd98,2025-09-01,250.0,city
e5cbd98,2025-09-02,500.0,city
e5cbd98,2025-09-02,27.0,city
e5cbd98,2025-09-04,30.0,city
e5cbd98,2025-09-04,35.0,city
e5cbd98,2025-09-05,18.0,both
e5cbd98,2025-09-05,27.0,both
e5cbd98,2025-09-05,25.0,city
e5cbd98,2025-09-05,27.0,city
e5cbd98,2025-09-05,27.0,city
e5cbd98,2025-09-05,27.0,city
e5cbd98,2025-09-05,250.0,city
e5cbd98,2025-09-05,27.0,ucb
e5cbd98,2025-09-06,25.0,city
e5cbd98,2025-09-06,6.0,city
e5cbd98,2025-09-08,100.0,city
e5cbd98,2025-09-09,27.0,city
e5cbd98,2025-09-09,27.0,city
e5cbd98,2025-09-09,108.0,city
e5cbd98,2025-09-09,76.0,city
e5cbd98,2025-09-09,100.0,city
e5cbd98,2025-09-09,6.0,city
e5cbd98,2025-09-10,47.0,city
e5cbd98,2025-09-10,3000.0,city
e5cbd98,2025-09-10,4000.0,city
e5cbd98,2025-09-11,50.0,city
e5cbd98,2025-09-12,50.0,city
e5cbd98,2025-09-14,100.0,city
e5cbd98,2025-09-14,100.0,city
e5cbd98,2025-09-15,25.0,city
e5cbd98,2025-09-16,50.0,city
e5cbd98,2025-09-16,50.0,ucb
e5cbd98,2025-09-17,100.0,city
e5cbd98,2025-09-17,27.0,city
e5cbd98,2025-09-17,25.0,city
e5cbd98,2025-09-17,41.0,city
e5cbd98,2025-09-19,20.0,city
e5cbd98,2025-09-21,27.0,city
e5cbd98,2025-09-21,27.0,city
e5cbd98,2025-09-21,50.0,city
e5cbd98,2025-09-23,10.0,city
e5cbd98,2025-09-23,50.0,city
e5cbd98,2025-09-23,27.0,city
e5cbd98,2025-09-23,50.0,city
e5cbd98,2025-09-23,50.0,city
e5cbd98,2025-09-23,10.0,ucb
e5cbd98,2025-09-24,100.0,city
e5cbd98,2025-09-24,27.0,city
e5cbd98,2025-09-25,27.0,city
e5cbd98,2025-09-26,1000.0,city
e5cbd98,2025-09-26,27.0,city
e5cbd98,2025-09-27,27.0,city
e5cbd98,2025-09-29,50.0,city
e5cbd98,2025-09-30,27.0,city
e5cbd98,2025-10-01,250.0,city
e5cbd98,2025-10-01,27.0,city
e5cbd98,2025-10-01,27.0,city
e5cbd98,2025-10-01,500.0,city
e5cbd98,2025-10-01,250.0,city
e5cbd98,2025-10-02,27.0,city
e5cbd98,2025-10-02,27.0,city
e5cbd98,2025-10-04,27.0,city
e5cbd98,2025-10-04,30.0,city
e5cbd98,2025-10-04,35.0,city
e5cbd98,2025-10-05,18.0,both
e5cbd98,2025-10-05,27.0,both
e5cbd98,2025-10-05,25.0,city
e5cbd98,2025-10-05,27.0,city
e5cbd98,2025-10-05,27.0,city
e5cbd98,2025-10-05,27.0,city
e5cbd98,2025-10-05,27.0,ucb
e5cbd98,2025-10-06,25.0,city
e5cbd98,2025-10-06,100.0,city
e5cbd98,2025-10-06,6.0,city
e5cbd98,2025-10-08,100.0,city
e5cbd98,2025-10-08,27.0,city
e5cbd98,2025-10-09,6.0,city
e5cbd98,2025-10-09,76.0,city
e5cbd98,2025-10-09,100.0,city
e5cbd98,2025-10-09,6.0,city
e5cbd98,2025-10-10,47.0,city
e5cbd98,2025-10-10,27.0,city
e5cbd98,2025-10-10,27.0,city
e5cbd98,2025-10-11,50.0,city
e5cbd98,2025-10-12,50.0,city
e5cbd98,2025-10-13,27.0,ucb
e5cbd98,2025-10-14,100.0,city
e5cbd98,2025-10-14,100.0,city
e5cbd98,2025-10-15,25.0,city
e5cbd98,2025-10-16,50.0,city
e5cbd98,2025-10-16,50.0,ucb
e5cbd98,2025-10-17,100.0,city
e5cbd98,2025-10-17,27.0,city
e5cbd98,2025-10-17,25.0,city
e5cbd98,2025-10-17,41.0,city
e5cbd98,2025-10-18,27.0,city
e5cbd98,2025-10-19,1000.0,city
e5cbd98,2025-10-19,250.0,city
e5cbd98,2025-10-19,20.0,city
e5cbd98,2025-10-19,27.0,city
e5cbd98,2025-10-19,50.0,city
e5cbd98,2025-10-19,50.0,city
e5cbd98,2025-10-19,50.0,city
e5cbd98,2025-10-20,27.0,city
e5cbd98,2025-10-20,27.0,city
e5cbd98,2025-10-20,100.0,city
e5cbd98,2025-10-20,100.0,city
e5cbd98,2025-10-20,5.0,city
e5cbd98,2025-10-21,27.0,city
e5cbd98,2025-10-21,50.0,city
e5cbd98,2025-10-21,27.0,ucb
e5cbd98,2025-10-22,20.0,city
e5cbd98,2025-10-23,10.0,city
e5cbd98,2025-10-23,50.0,city
e5cbd98,2025-10-23,50.0,city
e5cbd98,2025-10-23,50.0,city
e5cbd98,2025-10-23,50.0,city
e5cbd98,2025-10-23,10.0,ucb
e5cbd98,2025-10-24,27.0,city
e5cbd98,2025-10-25,27.0,city
e5cbd98,2025-10-26,27.0,city
e5cbd98,2025-10-27,27.0,city
e5cbd98,2025-10-27,27.0,city
e5cbd98,2025-10-28,6.0,city
e5cbd98,2025-10-28,50.0,city
e5cbd98,2025-10-28,25.0,ucb
e5cbd98,2025-10-30,27.0,city
e5cbd98,2025-11-01,250.0,city
e5cbd98,2025-11-01,27.0,city
e5cbd98,2025-11-02,27.0,city
e5cbd98,2025-11-02,27.0,city
e5cbd98,2025-11-03,100.0,city
e5cbd98,2025-11-04,27.0,city
e5cbd98,2025-11-04,30.0,city
e5cbd98,2025-11-04,35.0,city
e5cbd98,2025-11-05,18.0,both
e5cbd98,2025-11-05,27.0,both
e5cbd98,2025-11-05,25.0,city
e5cbd98,2025-11-05,27.0,city
e5cbd98,2025-11-05,27.0,city
e5cbd98,2025-11-05,27.0,city
e5cbd98,2025-11-05,27.0,ucb
e5cbd98,2025-11-06,25.0,city
e5cbd98,2025-11-06,15.0,city
e5cbd98,2025-11-06,10.0,city
e5cbd98,2025-11-08,100.0,city
e5cbd98,2025-11-09,6.0,city
e5cbd98,2025-11-09,76.0,city
e5cbd98,2025-11-09,100.0,city
e5cbd98,2025-11-09,6.0,city
e5cbd98,2025-11-10,47.0,city
e5cbd98,2025-11-10,27.0,city
e5cbd98,2025-11-10,27.0,city
e5cbd98,2025-11-11,27.0,city
e5cbd98,2025-11-11,50.0,city
e5cbd98,2025-11-12,50.0,city
e5cbd98,2025-11-12,27.0,city
e5cbd98,2025-11-13,27.0,ucb
e5cbd98,2025-11-14,100.0,city
e5cbd98,2025-11-14,100.0,city
e5cbd98,2025-11-15,25.0,city
e5cbd98,2025-11-16,50.0,ucb
e5cbd98,2025-11-17,100.0,city
e5cbd98,2025-11-17,6.0,city
e5cbd98,2025-11-17,41.0,city
e5cbd98,2025-11-18,50.0,city
e5cbd98,2025-11-18,27.0,city
e5cbd98,2025-11-19,20.0,city
e5cbd98,2025-11-20,6.0,city
e5cbd98,2025-11-20,5.0,city
e5cbd98,2025-11-21,27.0,city
e5cbd98,2025-11-21,50.0,city
e5cbd98,2025-11-21,27.0,ucb
e5cbd98,2025-11-22,20.0,city
e5cbd98,2025-11-23,10.0,city
e5cbd98,2025-11-23,50.0,city
e5cbd98,2025-11-23,50.0,city
e5cbd98,2025-11-23,50.0,city
e5cbd98,2025-11-23,10.0,ucb
e5cbd98,2025-11-24,27.0,city
e5cbd98,2025-11-25,27.0,city
e5cbd98,2025-11-25,50.0,city
e5cbd98,2025-11-26,27.0,city
e5cbd98,2025-11-28,6.0,city
e5cbd98,2025-11-28,27.0,city
e5cbd98,2025-11-28,50.0,city
e5cbd98,2025-11-28,25.0,ucb
e5cbd98,2025-11-29,27.0,city
e5cbd98,2025-11-30,100.0,city
e5cbd98,2025-11-30,27.0,city
e5cbd98,2025-11-30,27.0,city
e5cbd98,2025-11-30,50.0,city
e5cbd98,2025-11-30,20.0,city
e5cbd98,2025-11-30,50.0,city
e5cbd98,2025-11-30,127.0,city
e5cbd98,2025-12-01,250.0,city
e5cbd98,2025-12-01,27.0,city
e5cbd98,2025-12-02,10.0,city
e5cbd98,2025-12-03,27.0,city
e5cbd98,2025-12-03,100.0,city
e5cbd98,2025-12-04,27.0,city
e5cbd98,2025-12-04,30.0,city
e5cbd98,2025-12-04,35.0,city
e5cbd98,2025-12-05,18.0,both
e5cbd98,2025-12-05,27.0,both
e5cbd98,2025-12-05,25.0,city
e5cbd98,2025-12-05,27.0,city
e5cbd98,2025-12-05,27.0,city
e5cbd98,2025-12-05,27.0,city
e5cbd98,2025-12-05,27.0,ucb
e5cbd98,2025-12-06,25.0,city
e5cbd98,2025-12-06,10.0,city
e5cbd98,2025-12-08,15.0,city
e5cbd98,2025-12-08,100.0,city
e5cbd98,2025-12-09,6.0,city
e5cbd98,2025-12-09,76.0,city
e5cbd98,2025-12-09,100.0,city
e5cbd98,2025-12-09,6.0,city
e5cbd98,2025-12-10,47.0,city
e5cbd98,2025-12-10,27.0,city
e5cbd98,2025-12-10,27.0,city
e5cbd98,2025-12-11,25.0,city
e5cbd98,2025-12-11,27.0,city
e5cbd98,2025-12-11,50.0,city
e5cbd98,2025-12-12,50.0,city
e5cbd98,2025-12-13,27.0,ucb
e5cbd98,2025-12-14,100.0,city
e5cbd98,2025-12-14,100.0,city
e5cbd98,2025-12-15,25.0,city
e5cbd98,2025-12-16,50.0,city
e5cbd98,2025-12-16,50.0,ucb
e5cbd98,2025-12-17,100.0,city
e5cbd98,2025-12-17,6.0,city
e5cbd98,2025-12-17,27.0,city
e5cbd98,2025-12-17,25.0,city
e5cbd98,2025-12-17,41.0,city
e5cbd98,2025-12-18,27.0,city
e5cbd98,2025-12-19,20.0,city
e5cbd98,2025-12-20,6.0,city
e5cbd98,2025-12-20,5.0,city
e5cbd98,2025-12-21,27.0,city
e5cbd98,2025-12-21,50.0,city
e5cbd98,2025-12-21,27.0,ucb
e5cbd98,2025-12-22,20.0,city
e5cbd98,2025-12-22,50.0,city
e5cbd98,2025-12-23,10.0,city
e5cbd98,2025-12-23,50.0,city
e5cbd98,2025-12-23,20.0,city
e5cbd98,2025-12-23,50.0,city
e5cbd98,2025-12-23,50.0,city
e5cbd98,2025-12-23,10.0,ucb
e5cbd98,2025-12-24,27.0,city
e5cbd98,2025-12-24,27.0,city
e5cbd98,2025-12-25,27.0,city
e5cbd98,2025-12-26,27.0,city
e5cbd98,2025-12-28,27.0,city
e5cbd98,2025-12-28,1000.0,city
e5cbd98,2025-12-28,27.0,city
e5cbd98,2025-12-28,500.0,city
e5cbd98,2025-12-28,100.0,city
e5cbd98,2025-12-28,270.0,city
e5cbd98,2025-12-28,6.0,city
e5cbd98,2025-12-28,27.0,city
e5cbd98,2025-12-28,27.0,city
e5cbd98,2025-12-28,50.0,city
e5cbd98,2025-12-28,25.0,ucb
e5cbd98,2025-12-29,27.0,city
e5cbd98,2025-12-30,27.0,city
e5cbd98,2025-12-30,50.0,city
e5cbd98,2025-12-31,100.0,city
e5cbd98,2026-01-01,250.0,city
e5cbd98,2026-01-04,100.0,city
e5cbd98,2026-01-04,27.0,city
e5cbd98,2026-01-04,27.0,city
e5cbd98,2026-01-04,50.0,city
e5cbd98,2026-01-04,30.0,city
e5cbd98,2026-01-04,27.0,city
e5cbd98,2026-01-04,35.0,city
e5cbd98,2026-01-05,18.0,both
e5cbd98,2026-01-05,27.0,both
e5cbd98,2026-01-05,25.0,city
e5cbd98,2026-01-05,27.0,city
e5cbd98,2026-01-05,27.0,city
e5cbd98,2026-01-05,27.0,city
e5cbd98,2026-01-05,27.0,ucb
e5cbd98,2026-01-06,25.0,city
e5cbd98,2026-01-06,10.0,city
e5cbd98,2026-01-08,100.0,city
e5cbd98,2026-01-09,6.0,city
e5cbd98,2026-01-09,76.0,city
e5cbd98,2026-01-09,6.0,city
e5cbd98,2026-01-10,47.0,city
e5cbd98,2026-01-10,27.0,city
e5cbd98,2026-01-10,27.0,city
e5cbd98,2026-01-11,25.0,city
e5cbd98,2026-01-11,27.0,city
e5cbd98,2026-01-11,50.0,city
e5cbd98,2026-01-12,50.0,city
e5cbd98,2026-01-13,20.0,city
e5cbd98,2026-01-14,100.0,city
e5cbd98,2026-01-14,100.0,city
e5cbd98,2026-01-15,25.0,city
e5cbd98,2026-01-16,50.0,city
e5cbd98,2026-01-16,50.0,ucb
e5cbd98,2026-01-17,100.0,city
e5cbd98,2026-01-17,6.0,city
e5cbd98,2026-01-17,27.0,city
e5cbd98,2026-01-17,25.0,city
e5cbd98,2026-01-17,41.0,city
e5cbd98,2026-01-18,27.0,city
e5cbd98,2026-01-19,100.0,city
e5cbd98,2026-01-19,27.0,city
e5cbd98,2026-01-19,250.0,city
e5cbd98,2026-01-19,20.0,city
e5cbd98,2026-01-19,100.0,city
e5cbd98,2026-01-19,100.0,ucb
e5cbd98,2026-01-20,6.0,city
e5cbd98,2026-01-20,5.0,city
e5cbd98,2026-01-21,27.0,city
e5cbd98,2026-01-21,20.0,city
e5cbd98,2026-01-21,50.0,city
e5cbd98,2026-01-21,27.0,ucb
e5cbd98,2026-01-22,10.0,city
e5cbd98,2026-01-23,10.0,city
e5cbd98,2026-01-23,50.0,city
e5cbd98,2026-01-23,20.0,city
e5cbd98,2026-01-23,50.0,city
e5cbd98,2026-01-23,50.0,city
e5cbd98,2026-01-23,10.0,ucb
e5cbd98,2026-01-24,27.0,city
e5cbd98,2026-01-24,27.0,city
e5cbd98,2026-01-25,27.0,city
e5cbd98,2026-01-26,20.0,city
e5cbd98,2026-01-26,27.0,city
e5cbd98,2026-01-28,15.0,both
e5cbd98,2026-01-28,6.0,city
e5cbd98,2026-01-28,27.0,city
e5cbd98,2026-01-28,50.0,city
e5cbd98,2026-01-28,25.0,ucb
e5cbd98,2026-01-29,27.0,city
e5cbd98,2026-01-30,27.0,city
e5cbd98,2026-02-01,250.0,city
e5cbd98,2026-02-04,27.0,city
e5cbd98,2026-02-04,6.0,city
e5cbd98,2026-02-04,30.0,city
e5cbd98,2026-02-04,35.0,city
e5cbd98,2026-02-05,18.0,both
e5cbd98,2026-02-05,27.0,both
e5cbd98,2026-02-05,25.0,city
e5cbd98,2026-02-05,27.0,city
e5cbd98,2026-02-05,27.0,city
e5cbd98,2026-02-05,27.0,city
e5cbd98,2026-02-05,27.0,ucb
e5cbd98,2026-02-06,25.0,city
e5cbd98,2026-02-06,10.0,city
e5cbd98,2026-02-08,100.0,city
e5cbd98,2026-02-09,50.0,city
e5cbd98,2026-02-09,6.0,city
e5cbd98,2026-02-09,25.0,city
e5cbd98,2026-02-09,25.0,city
e5cbd98,2026-02-09,13.5,city
e5cbd98,2026-02-09,50.0,city
e5cbd98,2026-02-09,10.0,city
e5cbd98,2026-02-09,76.0,city
e5cbd98,2026-02-09,6.0,city
e5cbd98,2026-02-10,47.0,city
e5cbd98,2026-02-10,27.0,city
e5cbd98,2026-02-10,27.0,city
e5cbd98,2026-02-11,25.0,city
e5cbd98,2026-02-11,27.0,city
e5cbd98,2026-02-11,13.5,city
e5cbd98,2026-02-11,50.0,city
e5cbd98,2026-02-12,15.0,city
e5cbd98,2026-02-12,50.0,city
e5cbd98,2026-02-14,50.0,city
e5cbd98,2026-02-14,100.0,city
e5cbd98,2026-02-14,27.0,city
e5cbd98,2026-02-14,500.0,city
e5cbd98,2026-02-14,50.0,city
e5cbd98,2026-02-14,100.0,city
e5cbd98,2026-02-15,25.0,city
e5cbd98,2026-02-15,50.0,city
e5cbd98,2026-02-15,100.0,city
e5cbd98,2026-02-15,50.0,city
e5cbd98,2026-02-15,50.0,city
e5cbd98,2026-02-16,100.0,city
e5cbd98,2026-02-16,50.0,city
e5cbd98,2026-02-16,50.0,city
e5cbd98,2026-02-16,50.0,ucb
e5cbd98,2026-02-17,100.0,city
e5cbd98,2026-02-17,6.0,city
e5cbd98,2026-02-17,27.0,city
e5cbd98,2026-02-17,10.0,city
e5cbd98,2026-02-17,25.0,city
e5cbd98,2026-02-17,41.0,city
e5cbd98,2026-02-18,27.0,city
e5cbd98,2026-02-19,20.0,city
e5cbd98,2026-02-20,6.0,city
e5cbd98,2026-02-20,5.0,city
e5cbd98,2026-02-21,27.0,city
e5cbd98,2026-02-21,20.0,city
e5cbd98,2026-02-21,50.0,city
e5cbd98,2026-02-21,27.0,ucb
e5cbd98,2026-02-22,10.0,city
e5cbd98,2026-02-23,10.0,city
e5cbd98,2026-02-23,50.0,city
e5cbd98,2026-02-23,20.0,city
e5cbd98,2026-02-23,50.0,city
e5cbd98,2026-02-23,50.0,city
e5cbd98,2026-02-23,10.0,ucb
e5cbd98,2026-02-24,27.0,city
e5cbd98,2026-02-24,27.0,city
e5cbd98,2026-02-25,27.0,city
e5cbd98,2026-02-26,20.0,city
e5cbd98,2026-02-27,27.0,city
e5cbd98,2026-02-27,27.0,ucb
e5cbd98,2026-02-28,27.0,city
e5cbd98,2026-02-28,6.0,city
e5cbd98,2026-02-28,27.0,city
e5cbd98,2026-02-28,50.0,city
e5cbd98,2026-02-28,25.0,ucb
e5cbd98,2026-03-01,250.0,city
e5cbd98,2026-03-04,27.0,city
e5cbd98,2026-03-04,6.0,city
e5cbd98,2026-03-04,30.0,city
e5cbd98,2026-03-04,35.0,city
e5cbd98,2026-03-05,18.0,both
e5cbd98,2026-03-05,27.0,both
e5cbd98,2026-03-05,25.0,city
e5cbd98,2026-03-05,27.0,city
e5cbd98,2026-03-05,27.0,city
e5cbd98,2026-03-05,27.0,city
e5cbd98,2026-03-05,27.0,ucb
e5cbd98,2026-03-06,25.0,city
e5cbd98,2026-03-06,15.0,city
e5cbd98,2026-03-06,10.0,city
e5cbd98,2026-03-08,100.0,city
e5cbd98,2026-03-09,100.0,city
e5cbd98,2026-03-09,6.0,city
e5cbd98,2026-03-09,76.0,city
e5cbd98,2026-03-09,6.0,city
e5cbd98,2026-03-10,47.0,city
e5cbd98,2026-03-10,27.0,city
e5cbd98,2026-03-10,10.0,city
e5cbd98,2026-03-10,27.0,city
e5cbd98,2026-03-11,25.0,city
e5cbd98,2026-03-11,27.0,city
e5cbd98,2026-03-11,50.0,city
e5cbd98,2026-03-12,50.0,city
e5cbd98,2026-03-14,100.0,city
e5cbd98,2026-03-14,100.0,city
e5cbd98,2026-03-16,50.0,city
e5cbd98,2026-03-16,50.0,ucb
e5cbd98,2026-03-17,25.0,city
e5cbd98,2026-03-17,100.0,city
e5cbd98,2026-03-17,6.0,city
e5cbd98,2026-03-17,27.0,city
e5cbd98,2026-03-17,10.0,city
e5cbd98,2026-03-17,25.0,city
e5cbd98,2026-03-17,41.0,city
e5cbd98,2026-03-18,100.0,city
e5cbd98,2026-03-18,27.0,city
e5cbd98,2026-03-18,100.0,city
e5cbd98,2026-03-19,20.0,city
e5cbd98,2026-03-20,5.0,city
e5cbd98,2026-03-21,27.0,city
e5cbd98,2026-03-21,20.0,city
e5cbd98,2026-03-21,50.0,city
e5cbd98,2026-03-21,27.0,ucb
e5cbd98,2026-03-22,10.0,city
e5cbd98,2026-03-22,27.0,city
e5cbd98,2026-03-23,10.0,city
e5cbd98,2026-03-23,20.0,city
e5cbd98,2026-03-23,50.0,city
e5cbd98,2026-03-23,50.0,city
e5cbd98,2026-03-23,10.0,ucb
e5cbd98,2026-03-24,27.0,city
e5cbd98,2026-03-24,27.0,city
e5cbd98,2026-03-25,27.0,city
e5cbd98,2026-03-26,20.0,city
e5cbd98,2026-03-27,27.0,city
e5cbd98,2026-03-27,27.0,ucb
e5cbd98,2026-03-28,6.0,city
e5cbd98,2026-03-28,27.0,city
e5cbd98,2026-03-28,27.0,city
e5cbd98,2026-03-28,50.0,city
e5cbd98,2026-03-28,25.0,ucb
e5cbd98,2026-03-29,27.0,city
e5cbd98,2026-03-30,27.0,city
e5cbd98,2026-04-01,250.0,city
e5cbd98,2026-04-02,13.0,city
e5cbd98,2026-04-04,27.0,city
e5cbd98,2026-04-04,6.0,city
e5cbd98,2026-04-04,15.0,city
e5cbd98,2026-04-04,30.0,city
e5cbd98,2026-04-04,35.0,city
e5cbd98,2026-04-05,18.0,both
e5cbd98,2026-04-05,27.0,both
e5cbd98,2026-04-05,6.0,city
e5cbd98,2026-04-05,25.0,city
e5cbd98,2026-04-05,27.0,city
e5cbd98,2026-04-05,27.0,city
e5cbd98,2026-04-05,27.0,city
e5cbd98,2026-04-05,27.0,ucb
e5cbd98,2026-04-06,25.0,city
e5cbd98,2026-04-06,15.0,city
e5cbd98,2026-04-06,10.0,city
e5cbd98,2026-04-08,100.0,city
e5cbd98,2026-04-09,76.0,city
e5cbd98,2026-04-09,6.0,city
e5cbd98,2026-04-10,47.0,city
e5cbd98,2026-04-10,27.0,city
e5cbd98,2026-04-11,25.0,city
e5cbd98,2026-04-11,27.0,city
e5cbd98,2026-04-11,50.0,city
e5cbd98,2026-04-12,50.0,city
e5cbd98,2026-04-12,15.0,ucb
e5cbd98,2026-04-14,100.0,city
e5cbd98,2026-04-14,100.0,city
e5cbd98,2026-04-15,25.0,city
e5cbd98,2026-04-15,15.0,city
e5cbd98,2026-04-16,10.0,city
e5cbd98,2026-04-16,50.0,city
e5cbd98,2026-04-16,10.0,city
e5cbd98,2026-04-16,50.0,ucb
e5cbd98,2026-04-17,100.0,city
e5cbd98,2026-04-17,6.0,city
e5cbd98,2026-04-17,27.0,city
e5cbd98,2026-04-17,10.0,city
e5cbd98,2026-04-17,25.0,city
e5cbd98,2026-04-17,41.0,city
e5cbd98,2026-04-18,27.0,city
e5cbd98,2026-04-19,20.0,city
e5cbd98,2026-04-20,100.0,city
e5cbd98,2026-04-20,27.0,city
e5cbd98,2026-04-20,27.0,city
e5cbd98,2026-04-20,5.0,city
e5cbd98,2026-04-21,6.0,city
e5cbd98,2026-04-21,27.0,city
e5cbd98,2026-04-21,20.0,city
e5cbd98,2026-04-21,50.0,city
e5cbd98,2026-04-21,27.0,city
e5cbd98,2026-04-21,27.0,ucb
e5cbd98,2026-04-22,10.0,city
e5cbd98,2026-04-23,10.0,city
e5cbd98,2026-04-23,50.0,city
e5cbd98,2026-04-23,20.0,city
e5cbd98,2026-04-23,50.0,city
e5cbd98,2026-04-23,50.0,city
e5cbd98,2026-04-23,10.0,ucb
e5cbd98,2026-04-24,27.0,city
e5cbd98,2026-04-24,27.0,city
e5cbd98,2026-04-25,27.0,city
e5cbd98,2026-04-25,9.0,city
e5cbd98,2026-04-26,20.0,city
e5cbd98,2026-04-27,27.0,ucb
e5cbd98,2026-04-28,6.0,city
e5cbd98,2026-04-28,27.0,city
e5cbd98,2026-04-28,50.0,city
e5cbd98,2026-04-28,25.0,ucb
e5cbd98,2026-04-30,6.0,city
e5cbd98,2026-04-30,27.0,city
e5cbd98,2026-05-01,250.0,city
e5cbd98,2026-05-01,250.0,city
e5cbd98,2026-05-01,13.5,city
e5cbd98,2026-05-01,50.0,city
e5cbd98,2026-05-01,2.5,city
e5cbd98,2026-05-01,25.0,city
e5cbd98,2026-05-01,10.0,city
e5cbd98,2026-05-01,25.0,city
e5cbd98,2026-05-02,13.0,city
e5cbd98,2026-05-04,27.0,city
e5cbd98,2026-05-04,6.0,city
e5cbd98,2026-05-04,15.0,city
e5cbd98,2026-05-04,30.0,city
e5cbd98,2026-05-04,35.0,city
e5cbd98,2026-05-05,18.0,both
e5cbd98,2026-05-05,27.0,both
e5cbd98,2026-05-05,6.0,city
e5cbd98,2026-05-05,25.0,city
e5cbd98,2026-05-05,27.0,city
e5cbd98,2026-05-05,27.0,ucb
e5cbd98,2026-05-06,25.0,city
e5cbd98,2026-05-06,15.0,city
e5cbd98,2026-05-06,10.0,city
e5cbd98,2026-05-07,27.0,city
e5cbd98,2026-05-07,27.0,city
e5cbd98,2026-05-07,27.0,city
e5cbd98,2026-05-07,27.0,city
e5cbd98,2026-05-07,27.0,city
e5cbd98,2026-05-08,100.0,city
e5cbd98,2026-05-08,50.0,city
e5cbd98,2026-05-09,76.0,city
e5cbd98,2026-05-09,6.0,city
e5cbd98,2026-05-10,47.0,city
e5cbd98,2026-05-10,27.0,city
e5cbd98,2026-05-10,100.0,city
e5cbd98,2026-05-11,25.0,city
e5cbd98,2026-05-11,27.0,city
e5cbd98,2026-05-11,50.0,city
e5cbd98,2026-05-12,50.0,city
e5cbd98,2026-05-12,15.0,ucb
e5cbd98,2026-05-14,100.0,city
e5cbd98,2026-05-14,100.0,city
e5cbd98,2026-05-15,25.0,city
e5cbd98,2026-05-15,15.0,city
e5cbd98,2026-05-16,10.0,city
e5cbd98,2026-05-16,50.0,city
e5cbd98,2026-05-16,10.0,city
e5cbd98,2026-05-16,50.0,ucb
e5cbd98,2026-05-17,100.0,city
e5cbd98,2026-05-17,6.0,city
e5cbd98,2026-05-17,27.0,city
e5cbd98,2026-05-17,10.0,city
e5cbd98,2026-05-17,25.0,city
e5cbd98,2026-05-17,41.0,city
e5cbd98,2026-05-18,27.0,city
e5cbd98,2026-05-19,20.0,city
e5cbd98,2026-05-20,5.0,city
e5cbd98,2026-05-21,27.0,city
e5cbd98,2026-05-21,27.0,ucb
e5cbd98,2026-05-22,10.0,city
e5cbd98,2026-05-23,10.0,city
e5cbd98,2026-05-23,50.0,city
e5cbd98,2026-05-23,20.0,city
e5cbd98,2026-05-23,50.0,city
e5cbd98,2026-05-23,50.0,city
e5cbd98,2026-05-23,10.0,ucb
e5cbd98,2026-05-24,27.0,city
e5cbd98,2026-05-24,27.0,city
e5cbd98,2026-05-25,27.0,city
e5cbd98,2026-05-25,9.0,city
e5cbd98,2026-05-26,20.0,city
e5cbd98,2026-05-27,27.0,ucb
e5cbd98,2026-05-28,100.0,city
e5cbd98,2026-05-28,27.0,city
e5cbd98,2026-05-28,27.0,city
e5cbd98,2026-05-28,6.0,city
e5cbd98,2026-05-28,27.0,city
e5cbd98,2026-05-28,50.0,city
e5cbd98,2026-05-28,25.0,ucb
e5cbd98,2026-05-29,27.0,city
e5cbd98,2026-05-29,200.0,city
e5cbd98,2026-05-29,27.0,city
e5cbd98,2026-05-29,50.0,city
e5cbd98,2026-05-30,6.0,city
e5cbd98,2026-05-30,27.0,city
e5cbd98,2026-06-01,250.0,city
e5cbd98,2026-06-02,13.0,city
e5cbd98,2026-06-04,6.0,city
e5cbd98,2026-06-04,15.0,city
e5cbd98,2026-06-04,30.0,city
e5cbd98,2026-06-04,35.0,city
e5cbd98,2026-06-05,18.0,both
e5cbd98,2026-06-05,27.0,both
e5cbd98,2026-06-05,6.0,city
e5cbd98,2026-06-05,25.0,city
e5cbd98,2026-06-05,27.0,city
e5cbd98,2026-06-05,27.0,ucb
e5cbd98,2026-06-06,25.0,city
e5cbd98,2026-06-06,10.0,city
e5cbd98,2026-06-09,76.0,city
e5cbd98,2026-06-09,6.0,city
e5cbd98,2026-06-10,47.0,city
e5cbd98,2026-06-10,27.0,city
e5cbd98,2026-06-11,25.0,city
e5cbd98,2026-06-11,27.0,city
e5cbd98,2026-06-11,50.0,city
e5cbd98,2026-06-12,50.0,city
e5cbd98,2026-06-14,100.0,city
e5cbd98,2026-06-14,100.0,city
e5cbd98,2026-06-15,25.0,city
e5cbd98,2026-06-15,15.0,city
e5cbd98,2026-06-16,10.0,city
e5cbd98,2026-06-16,50.0,city
e5cbd98,2026-06-16,10.0,city
e5cbd98,2026-06-16,50.0,ucb
e5cbd98,2026-06-17,100.0,city
e5cbd98,2026-06-17,6.0,city
e5cbd98,2026-06-17,27.0,city
e5cbd98,2026-06-17,10.0,city
e5cbd98,2026-06-17,25.0,city
e5cbd98,2026-06-17,41.0,city
e5cbd98,2026-06-18,27.0,city
e5cbd98,2026-06-19,20.0,city
e5cbd98,2026-06-20,5.0,city
e5cbd98,2026-06-21,6.0,city
e5cbd98,2026-06-21,27.0,city
e5cbd98,2026-06-21,50.0,city
e5cbd98,2026-06-21,27.0,ucb
e5cbd98,2026-06-22,10.0,city
e5cbd98,2026-06-23,10.0,city
e5cbd98,2026-06-23,50.0,city
e5cbd98,2026-06-23,20.0,city
e5cbd98,2026-06-23,50.0,city
e5cbd98,2026-06-23,50.0,city
e5cbd98,2026-06-23,10.0,ucb
e5cbd98,2026-06-24,27.0,city
e5cbd98,2026-06-24,27.0,city
e5cbd98,2026-06-25,27.0,city
e5cbd98,2026-06-25,9.0,city
e5cbd98,2026-06-26,20.0,city
e5cbd98,2026-06-27,27.0,ucb
e5cbd98,2026-06-28,6.0,city
e5cbd98,2026-06-28,27.0,city
e5cbd98,2026-06-28,50.0,city
e5cbd98,2026-06-28,25.0,ucb
e5cbd98,2026-06-29,27.0,city
e5cbd98,2026-06-30,6.0,city
e5cbd98,2026-06-30,27.0,city
e62bda4,2025-08-14,15.0,city
e62bda4,2025-08-20,100.0,ucb
e62bda4,2025-09-14,15.0,city
e62bda4,2025-09-20,100.0,ucb
e62bda4,2025-10-14,15.0,city
e62bda4,2025-10-20,100.0,ucb
e62bda4,2025-11-14,15.0,city
e62bda4,2025-11-20,500.0,city
e62bda4,2025-12-14,15.0,city
e62bda4,2025-12-17,50.0,city
e62bda4,2025-12-26,25.0,city
e62bda4,2026-01-14,15.0,city
e62bda4,2026-01-17,500.0,city
e62bda4,2026-01-19,50.0,city
e62bda4,2026-01-24,2000.0,city
e62bda4,2026-01-26,1000.0,city
e62bda4,2026-02-14,15.0,city
e62bda4,2026-03-10,500.0,city
e62bda4,2026-03-14,15.0,city
e62bda4,2026-03-31,50.0,city
e62bda4,2026-04-14,15.0,city
e62bda4,2026-05-14,15.0,city
e62bda4,2026-06-11,3500.0,city
e62bda4,2026-06-11,3500.0,city
e62bda4,2026-06-14,15.0,city
e6c342d,2026-02-04,250.0,both
e6c342d,2026-03-13,350.0,ucb
e6c342d,2026-03-14,1000.0,both
e6c342d,2026-03-14,1000.0,ucb
e6c342d,2026-03-15,500.0,both
e6c342d,2026-03-21,250.0,both
e6c342d,2026-03-21,2500.0,ucb
e6c342d,2026-05-25,3500.0,ucb
e6c342d,2026-05-29,250.0,both
e6d0d1e,2026-02-19,250.0,city
e6d0d1e,2026-02-21,250.0,ucb
e7bfa69,2025-09-21,1000.0,city
e7bfa69,2025-10-16,1500.0,city
e7bfa69,2025-11-01,1000.0,city
e7bfa69,2025-11-02,1000.0,city
e7bfa69,2025-11-04,1000.0,city
e7bfa69,2025-11-04,1000.0,city
e7bfa69,2026-02-24,1000.0,city
e7bfa69,2026-03-19,3500.0,city
e7bfa69,2026-03-19,3500.0,city
e7bfa69,2026-05-19,3500.0,city
e7bfa69,2026-05-19,3500.0,city
e7bfa69,2026-05-19,3500.0,city
e7bfa69,2026-05-29,3.0,city
e7bfa69,2026-06-28,250.0,city
e7bfa69,2026-06-29,3.0,city
e826c09,2026-01-16,250.0,city
e826c09,2026-06-10,1000.0,ucb
e826c09,2026-06-18,250.0,city
e8865d1,2025-12-08,1000.0,city
e8865d1,2026-03-16,250.0,city
e8865d1,2026-03-16,250.0,ucb
e8865d1,2026-04-06,50.0,city
e8865d1,2026-04-29,3500.0,city
e8865d1,2026-04-29,250.0,city
e8865d1,2026-05-06,1000.0,city
e8865d1,2026-05-06,50.0,city
e8865d1,2026-05-11,3500.0,city
e8865d1,2026-05-11,1000.0,city
e8865d1,2026-06-06,50.0,city
e9af608,2026-04-10,3500.0,city
e9af608,2026-04-10,3500.0,city
e9af608,2026-06-06,25.0,city
e9af608,2026-06-13,250.0,city
e9af608,2026-06-30,312.5,city
e9af608,2026-06-30,250.0,city
e9af608,2026-06-30,375.0,city
e9af608,2026-06-30,3500.0,city
e9af608,2026-06-30,2000.0,city
ea76d04,2026-05-13,3500.0,city
ea76d04,2026-05-13,3500.0,city
ea9a41c,2026-05-31,3500.0,city
eabcffc,2025-10-14,500.0,city
eabcffc,2025-10-14,500.0,city
eabcffc,2025-10-14,250.0,city
eabcffc,2025-10-14,250.0,city
eabcffc,2025-10-25,250.0,city
eabcffc,2025-10-26,500.0,city
eabcffc,2025-11-17,250.0,city
eabcffc,2025-11-20,500.0,city
eabcffc,2025-11-24,250.0,city
eabcffc,2025-12-11,250.0,city
eabcffc,2025-12-28,250.0,city
eabcffc,2026-01-14,5.0,city
eabcffc,2026-01-15,1000.0,city
eabcffc,2026-01-22,500.0,city
eabcffc,2026-01-22,500.0,city
eabcffc,2026-02-13,250.0,city
eabcffc,2026-02-14,5.0,city
eabcffc,2026-02-18,100.0,city
eabcffc,2026-03-04,100.0,city
eabcffc,2026-03-07,3475.0,city
eabcffc,2026-03-07,25.0,city
eabcffc,2026-03-14,5.0,city
eabcffc,2026-03-16,500.0,city
eabcffc,2026-03-17,2000.0,city
eabcffc,2026-03-23,500.0,city
eabcffc,2026-03-23,500.0,city
eabcffc,2026-03-25,10.0,city
eabcffc,2026-03-25,500.0,city
eabcffc,2026-03-25,1000.0,city
eabcffc,2026-03-27,500.0,city
eabcffc,2026-03-30,1000.0,city
eabcffc,2026-03-31,1000.0,city
eabcffc,2026-03-31,1000.0,city
eabcffc,2026-03-31,1000.0,city
eabcffc,2026-04-03,50.0,city
eabcffc,2026-04-06,100.0,city
eabcffc,2026-04-06,100.0,city
eabcffc,2026-04-06,500.0,city
eabcffc,2026-04-14,5.0,city
eabcffc,2026-04-19,100.0,city
eaea397,2026-06-01,9.0,city
eaea397,2026-06-01,9.0,city
eaea397,2026-06-02,27.0,city
ebf3840,2025-08-10,10.0,city
ebf3840,2025-08-13,10.0,city
ebf3840,2025-08-16,25.0,city
ebf3840,2025-08-16,20.0,city
ebf3840,2025-08-21,350.0,city
ebf3840,2025-08-28,25.0,city
ebf3840,2025-08-29,2.18,city
ebf3840,2025-08-31,10.0,city
ebf3840,2025-09-01,150.0,city
ebf3840,2025-09-02,25.0,city
ebf3840,2025-09-04,2.18,city
ebf3840,2025-09-08,1.13,city
ebf3840,2025-09-10,10.0,city
ebf3840,2025-09-12,3500.0,city
ebf3840,2025-09-15,33.33,city
ebf3840,2025-09-15,10.0,city
ebf3840,2025-09-15,33.33,city
ebf3840,2025-09-16,25.0,city
ebf3840,2025-09-16,20.0,city
ebf3840,2025-09-21,1.13,city
ebf3840,2025-09-26,2.18,city
ebf3840,2025-09-26,10.0,city
ebf3840,2025-09-26,500.0,city
ebf3840,2025-09-28,25.0,city
ebf3840,2025-09-29,15.0,city
ebf3840,2025-10-02,25.0,city
ebf3840,2025-10-02,100.0,city
ebf3840,2025-10-05,2.18,city
ebf3840,2025-10-08,2.18,city
ebf3840,2025-10-10,10.0,city
ebf3840,2025-10-13,50.0,city
ebf3840,2025-10-14,2.18,city
ebf3840,2025-10-16,25.0,city
ebf3840,2025-10-16,20.0,city
ebf3840,2025-10-18,2.18,city
ebf3840,2025-10-18,71.43,city
ebf3840,2025-10-20,10.0,city
ebf3840,2025-10-23,2.18,city
ebf3840,2025-10-24,2.18,city
ebf3840,2025-10-28,25.0,city
ebf3840,2025-10-28,30.0,city
ebf3840,2025-10-28,10.0,city
ebf3840,2025-10-30,2500.0,ucb
ebf3840,2025-10-30,2500.0,ucb
ebf3840,2025-11-02,100.0,city
ebf3840,2025-11-02,25.0,city
ebf3840,2025-11-04,25.0,city
ebf3840,2025-11-06,10.0,city
ebf3840,2025-11-08,200.0,city
ebf3840,2025-11-10,10.0,city
ebf3840,2025-11-12,25.0,city
ebf3840,2025-11-13,50.0,city
ebf3840,2025-11-16,20.0,city
ebf3840,2025-11-16,1.13,city
ebf3840,2025-11-16,25.0,city
ebf3840,2025-11-26,10.0,city
ebf3840,2025-11-26,12.5,city
ebf3840,2025-11-28,25.0,city
ebf3840,2025-11-29,10.0,city
ebf3840,2025-12-01,1.09,city
ebf3840,2025-12-02,25.0,city
ebf3840,2025-12-02,100.0,city
ebf3840,2025-12-05,10.0,city
ebf3840,2025-12-06,2.18,city
ebf3840,2025-12-10,10.0,city
ebf3840,2025-12-13,50.0,city
ebf3840,2025-12-14,3.34,city
ebf3840,2025-12-14,10.0,city
ebf3840,2025-12-14,20.0,city
ebf3840,2025-12-16,20.0,city
ebf3840,2025-12-16,25.0,city
ebf3840,2025-12-18,10.0,city
ebf3840,2025-12-23,1.47,city
ebf3840,2025-12-24,20.0,city
ebf3840,2025-12-28,25.0,city
ebf3840,2025-12-29,10.0,city
ebf3840,2025-12-30,5.0,city
ebf3840,2025-12-30,250.0,city
ebf3840,2025-12-31,6.5,city
ebf3840,2026-01-02,25.0,city
ebf3840,2026-01-06,10.0,city
ebf3840,2026-01-06,25.0,city
ebf3840,2026-01-07,1.47,city
ebf3840,2026-01-08,10.0,city
ebf3840,2026-01-10,10.0,city
ebf3840,2026-01-13,50.0,city
ebf3840,2026-01-16,20.0,city
ebf3840,2026-01-16,25.0,city
ebf3840,2026-01-17,10.0,city
ebf3840,2026-01-26,10.0,city
ebf3840,2026-01-27,125.0,city
ebf3840,2026-01-28,25.0,city
ebf3840,2026-01-28,10.0,city
ebf3840,2026-01-29,10.0,city
ebf3840,2026-01-31,10.0,city
ebf3840,2026-02-01,1.47,city
ebf3840,2026-02-02,25.0,city
ebf3840,2026-02-03,20.0,city
ebf3840,2026-02-06,1.0,city
ebf3840,2026-02-09,10.0,city
ebf3840,2026-02-10,10.0,city
ebf3840,2026-02-13,50.0,city
ebf3840,2026-02-13,1.0,city
ebf3840,2026-02-14,1.0,city
ebf3840,2026-02-15,1000.0,city
ebf3840,2026-02-16,25.0,city
ebf3840,2026-02-16,20.0,city
ebf3840,2026-02-18,1.0,city
ebf3840,2026-02-18,10.0,city
ebf3840,2026-02-21,500.0,city
ebf3840,2026-02-22,1.47,city
ebf3840,2026-02-26,10.0,city
ebf3840,2026-02-28,25.0,city
ebf3840,2026-03-02,1.0,city
ebf3840,2026-03-02,25.0,city
ebf3840,2026-03-04,10.0,city
ebf3840,2026-03-09,6.25,city
ebf3840,2026-03-10,111.11,city
ebf3840,2026-03-10,10.0,city
ebf3840,2026-03-10,1.47,city
ebf3840,2026-03-13,50.0,city
ebf3840,2026-03-13,10.0,city
ebf3840,2026-03-16,20.0,city
ebf3840,2026-03-16,25.0,city
ebf3840,2026-03-28,25.0,city
ebf3840,2026-04-02,25.0,city
ebf3840,2026-04-07,1.47,city
ebf3840,2026-04-10,10.0,city
ebf3840,2026-04-13,50.0,city
ebf3840,2026-04-13,1.47,city
ebf3840,2026-04-16,20.0,city
ebf3840,2026-04-16,25.0,city
ebf3840,2026-04-18,1.47,city
ebf3840,2026-04-21,25.0,city
ebf3840,2026-04-28,25.0,city
ebf3840,2026-05-04,250.0,ucb
ebf3840,2026-05-09,250.0,city
ebf3840,2026-05-10,10.0,city
ebf3840,2026-05-15,5.0,city
ebf3840,2026-05-16,20.0,city
ebf3840,2026-05-16,25.0,city
ebf3840,2026-05-25,300.0,city
ebf3840,2026-05-28,25.0,city
ebf3840,2026-06-09,1111.11,city
ebf3840,2026-06-10,10.0,city
ebf3840,2026-06-11,277.77,city
ebf3840,2026-06-11,277.77,city
ebf3840,2026-06-11,25.0,city
ebf3840,2026-06-16,25.0,city
ebf3840,2026-06-16,20.0,city
ebf3840,2026-06-25,5.0,city
ebf3840,2026-06-28,25.0,city
ebf3840,2026-06-29,9.62,city
ebf3840,2026-06-30,1000.0,city
ec386de,2025-10-31,350.0,city
ec386de,2025-11-04,250.0,city
ec386de,2026-02-02,500.0,city
ec386de,2026-03-27,1000.0,city
ec386de,2026-03-31,250.0,city
ec386de,2026-05-14,250.0,city
ec386de,2026-05-20,200.0,city
ec386de,2026-05-21,200.0,city
ec386de,2026-05-24,100.0,city
ec386de,2026-05-25,2500.0,city
ec386de,2026-05-27,100.0,city
ec386de,2026-05-29,200.0,city
ec386de,2026-06-08,250.0,city
ec386de,2026-06-12,50.0,city
ec386de,2026-06-29,300.0,city
ec386de,2026-06-30,500.0,city
ecf27c2,2025-12-06,500.0,city
ecf27c2,2026-01-31,500.0,city
ecf27c2,2026-02-26,2000.0,city
ecf27c2,2026-03-04,1000.0,city
ecf27c2,2026-03-06,250.0,city
ecf27c2,2026-03-07,500.0,city
ed01ed4,2026-05-24,50.0,city
ed01ed4,2026-05-26,250.0,city
ed01ed4,2026-06-22,25.0,city
ed01ed4,2026-06-24,50.0,city
ed1b08b,2025-08-12,250.0,city
ee593f8,2025-08-18,1500.0,ucb
ee593f8,2025-08-30,20.0,city
ee593f8,2025-09-30,20.0,city
ee593f8,2025-10-17,250.0,city
ee593f8,2025-10-30,20.0,city
ee593f8,2025-11-30,20.0,city
ee593f8,2025-12-30,20.0,city
ee593f8,2026-01-30,20.0,city
ee593f8,2026-02-01,250.0,city
ee593f8,2026-02-28,20.0,city
ee593f8,2026-03-30,20.0,city
ee593f8,2026-04-30,20.0,city
ee593f8,2026-05-15,250.0,city
ee593f8,2026-05-30,20.0,city
eee37f8,2025-09-26,1000.0,city
eef4e1f,2025-09-29,3500.0,city
eef4e1f,2025-09-29,1500.0,city
eef4e1f,2026-03-26,500.0,city
eef4e1f,2026-06-05,100.0,city
ef4c7f9,2026-03-14,250.0,city
ef50b9c,2026-01-25,7000.0,city
efb99b1,2025-08-11,150.0,city
efb99b1,2025-08-12,48.0,city
efb99b1,2025-08-12,25.0,city
efb99b1,2025-08-13,200.0,city
efb99b1,2025-08-19,48.0,city
efb99b1,2025-08-20,5.0,city
efb99b1,2025-08-21,27.0,city
efb99b1,2025-08-21,3.0,city
efb99b1,2025-08-25,25.0,city
efb99b1,2025-08-27,25.0,city
efb99b1,2025-08-27,5.0,city
efb99b1,2025-08-27,20.0,city
efb99b1,2025-08-28,400.0,city
efb99b1,2025-08-30,6.0,city
efb99b1,2025-09-02,52.0,city
efb99b1,2025-09-04,25.0,city
efb99b1,2025-09-05,3.0,city
efb99b1,2025-09-05,50.0,city
efb99b1,2025-09-07,6.0,city
efb99b1,2025-09-07,6.0,city
efb99b1,2025-09-08,48.0,city
efb99b1,2025-09-12,25.0,city
efb99b1,2025-09-13,200.0,city
efb99b1,2025-09-15,25.0,city
efb99b1,2025-09-19,50.0,city
efb99b1,2025-09-20,5.0,city
efb99b1,2025-09-21,27.0,city
efb99b1,2025-09-21,3.0,city
efb99b1,2025-09-27,25.0,city
efb99b1,2025-09-27,5.0,city
efb99b1,2025-09-27,20.0,city
efb99b1,2025-09-28,400.0,city
efb99b1,2025-09-29,250.0,city
efb99b1,2025-09-29,100.0,city
efb99b1,2025-09-30,6.0,city
efb99b1,2025-10-01,1000.0,city
efb99b1,2025-10-04,25.0,city
efb99b1,2025-10-05,6.0,city
efb99b1,2025-10-05,6.0,city
efb99b1,2025-10-05,3.0,city
efb99b1,2025-10-05,50.0,city
efb99b1,2025-10-07,6.0,city
efb99b1,2025-10-07,6.0,city
efb99b1,2025-10-12,25.0,city
efb99b1,2025-10-15,25.0,city
efb99b1,2025-10-20,5.0,city
efb99b1,2025-10-21,27.0,city
efb99b1,2025-10-21,3.0,city
efb99b1,2025-10-27,5.0,city
efb99b1,2025-10-27,25.0,city
efb99b1,2025-10-27,20.0,city
efb99b1,2025-10-30,6.0,city
efb99b1,2025-10-30,15.0,city
efb99b1,2025-11-04,25.0,city
efb99b1,2025-11-05,6.0,city
efb99b1,2025-11-05,6.0,city
efb99b1,2025-11-05,3.0,city
efb99b1,2025-11-05,50.0,city
efb99b1,2025-11-12,25.0,city
efb99b1,2025-11-19,52.0,city
efb99b1,2025-11-20,5.0,city
efb99b1,2025-11-21,27.0,city
efb99b1,2025-11-21,3.0,city
efb99b1,2025-11-27,25.0,city
efb99b1,2025-11-27,5.0,city
efb99b1,2025-11-30,72.0,city
efb99b1,2025-11-30,6.0,city
efb99b1,2025-11-30,15.0,city
efb99b1,2025-12-05,6.0,city
efb99b1,2025-12-05,6.0,city
efb99b1,2025-12-05,3.0,city
efb99b1,2025-12-05,50.0,city
efb99b1,2025-12-09,52.0,city
efb99b1,2025-12-11,25.0,city
efb99b1,2025-12-12,25.0,city
efb99b1,2025-12-15,52.0,city
efb99b1,2025-12-20,5.0,city
efb99b1,2025-12-21,27.0,city
efb99b1,2025-12-21,3.0,city
efb99b1,2025-12-22,25.0,city
efb99b1,2025-12-27,25.0,city
efb99b1,2025-12-27,5.0,city
efb99b1,2025-12-27,20.0,city
efb99b1,2025-12-28,27.0,city
efb99b1,2025-12-30,6.0,city
efb99b1,2025-12-30,15.0,city
efb99b1,2026-01-05,6.0,city
efb99b1,2026-01-05,6.0,city
efb99b1,2026-01-05,3.0,city
efb99b1,2026-01-05,50.0,city
efb99b1,2026-01-08,42.0,city
efb99b1,2026-01-11,50.0,city
efb99b1,2026-01-12,25.0,city
efb99b1,2026-01-15,52.0,city
efb99b1,2026-01-18,16.0,city
efb99b1,2026-01-18,15.0,city
efb99b1,2026-01-20,5.0,city
efb99b1,2026-01-21,27.0,city
efb99b1,2026-01-21,16.0,city
efb99b1,2026-01-21,3.0,city
efb99b1,2026-01-22,16.0,city
efb99b1,2026-01-27,25.0,city
efb99b1,2026-01-28,25.0,city
efb99b1,2026-01-28,10.0,city
efb99b1,2026-01-28,16.0,city
efb99b1,2026-01-29,25.0,city
efb99b1,2026-01-30,6.0,city
efb99b1,2026-01-30,15.0,city
efb99b1,2026-01-31,12.5,city
efb99b1,2026-01-31,25.0,city
efb99b1,2026-01-31,25.0,city
efb99b1,2026-01-31,13.0,city
efb99b1,2026-01-31,25.0,city
efb99b1,2026-02-03,100.0,city
efb99b1,2026-02-04,25.0,city
efb99b1,2026-02-05,6.0,city
efb99b1,2026-02-05,6.0,city
efb99b1,2026-02-05,3.0,city
efb99b1,2026-02-05,50.0,city
efb99b1,2026-02-07,25.0,city
efb99b1,2026-02-08,100.0,city
efb99b1,2026-02-10,100.0,city
efb99b1,2026-02-12,25.0,city
efb99b1,2026-02-14,50.0,city
efb99b1,2026-02-20,44.0,city
efb99b1,2026-02-20,5.0,city
efb99b1,2026-02-21,27.0,city
efb99b1,2026-02-21,3.0,city
efb99b1,2026-02-22,250.0,city
efb99b1,2026-02-22,44.0,city
efb99b1,2026-02-25,50.0,city
efb99b1,2026-02-25,50.0,city
efb99b1,2026-02-25,25.0,city
efb99b1,2026-02-25,25.0,city
efb99b1,2026-02-26,14.0,city
efb99b1,2026-02-27,25.0,city
efb99b1,2026-02-27,5.0,city
efb99b1,2026-02-27,12.5,city
efb99b1,2026-02-28,6.0,city
efb99b1,2026-02-28,15.0,city
efb99b1,2026-02-28,12.5,city
efb99b1,2026-02-28,25.0,city
efb99b1,2026-03-04,12.5,city
efb99b1,2026-03-04,25.0,city
efb99b1,2026-03-04,25.0,city
efb99b1,2026-03-04,14.0,city
efb99b1,2026-03-05,6.0,city
efb99b1,2026-03-05,6.0,city
efb99b1,2026-03-05,15.0,city
efb99b1,2026-03-05,3.0,city
efb99b1,2026-03-05,50.0,city
efb99b1,2026-03-08,25.0,city
efb99b1,2026-03-08,25.0,city
efb99b1,2026-03-10,50.0,city
efb99b1,2026-03-12,25.0,city
efb99b1,2026-03-20,5.0,city
efb99b1,2026-03-21,27.0,city
efb99b1,2026-03-21,10.0,city
efb99b1,2026-03-21,3.0,city
efb99b1,2026-03-22,44.0,city
efb99b1,2026-03-27,25.0,city
efb99b1,2026-03-27,5.0,city
efb99b1,2026-03-27,20.0,city
efb99b1,2026-03-27,25.0,city
efb99b1,2026-03-29,25.0,city
efb99b1,2026-03-30,6.0,city
efb99b1,2026-03-30,15.0,city
efb99b1,2026-04-04,25.0,city
efb99b1,2026-04-05,6.0,city
efb99b1,2026-04-05,6.0,city
efb99b1,2026-04-05,3.0,city
efb99b1,2026-04-05,50.0,city
efb99b1,2026-04-12,25.0,city
efb99b1,2026-04-18,88.0,city
efb99b1,2026-04-20,5.0,city
efb99b1,2026-04-20,5.0,city
efb99b1,2026-04-21,27.0,city
efb99b1,2026-04-21,3.0,city
efb99b1,2026-04-27,25.0,city
efb99b1,2026-04-27,5.0,city
efb99b1,2026-04-27,25.0,city
efb99b1,2026-04-27,5.0,city
efb99b1,2026-04-29,25.0,city
efb99b1,2026-04-30,6.0,city
efb99b1,2026-04-30,15.0,city
efb99b1,2026-05-02,250.0,city
efb99b1,2026-05-03,100.0,city
efb99b1,2026-05-04,100.0,city
efb99b1,2026-05-04,25.0,city
efb99b1,2026-05-05,6.0,city
efb99b1,2026-05-05,6.0,city
efb99b1,2026-05-05,3.0,city
efb99b1,2026-05-05,50.0,city
efb99b1,2026-05-07,3.0,city
efb99b1,2026-05-08,50.0,city
efb99b1,2026-05-11,25.0,city
efb99b1,2026-05-12,25.0,city
efb99b1,2026-05-13,5.0,city
efb99b1,2026-05-20,5.0,city
efb99b1,2026-05-20,50.0,city
efb99b1,2026-05-21,27.0,city
efb99b1,2026-05-21,3.0,city
efb99b1,2026-05-27,25.0,city
efb99b1,2026-05-27,25.0,city
efb99b1,2026-05-27,5.0,city
efb99b1,2026-05-29,50.0,city
efb99b1,2026-05-29,25.0,city
efb99b1,2026-05-30,6.0,city
efb99b1,2026-05-30,15.0,city
efb99b1,2026-05-30,25.0,city
efb99b1,2026-05-30,250.0,city
efb99b1,2026-06-04,25.0,city
efb99b1,2026-06-05,6.0,city
efb99b1,2026-06-05,6.0,city
efb99b1,2026-06-05,3.0,city
efb99b1,2026-06-05,50.0,city
efb99b1,2026-06-10,27.0,city
efb99b1,2026-06-20,5.0,city
efb99b1,2026-06-21,27.0,city
efb99b1,2026-06-21,3.0,city
efb99b1,2026-06-27,25.0,city
efb99b1,2026-06-27,5.0,city
efb99b1,2026-06-28,25.0,city
efb99b1,2026-06-29,25.0,city
efb99b1,2026-06-30,6.0,city
efb99b1,2026-06-30,15.0,city
efb99b1,2026-06-30,100.0,city
f046308,2025-09-05,100.0,city
f046308,2025-10-04,3500.0,city
f046308,2025-10-04,250.0,city
f046308,2025-10-05,100.0,city
f046308,2025-10-14,35.0,city
f046308,2025-11-05,100.0,city
f046308,2025-11-07,2000.0,city
f046308,2025-11-07,500.0,city
f046308,2025-11-10,1000.0,city
f046308,2025-11-14,35.0,city
f046308,2025-11-19,3500.0,city
f046308,2025-11-19,1000.0,city
f046308,2025-11-19,1000.0,city
f046308,2025-12-07,100.0,city
f046308,2025-12-14,35.0,city
f046308,2026-01-05,100.0,city
f046308,2026-01-16,50.0,city
f046308,2026-01-29,142.86,city
f046308,2026-01-29,357.15,city
f046308,2026-01-29,357.15,city
f046308,2026-01-29,285.72,city
f046308,2026-01-29,42.86,city
f046308,2026-01-29,142.86,city
f046308,2026-01-29,71.43,city
f046308,2026-01-29,714.29,city
f046308,2026-01-29,285.72,city
f046308,2026-01-31,285.72,city
f046308,2026-01-31,142.86,city
f046308,2026-02-05,100.0,city
f046308,2026-02-14,35.0,city
f046308,2026-02-16,50.0,city
f046308,2026-02-20,714.29,city
f046308,2026-03-05,250.0,city
f046308,2026-03-05,100.0,city
f046308,2026-03-14,250.0,city
f046308,2026-03-14,250.0,city
f046308,2026-03-14,35.0,city
f046308,2026-03-16,50.0,city
f046308,2026-03-19,50.0,city
f046308,2026-03-19,250.0,city
f046308,2026-03-29,250.0,city
f046308,2026-03-29,250.0,city
f046308,2026-03-29,250.0,city
f046308,2026-03-30,200.0,city
f046308,2026-03-30,250.0,city
f046308,2026-03-31,250.0,city
f046308,2026-04-05,100.0,city
f046308,2026-04-08,250.0,city
f046308,2026-04-13,100.0,city
f046308,2026-04-14,35.0,city
f046308,2026-04-16,50.0,city
f046308,2026-04-17,250.0,city
f046308,2026-04-24,200.0,city
f046308,2026-04-27,25.0,city
f046308,2026-05-05,100.0,city
f046308,2026-05-08,50.0,city
f046308,2026-05-14,35.0,city
f046308,2026-05-16,500.0,city
f046308,2026-05-16,50.0,city
f046308,2026-05-17,50.0,city
f046308,2026-05-20,250.0,city
f046308,2026-05-22,250.0,city
f046308,2026-05-27,25.0,city
f046308,2026-05-31,1000.0,ucb
f046308,2026-06-04,500.0,city
f046308,2026-06-05,100.0,city
f046308,2026-06-09,200.0,city
f046308,2026-06-13,500.0,city
f046308,2026-06-14,108.0,city
f046308,2026-06-16,50.0,city
f046308,2026-06-17,100.0,city
f046308,2026-06-17,750.0,city
f046308,2026-06-22,100.0,city
f046308,2026-06-24,35.0,city
f046308,2026-06-27,25.0,city
f1837ee,2025-10-16,25.0,city
f1837ee,2025-10-24,25.0,city
f1837ee,2025-11-11,25.0,city
f1837ee,2025-11-18,25.0,city
f1837ee,2025-12-10,25.0,city
f1837ee,2026-03-25,25.0,city
f1837ee,2026-04-06,25.0,city
f201c15,2025-08-28,250.0,city
f201c15,2025-09-18,3250.0,city
f201c15,2025-09-18,1750.0,city
f201c15,2025-11-18,1750.0,city
f201c15,2025-11-18,1750.0,city
f201c15,2025-11-18,3500.0,city
f201c15,2025-11-27,1000.0,city
f201c15,2025-12-06,500.0,city
f201c15,2025-12-08,250.0,city
f201c15,2025-12-08,250.0,city
f201c15,2025-12-09,25.0,city
f201c15,2025-12-29,1750.0,city
f201c15,2025-12-30,3500.0,city
f201c15,2025-12-30,3500.0,city
f201c15,2025-12-30,3500.0,city
f201c15,2025-12-30,3500.0,city
f201c15,2025-12-31,3500.0,city
f201c15,2025-12-31,3500.0,city
f201c15,2025-12-31,3500.0,city
f201c15,2025-12-31,3500.0,city
f201c15,2026-01-28,15.0,city
f201c15,2026-02-19,100.0,city
f201c15,2026-02-28,15.0,city
f201c15,2026-03-19,3500.0,city
f201c15,2026-03-19,3500.0,city
f201c15,2026-03-23,3500.0,city
f201c15,2026-03-23,3500.0,city
f201c15,2026-03-24,3500.0,city
f201c15,2026-03-24,3500.0,city
f201c15,2026-03-28,15.0,city
f201c15,2026-03-29,25.0,city
f201c15,2026-03-30,1000.0,city
f201c15,2026-03-31,3500.0,city
f201c15,2026-03-31,3500.0,city
f201c15,2026-03-31,3500.0,city
f201c15,2026-03-31,3500.0,city
f201c15,2026-04-28,15.0,city
f201c15,2026-05-19,100.0,city
f201c15,2026-05-28,15.0,city
f339a8e,2026-02-16,250.0,city
f39d143,2025-08-13,500.0,city
f3ddb91,2026-06-28,250.0,city
f3e4550,2025-08-26,500.0,city
f3e4550,2025-09-02,1000.0,city
f3e4550,2025-09-05,500.0,city
f3e4550,2025-11-08,200.0,city
f3e4550,2025-11-11,250.0,city
f3e4550,2026-04-08,1428.57,city
f3e4550,2026-05-21,300.0,city
f3e4550,2026-06-11,250.0,city
f5e0b2a,2025-08-15,10.0,city
f5e0b2a,2025-08-20,25.0,city
f5e0b2a,2025-08-26,25.0,city
f5e0b2a,2025-08-29,100.0,city
f5e0b2a,2025-09-05,25.0,city
f5e0b2a,2025-09-06,100.0,city
f5e0b2a,2025-09-29,100.0,city
f5e0b2a,2025-10-06,100.0,city
f5e0b2a,2025-10-29,100.0,city
f5e0b2a,2025-11-06,100.0,city
f5e0b2a,2025-11-29,100.0,city
f5e0b2a,2025-12-06,100.0,city
f5e0b2a,2026-01-06,100.0,city
f5e0b2a,2026-01-29,100.0,city
f5e0b2a,2026-02-05,100.0,city
f5e0b2a,2026-02-05,100.0,city
f5e0b2a,2026-02-06,1000.0,city
f5e0b2a,2026-02-06,100.0,city
f5e0b2a,2026-02-12,250.0,city
f5e0b2a,2026-02-28,100.0,city
f5e0b2a,2026-03-06,100.0,city
f5e0b2a,2026-03-28,100.0,city
f5e0b2a,2026-03-29,100.0,city
f5e0b2a,2026-04-05,12.5,city
f5e0b2a,2026-04-06,100.0,city
f5e0b2a,2026-04-29,100.0,city
f5e0b2a,2026-05-05,12.5,city
f5e0b2a,2026-05-06,100.0,city
f5e0b2a,2026-05-29,100.0,city
f5e0b2a,2026-06-05,12.5,city
f5e0b2a,2026-06-06,100.0,city
f5e0b2a,2026-06-29,100.0,city
f62ec80,2025-08-22,3500.0,city
f62ec80,2025-09-22,3500.0,city
f62ec80,2025-09-22,3500.0,city
f62ec80,2025-10-08,3500.0,city
f62ec80,2025-10-08,3500.0,city
f62ec80,2025-10-19,3500.0,city
f725b22,2026-02-13,50.0,city
f725b22,2026-03-13,50.0,city
f725b22,2026-03-23,1000.0,city
f725b22,2026-04-13,50.0,city
f725b22,2026-05-13,50.0,city
f725b22,2026-06-13,50.0,city
f78a198,2025-09-12,300.0,city
f78a198,2026-02-26,3500.0,city
f78a198,2026-02-26,3500.0,city
f78a198,2026-04-08,1428.57,city
f78a198,2026-06-16,100.0,city
f78a198,2026-06-16,100.0,city
f7c9da3,2026-06-28,300.0,city
f7c9da3,2026-06-30,250.0,city
f7c9da3,2026-06-30,3500.0,city
f7c9da3,2026-06-30,2000.0,city
f7c9da3,2026-06-30,312.5,city
f7c9da3,2026-06-30,666.67,city
f7c9da3,2026-06-30,375.0,city
f82a7bd,2025-08-12,50.0,city
f82a7bd,2025-08-12,15.0,city
f82a7bd,2025-08-14,25.0,city
f82a7bd,2025-08-23,25.0,city
f82a7bd,2025-08-27,10.0,city
f82a7bd,2025-08-30,25.0,city
f82a7bd,2025-09-04,25.0,city
f82a7bd,2025-09-05,10.0,city
f82a7bd,2025-09-06,10.0,city
f82a7bd,2025-09-08,10.0,city
f82a7bd,2025-09-08,50.0,city
f82a7bd,2025-09-08,5.0,city
f82a7bd,2025-09-08,25.0,city
f82a7bd,2025-09-12,10.0,city
f82a7bd,2025-09-16,15.0,city
f82a7bd,2025-09-16,10.0,city
f82a7bd,2025-09-17,10.0,city
f82a7bd,2025-09-17,50.0,city
f82a7bd,2025-09-19,50.0,city
f82a7bd,2025-09-19,25.0,city
f82a7bd,2025-09-20,100.0,city
f82a7bd,2025-09-20,25.0,city
f82a7bd,2025-09-21,25.0,city
f82a7bd,2025-09-21,25.0,city
f82a7bd,2025-09-22,10.0,city
f82a7bd,2025-09-23,10.0,city
f82a7bd,2025-09-23,20.0,city
f82a7bd,2025-09-26,100.0,city
f82a7bd,2025-09-27,100.0,city
f82a7bd,2025-09-27,250.0,city
f82a7bd,2025-09-30,5.0,city
f831f87,2026-03-31,3500.0,city
f831f87,2026-03-31,3500.0,city
f831f87,2026-03-31,3500.0,city
f831f87,2026-03-31,3500.0,city
f86b47d,2025-12-02,200.0,city
f86b47d,2025-12-02,250.0,city
f86b47d,2025-12-03,250.0,city
f86b47d,2025-12-15,560.0,city
f86b47d,2026-03-30,250.0,city
f86b47d,2026-04-26,250.0,city
f86b47d,2026-05-01,250.0,city
f86b47d,2026-05-08,1000.0,city
f86b47d,2026-05-22,250.0,city
f86b47d,2026-05-26,300.0,city
f86b47d,2026-06-09,100.0,city
f98f33e,2025-11-13,2000.0,city
f98f33e,2025-11-20,1000.0,city
f98f33e,2025-11-20,1666.66,city
f98f33e,2025-11-20,666.66,city
f98f33e,2025-11-20,3500.0,city
f98f33e,2026-01-12,3500.0,city
f98f33e,2026-02-03,285.71,city
f98f33e,2026-02-03,357.14,city
f98f33e,2026-02-03,714.28,city
f98f33e,2026-02-03,142.86,city
f98f33e,2026-02-03,285.71,city
f98f33e,2026-02-03,357.14,city
f98f33e,2026-02-03,142.86,city
f98f33e,2026-02-10,285.71,city
f98f33e,2026-02-24,714.28,city
f9f0485,2026-04-29,1000.0,city
f9f0485,2026-04-30,3500.0,city
f9f0485,2026-04-30,3500.0,city
f9f0485,2026-04-30,3500.0,city
f9f0485,2026-05-09,1000.0,city
faaae94,2025-08-13,20.0,city
faaae94,2025-08-19,20.0,city
faaae94,2025-08-23,100.0,city
faaae94,2025-08-25,125.0,city
faaae94,2025-08-31,50.0,ucb
faaae94,2025-09-01,10.0,city
faaae94,2025-09-02,15.0,city
faaae94,2025-09-03,30.0,city
faaae94,2025-09-03,28.0,city
faaae94,2025-09-04,20.0,city
faaae94,2025-09-04,20.0,city
faaae94,2025-09-05,20.0,city
faaae94,2025-09-08,250.0,city
faaae94,2025-09-08,28.0,city
faaae94,2025-09-13,20.0,city
faaae94,2025-09-18,100.0,city
faaae94,2025-09-19,20.0,city
faaae94,2025-09-21,25.0,city
faaae94,2025-09-23,28.0,city
faaae94,2025-09-28,125.0,city
faaae94,2025-09-29,100.0,city
faaae94,2025-09-30,50.0,ucb
faaae94,2025-10-01,10.0,city
faaae94,2025-10-02,15.0,city
faaae94,2025-10-02,10.0,city
faaae94,2025-10-03,30.0,city
faaae94,2025-10-03,28.0,city
faaae94,2025-10-04,20.0,city
faaae94,2025-10-05,20.0,city
faaae94,2025-10-13,20.0,city
faaae94,2025-10-14,15.0,city
faaae94,2025-10-19,20.0,city
faaae94,2025-10-27,27.0,city
faaae94,2025-10-30,15.0,city
faaae94,2025-10-31,50.0,ucb
faaae94,2025-11-01,10.0,city
faaae94,2025-11-02,15.0,city
faaae94,2025-11-02,10.0,city
faaae94,2025-11-03,30.0,city
faaae94,2025-11-03,28.0,city
faaae94,2025-11-04,20.0,city
faaae94,2025-11-05,20.0,city
faaae94,2025-11-12,14.0,city
faaae94,2025-11-13,20.0,city
faaae94,2025-11-14,15.0,city
faaae94,2025-11-17,14.0,city
faaae94,2025-11-18,14.0,city
faaae94,2025-11-19,20.0,city
faaae94,2025-11-30,15.0,city
faaae94,2025-11-30,50.0,ucb
faaae94,2025-12-01,10.0,city
faaae94,2025-12-02,15.0,city
faaae94,2025-12-02,10.0,city
faaae94,2025-12-03,30.0,city
faaae94,2025-12-03,28.0,city
faaae94,2025-12-04,20.0,city
faaae94,2025-12-05,20.0,city
faaae94,2025-12-10,25.0,city
faaae94,2025-12-13,20.0,city
faaae94,2025-12-14,15.0,city
faaae94,2025-12-18,28.0,city
faaae94,2025-12-19,20.0,city
faaae94,2025-12-19,20.0,city
faaae94,2025-12-30,250.0,city
faaae94,2025-12-30,15.0,city
faaae94,2025-12-31,50.0,ucb
faaae94,2026-01-01,10.0,city
faaae94,2026-01-02,15.0,city
faaae94,2026-01-02,10.0,city
faaae94,2026-01-03,30.0,city
faaae94,2026-01-03,28.0,city
faaae94,2026-01-03,15.0,city
faaae94,2026-01-04,20.0,city
faaae94,2026-01-05,20.0,city
faaae94,2026-01-13,20.0,city
faaae94,2026-01-13,7.5,city
faaae94,2026-01-13,50.0,city
faaae94,2026-01-14,15.0,city
faaae94,2026-01-18,100.0,city
faaae94,2026-01-19,20.0,city
faaae94,2026-01-19,20.0,city
faaae94,2026-01-30,15.0,city
faaae94,2026-01-31,50.0,ucb
faaae94,2026-02-01,10.0,city
faaae94,2026-02-01,28.0,city
faaae94,2026-02-02,15.0,city
faaae94,2026-02-02,100.0,city
faaae94,2026-02-02,10.0,city
faaae94,2026-02-03,30.0,city
faaae94,2026-02-03,28.0,city
faaae94,2026-02-03,15.0,city
faaae94,2026-02-04,20.0,city
faaae94,2026-02-05,20.0,city
faaae94,2026-02-13,125.0,city
faaae94,2026-02-13,20.0,city
faaae94,2026-02-14,15.0,city
faaae94,2026-02-19,20.0,city
faaae94,2026-02-19,20.0,city
faaae94,2026-02-27,2.5,city
faaae94,2026-02-27,28.0,city
faaae94,2026-02-28,50.0,ucb
faaae94,2026-03-01,10.0,city
faaae94,2026-03-02,15.0,city
faaae94,2026-03-02,10.0,city
faaae94,2026-03-02,15.0,city
faaae94,2026-03-03,28.0,city
faaae94,2026-03-03,15.0,city
faaae94,2026-03-04,20.0,city
faaae94,2026-03-05,20.0,city
faaae94,2026-03-09,100.0,city
faaae94,2026-03-09,10.0,city
faaae94,2026-03-09,28.0,city
faaae94,2026-03-13,20.0,city
faaae94,2026-03-14,15.0,city
faaae94,2026-03-18,125.0,city
faaae94,2026-03-19,20.0,city
faaae94,2026-03-19,20.0,city
faaae94,2026-03-21,125.0,city
faaae94,2026-03-26,14.0,city
faaae94,2026-03-30,15.0,city
faaae94,2026-03-31,50.0,ucb
faaae94,2026-04-01,10.0,city
faaae94,2026-04-01,250.0,city
faaae94,2026-04-02,15.0,city
faaae94,2026-04-02,5.0,city
faaae94,2026-04-02,10.0,city
faaae94,2026-04-03,30.0,city
faaae94,2026-04-03,28.0,city
faaae94,2026-04-03,15.0,city
faaae94,2026-04-04,20.0,city
faaae94,2026-04-05,20.0,city
faaae94,2026-04-12,50.0,city
faaae94,2026-04-13,25.0,city
faaae94,2026-04-13,20.0,city
faaae94,2026-04-14,15.0,city
faaae94,2026-04-19,20.0,city
faaae94,2026-04-19,20.0,city
faaae94,2026-04-22,5.0,city
faaae94,2026-04-22,150.0,city
faaae94,2026-04-26,15.0,city
faaae94,2026-04-26,50.0,city
faaae94,2026-04-28,10.0,city
faaae94,2026-04-30,15.0,city
faaae94,2026-04-30,50.0,ucb
faaae94,2026-05-01,10.0,city
faaae94,2026-05-02,15.0,city
faaae94,2026-05-02,10.0,city
faaae94,2026-05-03,30.0,city
faaae94,2026-05-03,28.0,city
faaae94,2026-05-03,15.0,city
faaae94,2026-05-04,20.0,city
faaae94,2026-05-05,20.0,city
faaae94,2026-05-06,125.0,city
faaae94,2026-05-06,125.0,city
faaae94,2026-05-06,50.0,city
faaae94,2026-05-11,250.0,city
faaae94,2026-05-11,100.0,city
faaae94,2026-05-12,100.0,city
faaae94,2026-05-12,50.0,city
faaae94,2026-05-13,20.0,city
faaae94,2026-05-14,15.0,city
faaae94,2026-05-14,100.0,city
faaae94,2026-05-18,50.0,city
faaae94,2026-05-19,20.0,city
faaae94,2026-05-19,20.0,city
faaae94,2026-05-22,5.0,city
faaae94,2026-05-26,15.0,city
faaae94,2026-05-26,50.0,city
faaae94,2026-05-28,10.0,city
faaae94,2026-05-30,15.0,city
faaae94,2026-05-31,50.0,ucb
faaae94,2026-06-01,10.0,city
faaae94,2026-06-02,25.0,city
faaae94,2026-06-02,15.0,city
faaae94,2026-06-02,10.0,city
faaae94,2026-06-03,30.0,city
faaae94,2026-06-03,28.0,city
faaae94,2026-06-03,15.0,city
faaae94,2026-06-04,20.0,city
faaae94,2026-06-05,100.0,city
faaae94,2026-06-05,20.0,city
faaae94,2026-06-12,50.0,city
faaae94,2026-06-13,20.0,city
faaae94,2026-06-14,15.0,city
faaae94,2026-06-18,100.0,city
faaae94,2026-06-19,20.0,city
faaae94,2026-06-19,20.0,city
faaae94,2026-06-22,5.0,city
faaae94,2026-06-22,28.0,city
faaae94,2026-06-24,250.0,city
faaae94,2026-06-26,15.0,city
faaae94,2026-06-26,50.0,city
faaae94,2026-06-27,10.0,city
faaae94,2026-06-27,14.0,city
faaae94,2026-06-28,10.0,city
faaae94,2026-06-28,100.0,city
faaae94,2026-06-30,15.0,city
faaae94,2026-06-30,50.0,ucb
fb637e8,2025-08-20,100.0,city
fb637e8,2025-08-21,100.0,city
fb637e8,2025-08-27,50.0,city
fb637e8,2025-08-28,50.0,city
fb637e8,2025-09-01,250.0,city
fb637e8,2025-09-05,25.0,city
fb637e8,2025-09-06,250.0,city
fb637e8,2025-09-08,500.0,city
fb637e8,2025-09-09,3500.0,city
fb637e8,2025-09-20,100.0,city
fb637e8,2025-09-20,50.0,city
fb637e8,2025-09-24,250.0,city
fb637e8,2025-09-27,25.0,city
fb637e8,2025-09-30,250.0,city
fb637e8,2025-09-30,250.0,city
fb637e8,2025-10-02,100.0,city
fb637e8,2025-10-03,500.0,city
fb637e8,2025-10-05,25.0,city
fb637e8,2025-10-05,250.0,city
fb637e8,2025-10-08,1000.0,city
fb637e8,2025-10-08,150.0,city
fb637e8,2025-10-09,100.0,city
fb637e8,2025-10-10,100.0,city
fb637e8,2025-10-12,100.0,city
fb637e8,2025-10-14,200.0,city
fb637e8,2025-10-15,50.0,city
fb637e8,2025-10-16,250.0,city
fb637e8,2025-10-16,250.0,city
fb637e8,2025-10-16,47.0,city
fb637e8,2025-10-20,100.0,city
fb637e8,2025-10-20,50.0,city
fb637e8,2025-10-22,50.0,city
fb637e8,2025-10-28,100.0,city
fb637e8,2025-11-01,250.0,city
fb637e8,2025-11-02,100.0,city
fb637e8,2025-11-05,25.0,city
fb637e8,2025-11-09,100.0,city
fb637e8,2025-11-10,200.0,city
fb637e8,2025-11-10,100.0,city
fb637e8,2025-11-11,100.0,city
fb637e8,2025-11-12,250.0,city
fb637e8,2025-11-12,250.0,city
fb637e8,2025-11-15,50.0,city
fb637e8,2025-11-18,100.0,city
fb637e8,2025-11-20,50.0,city
fb637e8,2025-11-20,100.0,city
fb637e8,2025-12-02,100.0,city
fb637e8,2025-12-03,200.0,city
fb637e8,2025-12-05,25.0,city
fb637e8,2025-12-09,100.0,city
fb637e8,2025-12-15,50.0,city
fb637e8,2025-12-16,100.0,city
fb637e8,2025-12-20,100.0,city
fb637e8,2025-12-29,50.0,city
fb637e8,2026-01-02,100.0,city
fb637e8,2026-01-12,50.0,city
fb637e8,2026-01-15,50.0,city
fb637e8,2026-01-16,100.0,city
fb637e8,2026-01-27,50.0,ucb
fb637e8,2026-01-31,25.0,city
fb637e8,2026-02-01,100.0,city
fb637e8,2026-02-01,200.0,city
fb637e8,2026-02-02,125.0,city
fb637e8,2026-02-04,500.0,city
fb637e8,2026-02-04,500.0,city
fb637e8,2026-02-04,100.0,ucb
fb637e8,2026-02-10,250.0,city
fb637e8,2026-02-12,50.0,city
fb637e8,2026-02-14,100.0,city
fb637e8,2026-02-15,100.0,city
fb637e8,2026-02-15,50.0,city
fb637e8,2026-02-17,200.0,city
fb637e8,2026-02-19,500.0,city
fb637e8,2026-02-22,500.0,city
fb637e8,2026-02-24,500.0,city
fb637e8,2026-02-25,100.0,city
fb637e8,2026-02-28,25.0,city
fb637e8,2026-03-01,25.0,city
fb637e8,2026-03-06,10.0,city
fb637e8,2026-03-09,500.0,city
fb637e8,2026-03-12,50.0,city
fb637e8,2026-03-13,200.0,city
fb637e8,2026-03-15,50.0,city
fb637e8,2026-03-17,250.0,city
fb637e8,2026-03-17,25.0,city
fb637e8,2026-03-21,125.0,city
fb637e8,2026-03-26,500.0,city
fb637e8,2026-03-29,100.0,city
fb637e8,2026-03-30,100.0,city
fb637e8,2026-03-30,200.0,city
fb637e8,2026-03-31,25.0,city
fb637e8,2026-04-01,25.0,city
fb637e8,2026-04-01,100.0,city
fb637e8,2026-04-02,25.0,city
fb637e8,2026-04-02,50.0,city
fb637e8,2026-04-04,100.0,city
fb637e8,2026-04-05,100.0,city
fb637e8,2026-04-06,10.0,city
fb637e8,2026-04-06,250.0,city
fb637e8,2026-04-07,100.0,both
fb637e8,2026-04-09,47.0,both
fb637e8,2026-04-12,50.0,city
fb637e8,2026-04-12,100.0,city
fb637e8,2026-04-13,25.0,city
fb637e8,2026-04-15,25.0,city
fb637e8,2026-04-15,50.0,city
fb637e8,2026-04-17,25.0,city
fb637e8,2026-04-18,25.0,city
fb637e8,2026-04-19,50.0,city
fb637e8,2026-04-20,25.0,city
fb637e8,2026-04-20,15.0,city
fb637e8,2026-04-23,100.0,city
fb637e8,2026-04-25,50.0,city
fb637e8,2026-04-27,35.0,city
fb637e8,2026-04-27,100.0,city
fb637e8,2026-04-27,25.0,city
fb637e8,2026-04-29,250.0,city
fb637e8,2026-04-30,10.0,city
fb637e8,2026-04-30,500.0,city
fb637e8,2026-04-30,200.0,city
fb637e8,2026-04-30,25.0,city
fb637e8,2026-04-30,25.0,city
fb637e8,2026-05-01,50.0,city
fb637e8,2026-05-01,25.0,city
fb637e8,2026-05-01,250.0,city
fb637e8,2026-05-02,500.0,both
fb637e8,2026-05-02,25.0,city
fb637e8,2026-05-03,100.0,city
fb637e8,2026-05-04,25.0,city
fb637e8,2026-05-05,2000.0,city
fb637e8,2026-05-06,10.0,city
fb637e8,2026-05-07,25.0,city
fb637e8,2026-05-09,50.0,city
fb637e8,2026-05-11,500.0,city
fb637e8,2026-05-11,25.0,city
fb637e8,2026-05-12,50.0,city
fb637e8,2026-05-12,25.0,city
fb637e8,2026-05-14,50.0,city
fb637e8,2026-05-15,50.0,city
fb637e8,2026-05-15,25.0,city
fb637e8,2026-05-16,100.0,city
fb637e8,2026-05-17,250.0,city
fb637e8,2026-05-17,25.0,city
fb637e8,2026-05-18,25.0,city
fb637e8,2026-05-19,50.0,city
fb637e8,2026-05-22,50.0,city
fb637e8,2026-05-22,100.0,city
fb637e8,2026-05-23,50.0,city
fb637e8,2026-05-25,500.0,city
fb637e8,2026-05-25,250.0,city
fb637e8,2026-05-27,100.0,city
fb637e8,2026-05-28,25.0,city
fb637e8,2026-05-28,35.0,city
fb637e8,2026-05-29,50.0,city
fb637e8,2026-05-31,25.0,city
fb637e8,2026-05-31,1000.0,ucb
fb637e8,2026-06-01,50.0,city
fb637e8,2026-06-01,50.0,city
fb637e8,2026-06-02,100.0,city
fb637e8,2026-06-02,25.0,city
fb637e8,2026-06-04,100.0,city
fb637e8,2026-06-06,100.0,city
fb637e8,2026-06-06,100.0,city
fb637e8,2026-06-06,10.0,city
fb637e8,2026-06-07,50.0,city
fb637e8,2026-06-08,10.0,city
fb637e8,2026-06-10,250.0,city
fb637e8,2026-06-11,250.0,city
fb637e8,2026-06-11,100.0,city
fb637e8,2026-06-12,3500.0,city
fb637e8,2026-06-12,50.0,city
fb637e8,2026-06-13,25.0,city
fb637e8,2026-06-15,50.0,city
fb637e8,2026-06-15,35.0,city
fb637e8,2026-06-16,100.0,city
fb637e8,2026-06-17,25.0,city
fb637e8,2026-06-17,25.0,city
fb637e8,2026-06-18,250.0,city
fb637e8,2026-06-18,250.0,city
fb637e8,2026-06-18,100.0,city
fb637e8,2026-06-19,10.0,city
fb637e8,2026-06-22,50.0,city
fb637e8,2026-06-23,50.0,city
fb637e8,2026-06-27,35.0,city
fb637e8,2026-06-27,100.0,city
fb637e8,2026-06-28,250.0,city
fb637e8,2026-06-28,25.0,city
fb637e8,2026-06-29,35.0,city
fb637e8,2026-06-29,100.0,city
fb637e8,2026-06-29,250.0,city
fb637e8,2026-06-30,250.0,city
fb637e8,2026-06-30,25.0,city
fba1a31,2026-03-18,7000.0,city
fc7395a,2026-01-20,250.0,city
fc7395a,2026-02-03,285.72,city
fc7395a,2026-02-03,357.15,city
fc7395a,2026-02-03,714.29,city
fc7395a,2026-02-03,142.86,city
fc7395a,2026-02-03,285.72,city
fc7395a,2026-02-03,357.15,city
fc7395a,2026-02-10,285.72,city
fc7395a,2026-02-24,714.29,city
fc7395a,2026-03-10,4545.46,city
fc7395a,2026-03-25,7000.0,city
fc7395a,2026-03-31,166.67,city
fc7395a,2026-03-31,416.67,city
fc7395a,2026-03-31,3500.0,city
fc7395a,2026-03-31,1666.67,city
fc7395a,2026-03-31,166.67,city
fc7395a,2026-03-31,166.67,city
fc7395a,2026-04-27,250.0,city
fc7395a,2026-06-30,300.0,city
fc7395a,2026-06-30,250.0,city
fc7395a,2026-06-30,1500.0,city
fc7395a,2026-06-30,200.0,city
fc7395a,2026-06-30,25.0,city
fc7395a,2026-06-30,312.5,city
fc7395a,2026-06-30,1500.0,city
fc7395a,2026-06-30,150.0,city
fc7395a,2026-06-30,125.0,city
fc7395a,2026-06-30,375.0,city
fc7395a,2026-06-30,200.0,city
fcbe149,2025-08-12,25.0,city
fcbe149,2025-08-14,250.0,city
fcbe149,2025-08-20,50.0,city
fcbe149,2025-08-22,12.5,city
fcbe149,2025-08-24,25.0,city
fcbe149,2025-08-25,25.0,city
fcbe149,2025-08-25,10.0,city
fcbe149,2025-08-31,25.0,city
fcbe149,2025-09-09,25.0,city
fcbe149,2025-09-11,10.0,city
fcbe149,2025-09-22,12.5,city
fcbe149,2025-09-24,25.0,city
fcbe149,2025-09-25,10.0,city
fcbe149,2025-09-27,25.0,city
fcbe149,2025-09-30,25.0,city
fcbe149,2025-10-01,27.0,city
fcbe149,2025-10-02,50.0,city
fcbe149,2025-10-07,25.0,city
fcbe149,2025-10-09,25.0,city
fcbe149,2025-10-10,50.0,city
fcbe149,2025-10-11,10.0,city
fcbe149,2025-10-11,10.0,city
fcbe149,2025-10-19,50.0,city
fcbe149,2025-10-21,25.0,city
fcbe149,2025-10-22,12.5,city
fcbe149,2025-10-24,25.0,city
fcbe149,2025-10-25,10.0,city
fcbe149,2025-10-26,500.0,city
fcbe149,2025-10-31,13.5,city
fcbe149,2025-10-31,25.0,city
fcbe149,2025-11-01,27.0,city
fcbe149,2025-11-01,25.0,city
fcbe149,2025-11-06,10.0,city
fcbe149,2025-11-07,250.0,city
fcbe149,2025-11-07,25.0,city
fcbe149,2025-11-10,50.0,city
fcbe149,2025-11-11,10.0,city
fcbe149,2025-11-13,100.0,city
fcbe149,2025-11-19,25.0,city
fcbe149,2025-11-21,25.0,city
fcbe149,2025-11-22,12.5,city
fcbe149,2025-11-24,25.0,city
fcbe149,2025-11-25,10.0,city
fcbe149,2025-11-29,25.0,city
fcbe149,2025-11-30,25.0,city
fcbe149,2025-11-30,10.0,city
fcbe149,2025-12-06,5.0,city
fcbe149,2025-12-06,22.5,city
fcbe149,2025-12-07,25.0,city
fcbe149,2025-12-08,250.0,city
fcbe149,2025-12-09,50.0,city
fcbe149,2025-12-10,25.0,city
fcbe149,2025-12-10,50.0,city
fcbe149,2025-12-11,500.0,city
fcbe149,2025-12-11,10.0,city
fcbe149,2025-12-12,25.0,city
fcbe149,2025-12-13,100.0,city
fcbe149,2025-12-14,950.0,ucb
fcbe149,2025-12-16,25.0,city
fcbe149,2025-12-22,25.0,city
fcbe149,2025-12-26,25.0,city
fcbe149,2025-12-30,25.0,city
fcbe149,2026-01-01,50.0,city
fcbe149,2026-01-01,25.0,city
fcbe149,2026-01-05,50.0,city
fcbe149,2026-01-09,100.0,city
fcbe149,2026-01-13,50.0,city
fcbe149,2026-01-15,50.0,city
fcbe149,2026-01-18,25.0,city
fcbe149,2026-01-21,1000.0,city
fcbe149,2026-01-23,25.0,city
fcbe149,2026-01-24,25.0,city
fcbe149,2026-01-26,500.0,city
fcbe149,2026-01-26,10.0,city
fcbe149,2026-01-28,50.0,city
fcbe149,2026-01-29,25.0,city
fcbe149,2026-01-31,25.0,city
fcbe149,2026-02-04,25.0,city
fcbe149,2026-02-09,12.5,city
fcbe149,2026-02-10,50.0,city
fcbe149,2026-02-15,20.0,city
fcbe149,2026-02-17,25.0,city
fcbe149,2026-02-18,500.0,city
fcbe149,2026-02-18,1000.0,city
fcbe149,2026-02-21,50.0,city
fcbe149,2026-02-22,50.0,city
fcbe149,2026-02-23,50.0,city
fcbe149,2026-02-25,50.0,city
fcbe149,2026-02-28,25.0,city
fcbe149,2026-02-28,25.0,city
fcbe149,2026-03-02,100.0,city
fcbe149,2026-03-02,250.0,city
fcbe149,2026-03-02,50.0,city
fcf5643,2025-10-16,1000.0,city
fcf5643,2026-02-24,500.0,city
fd5485a,2025-09-12,1000.0,city
fd5485a,2026-01-05,1000.0,city
fd5485a,2026-05-07,500.0,city
fd96f44,2026-03-16,105.03,city
fd96f44,2026-03-17,500.0,ucb
fd96f44,2026-05-24,150.0,city
fefb681,2025-08-14,25.0,city
fefb681,2025-09-14,25.0,city
fefb681,2025-10-14,25.0,city
fefb681,2025-10-28,3500.0,city
fefb681,2025-10-28,3500.0,city
fefb681,2025-10-29,50.0,city
fefb681,2025-11-14,25.0,city
fefb681,2025-11-30,500.0,city
fefb681,2025-12-14,25.0,city
fefb681,2026-01-14,25.0,city
fefb681,2026-01-28,500.0,city
fefb681,2026-02-14,25.0,city
fefb681,2026-02-26,100.0,city
fefb681,2026-03-14,25.0,city
fefb681,2026-03-18,3500.0,city
fefb681,2026-03-18,3500.0,city
fefb681,2026-04-14,25.0,city
fefb681,2026-05-14,25.0,city
fefb681,2026-06-14,5.0,city
fefb681,2026-06-17,100.0,city
