hash,date,amount,bucket,initials
09cd8df,2025-09-22,26.35,city,JD
09cd8df,2025-09-26,52.4,city,DC
09cd8df,2025-09-30,52.4,city,DC
09cd8df,2025-10-15,26.35,city,JD
09cd8df,2025-10-16,52.4,city,DC
09cd8df,2025-10-22,26.35,city,JD
09cd8df,2025-10-22,26.35,city,JD
09cd8df,2025-10-28,26.35,city,JD
09cd8df,2025-10-30,52.4,city,DC
09cd8df,2025-11-01,26.35,city,JD
09cd8df,2025-11-03,52.4,city,DC
09cd8df,2025-11-10,52.4,city,DC
09cd8df,2025-11-22,26.35,city,JD
09cd8df,2025-11-29,52.4,city,MH
09cd8df,2025-11-29,52.4,city,MH
09cd8df,2025-12-05,10.73,city,MH
09cd8df,2025-12-16,26.35,city,DS
09cd8df,2025-12-16,20.0,city,MH
09cd8df,2025-12-22,26.35,city,JD
09cd8df,2025-12-29,52.4,city,MH
09cd8df,2026-01-04,260.73,city,GS
09cd8df,2026-02-28,52.4,city,MH
09cd8df,2026-03-29,52.4,city,MH
09cd8df,2026-04-05,10.73,city,MH
09cd8df,2026-04-16,20.0,city,MH
09cd8df,2026-04-22,26.35,city,JD
09cd8df,2026-04-29,52.4,city,MH
09cd8df,2026-05-05,10.73,city,MH
09cd8df,2026-05-16,20.0,city,MH
09cd8df,2026-05-22,26.35,city,JD
09cd8df,2026-05-29,52.4,city,MH
09cd8df,2026-06-05,10.73,city,MH
09cd8df,2026-06-16,20.0,city,MH
09cd8df,2026-06-22,26.35,city,JD
09cd8df,2026-06-29,52.4,city,MH
0aa0fac,2025-11-19,100.0,city,MH
0ac40d5,2025-08-18,50.0,city,FB
0ac40d5,2025-08-26,250.0,city,MW
0ac40d5,2025-08-27,250.0,city,JD
0ac40d5,2025-09-04,200.0,ucb,DO
0ac40d5,2025-09-05,150.0,city,LA
0ac40d5,2025-09-05,500.0,city,RS
0ac40d5,2025-09-05,100.0,city,RW
0ac40d5,2025-09-07,500.0,ucb,KF
0ac40d5,2025-09-18,50.0,city,FB
0ac40d5,2025-10-07,1750.0,city,JB
0ac40d5,2025-10-18,50.0,city,FB
0ac40d5,2025-10-22,2000.0,city,JB
0ac40d5,2025-10-29,100.0,city,LL
0ac40d5,2025-11-08,100.0,city,KF
0ac40d5,2025-11-18,50.0,city,FB
0ac40d5,2025-12-08,100.0,city,KF
0ac40d5,2025-12-18,50.0,city,FB
0ac40d5,2025-12-31,200.0,ucb,JK
0ac40d5,2026-01-08,100.0,city,KF
0ac40d5,2026-01-18,50.0,city,FB
0ac40d5,2026-02-08,100.0,city,KF
0ac40d5,2026-02-18,50.0,city,FB
0ac40d5,2026-03-03,75.0,city,DM
0ac40d5,2026-03-08,100.0,city,KF
0ac40d5,2026-03-25,500.0,city,MK
0ac40d5,2026-04-02,1000.0,city,UV
0ac40d5,2026-04-04,99.99,city,DM
0ac40d5,2026-04-08,100.0,city,KF
0ac40d5,2026-04-15,250.0,city,JD
0ac40d5,2026-04-19,500.0,city,KP
0ac40d5,2026-05-04,20.0,city,DM
0ac40d5,2026-05-05,100.0,city,KF
0ac40d5,2026-05-08,100.0,city,KF
0ac40d5,2026-05-10,500.0,ucb,DL
0ac40d5,2026-06-04,20.0,city,DM
0ac40d5,2026-06-08,100.0,city,KF
0b5d4c4,2026-03-11,300.0,ucb,JC
0b5d4c4,2026-03-13,100.0,city,AI
0d034ae,2025-09-25,35.0,city,RH
0d034ae,2025-12-31,800.0,city,RH
104dae0,2025-12-31,250.0,city,LW
187e813,2026-04-21,100.0,city,KT
1a9eade,2026-01-12,50.0,city,AH
1a9eade,2026-01-13,50.0,city,AH
1a9eade,2026-01-16,50.0,city,AH
1a9eade,2026-02-02,100.0,city,HC
1a9eade,2026-02-16,100.0,city,HC
1a9eade,2026-02-28,100.0,city,AB
25a4a4b,2025-11-20,100.0,city,CR
25a4a4b,2025-11-21,100.0,city,MF
25a4a4b,2025-12-08,400.0,city,LH
25a4a4b,2026-02-15,100.0,city,MF
25a4a4b,2026-02-20,100.0,city,IT
25a4a4b,2026-02-27,50.0,city,LH
25a4a4b,2026-04-17,250.0,city,LH
27e94dc,2026-05-20,52.4,city,DV
291f56a,2026-01-20,500.0,ucb,EG
291f56a,2026-01-21,250.0,city,SA
291f56a,2026-01-21,100.0,ucb,ET
291f56a,2026-01-21,100.0,ucb,SM
291f56a,2026-01-30,100.0,ucb,AS
291f56a,2026-02-08,100.0,city,CR
291f56a,2026-03-05,101.0,city,AT
291f56a,2026-03-05,100.0,city,IT
2c467a8,2026-02-24,52.05,city,MH
2c467a8,2026-03-24,52.05,city,MH
2c467a8,2026-04-24,52.05,city,MH
2c467a8,2026-05-24,52.05,city,MH
2c467a8,2026-06-24,52.05,city,MH
35dc28f,2025-08-10,50.0,both,AW
35dc28f,2025-08-11,10.0,city,AB
35dc28f,2025-08-11,5.0,city,ES
35dc28f,2025-08-14,50.0,city,LG
35dc28f,2025-08-17,50.0,city,LC
35dc28f,2025-08-19,50.0,city,AH
35dc28f,2025-08-21,10.0,city,GF
35dc28f,2025-08-25,10.0,city,FH
35dc28f,2025-08-26,5.0,city,ES
35dc28f,2025-08-28,25.0,city,SJ
35dc28f,2025-09-02,50.0,city,LG
35dc28f,2025-09-03,27.0,city,LG
35dc28f,2025-09-06,15.0,city,FH
35dc28f,2025-09-09,2500.0,city,BE
35dc28f,2025-09-09,50.0,city,LC
35dc28f,2025-09-10,50.0,both,AW
35dc28f,2025-09-10,50.0,city,AH
35dc28f,2025-09-10,1000.0,city,KW
35dc28f,2025-09-11,5.0,city,ES
35dc28f,2025-09-15,250.0,city,AC
35dc28f,2025-09-18,50.0,city,AH
35dc28f,2025-09-24,25.0,city,EK
35dc28f,2025-09-25,10.0,city,FH
35dc28f,2025-09-26,50.0,city,AH
35dc28f,2025-09-26,1000.0,city,EB
35dc28f,2025-09-26,25.0,city,EK
35dc28f,2025-09-26,5.0,city,ES
35dc28f,2025-09-27,10.0,city,GF
35dc28f,2025-09-29,100.0,city,SB
35dc28f,2025-09-30,50.0,city,AH
35dc28f,2025-10-01,25.0,city,LC
35dc28f,2025-10-01,250.0,city,MF
35dc28f,2025-10-07,50.0,city,LC
35dc28f,2025-10-09,12.5,ucb,MB
35dc28f,2025-10-10,50.0,both,AW
35dc28f,2025-10-11,5.0,city,ES
35dc28f,2025-10-22,100.0,city,DA
35dc28f,2025-10-22,50.0,city,EK
35dc28f,2025-10-22,500.0,city,KJ
35dc28f,2025-10-24,5000.0,city,BG
35dc28f,2025-10-24,250.0,city,JS
35dc28f,2025-10-24,12.5,city,LC
35dc28f,2025-10-24,5.0,city,SH
35dc28f,2025-10-25,10.0,city,FH
35dc28f,2025-10-25,25.0,city,LC
35dc28f,2025-10-26,5.0,city,ES
35dc28f,2025-10-28,10.0,city,GF
35dc28f,2025-11-10,50.0,both,AW
35dc28f,2025-11-10,50.0,city,EK
35dc28f,2025-11-11,5.0,city,ES
35dc28f,2025-11-24,5.0,city,SH
35dc28f,2025-11-25,10.0,city,FH
35dc28f,2025-11-26,5.0,city,ES
35dc28f,2025-11-28,10.0,city,GF
35dc28f,2025-11-29,25.0,ucb,MB
35dc28f,2025-11-30,400.0,city,EB
35dc28f,2025-12-03,2000.0,city,GH
35dc28f,2025-12-10,50.0,city,AH
35dc28f,2025-12-11,5.0,city,ES
35dc28f,2025-12-12,50.0,city,AH
35dc28f,2025-12-17,50.0,city,GG
35dc28f,2025-12-18,50.0,city,AH
35dc28f,2025-12-25,10.0,city,FH
35dc28f,2025-12-26,5.0,city,ES
35dc28f,2025-12-28,10.0,city,GF
35dc28f,2025-12-30,50.0,city,GG
35dc28f,2026-01-07,9800.0,city,LE
35dc28f,2026-01-09,50.0,city,AH
35dc28f,2026-01-09,100.0,city,AJ
35dc28f,2026-01-09,5.0,city,HK
35dc28f,2026-01-10,50.0,both,AW
35dc28f,2026-01-16,25.0,city,JM
35dc28f,2026-01-20,50.0,city,AJ
35dc28f,2026-01-20,25.0,city,HK
35dc28f,2026-01-20,100.0,city,MR
35dc28f,2026-01-23,50.0,city,HK
35dc28f,2026-01-31,25.0,city,HK
35dc28f,2026-02-10,50.0,both,AW
35dc28f,2026-02-16,25.0,city,JM
35dc28f,2026-02-18,25.0,city,HK
35dc28f,2026-02-26,50.0,city,HK
35dc28f,2026-02-28,100.0,city,GW
35dc28f,2026-03-04,50.0,city,AH
35dc28f,2026-03-04,100.0,city,JA
35dc28f,2026-03-05,25.0,city,HK
35dc28f,2026-03-10,50.0,both,AW
35dc28f,2026-03-10,50.0,city,AH
35dc28f,2026-03-10,100.0,city,GW
35dc28f,2026-03-11,50.0,city,PY
35dc28f,2026-03-16,25.0,city,JM
35dc28f,2026-03-20,50.0,city,AH
35dc28f,2026-03-25,50.0,city,AH
35dc28f,2026-03-27,25.0,city,JM
35dc28f,2026-03-28,25.0,city,HK
35dc28f,2026-03-30,50.0,city,AH
35dc28f,2026-04-01,50.0,city,AH
35dc28f,2026-04-01,100.0,city,DW
35dc28f,2026-04-01,50.0,city,DW
35dc28f,2026-04-01,10.0,city,HK
35dc28f,2026-04-01,50.0,city,PY
35dc28f,2026-04-10,50.0,both,AW
35dc28f,2026-04-10,1500.0,city,LS
35dc28f,2026-04-15,100.0,city,DW
35dc28f,2026-04-16,25.0,city,JM
35dc28f,2026-04-22,50.0,city,AH
35dc28f,2026-04-22,25.0,city,DM
35dc28f,2026-04-25,10.0,city,FH
35dc28f,2026-04-27,5.0,city,JM
35dc28f,2026-04-30,25.0,city,JM
35dc28f,2026-05-04,50.0,city,HK
35dc28f,2026-05-04,25.0,city,JM
35dc28f,2026-05-04,25.0,city,JM
35dc28f,2026-05-04,25.0,city,PY
35dc28f,2026-05-10,50.0,both,AW
35dc28f,2026-05-14,100.0,city,HK
35dc28f,2026-05-14,100.0,city,JB
35dc28f,2026-05-14,500.0,city,JH
35dc28f,2026-05-16,25.0,city,JM
35dc28f,2026-05-22,25.0,city,DO
35dc28f,2026-05-25,10.0,city,FH
35dc28f,2026-05-30,9800.0,city,BW
35dc28f,2026-05-30,9800.0,city,BW
35dc28f,2026-06-03,15.0,city,DO
35dc28f,2026-06-10,50.0,both,AW
35dc28f,2026-06-11,25.0,city,HK
35dc28f,2026-06-13,100.0,city,VW
35dc28f,2026-06-15,100.0,city,RY
35dc28f,2026-06-16,25.0,city,HK
35dc28f,2026-06-16,50.0,city,LC
35dc28f,2026-06-25,10.0,city,FH
35dc28f,2026-06-30,50.0,city,AH
3ede5ce,2025-12-27,250.0,city,DK
4205c08,2025-08-27,25.0,city,FJ
4205c08,2025-09-14,1000.0,city,NT
4205c08,2025-09-22,1000.0,city,BE
4205c08,2025-09-22,100.0,city,LC
4205c08,2025-09-27,25.0,city,FJ
4205c08,2025-10-01,100.0,city,DM
4205c08,2025-10-20,2500.0,city,RB
4205c08,2025-10-27,25.0,city,FJ
4205c08,2025-11-05,500.0,city,MW
4205c08,2025-11-06,1000.0,city,BE
4205c08,2025-11-19,10.0,ucb,MM
4205c08,2025-11-20,500.0,city,DL
4205c08,2025-11-20,100.0,city,JO
4205c08,2025-11-27,25.0,city,FJ
4205c08,2025-11-30,250.0,city,CA
4205c08,2025-12-05,500.0,city,DA
4205c08,2025-12-12,100.0,city,DM
4205c08,2025-12-12,1000.0,city,RM
4205c08,2025-12-17,500.0,city,LC
4205c08,2025-12-17,250.0,ucb,MT
4205c08,2025-12-18,250.0,city,BC
4205c08,2025-12-22,100.0,city,AZ
4205c08,2025-12-22,108.0,city,KS
4205c08,2025-12-22,1000.0,city,RB
4205c08,2025-12-23,10.0,ucb,MM
4205c08,2025-12-26,25.0,city,FJ
4205c08,2025-12-29,1000.0,city,NB
4205c08,2025-12-30,100.0,city,KT
4205c08,2025-12-31,100.0,city,DM
4205c08,2026-01-19,10.0,ucb,MM
4205c08,2026-01-27,500.0,city,DA
4205c08,2026-01-27,25.0,city,FJ
4205c08,2026-02-05,250.0,city,AD
4205c08,2026-02-13,500.0,city,DA
4205c08,2026-02-19,10.0,ucb,MM
4205c08,2026-02-25,100.0,city,DH
4205c08,2026-02-27,25.0,city,FJ
4205c08,2026-03-06,100.0,city,AQ
4205c08,2026-03-06,100.0,city,CA
4205c08,2026-03-12,500.0,city,DA
4205c08,2026-03-19,10.0,ucb,MM
4205c08,2026-03-24,2500.0,city,BE
4205c08,2026-03-25,250.0,city,AB
4205c08,2026-03-25,250.0,city,LF
4205c08,2026-03-27,25.0,city,FJ
4205c08,2026-03-31,500.0,city,LF
4205c08,2026-03-31,150.0,city,PL
4205c08,2026-04-02,1000.0,city,BE
4205c08,2026-04-06,250.0,ucb,AW
4205c08,2026-04-07,250.0,city,DA
4205c08,2026-04-09,500.0,city,WT
4205c08,2026-04-11,500.0,city,NB
4205c08,2026-04-12,150.0,city,WB
4205c08,2026-04-13,100.0,city,ES
4205c08,2026-04-13,500.0,city,MT
4205c08,2026-04-19,10.0,ucb,MM
4205c08,2026-04-20,100.0,city,JM
4205c08,2026-04-21,5000.0,city,CB
4205c08,2026-04-22,550.0,city,DA
4205c08,2026-04-23,1000.0,city,AR
4205c08,2026-04-27,25.0,city,FJ
4205c08,2026-04-30,100.0,city,CA
4205c08,2026-05-02,250.0,city,AD
4205c08,2026-05-08,1000.0,city,LS
4205c08,2026-05-13,500.0,city,DA
4205c08,2026-05-14,100.0,city,PL
4205c08,2026-05-16,450.0,city,AK
4205c08,2026-05-16,100.0,city,DM
4205c08,2026-05-16,500.0,city,WT
4205c08,2026-05-19,100.0,city,JC
4205c08,2026-05-19,10.0,ucb,MM
4205c08,2026-05-23,250.0,city,LF
4205c08,2026-05-27,25.0,city,FJ
4205c08,2026-05-27,100.0,city,ME
4205c08,2026-05-29,100.0,city,GL
4205c08,2026-05-29,100.0,city,SH
438a5f1,2025-12-01,50.0,city,LS
438a5f1,2025-12-09,100.0,city,LC
438a5f1,2025-12-20,52.23,ucb,MC
438a5f1,2025-12-29,100.0,city,RM
438a5f1,2026-02-18,100.0,city,TO
492ddae,2026-05-18,100.0,city,MT
4b733b4,2026-03-10,100.0,city,LG
4c52345,2025-12-22,250.0,city,RH
4c52345,2026-01-23,100.0,city,JC
4c52345,2026-01-30,100.0,ucb,DD
4c52345,2026-02-05,500.0,city,AC
4c52345,2026-02-05,100.0,city,JW
4c52345,2026-02-12,250.0,city,DF
4c52345,2026-03-05,100.0,city,WB
4c52345,2026-03-08,100.0,city,DF
4c52345,2026-03-18,200.0,city,ME
4c52345,2026-04-11,100.0,city,NS
4c52345,2026-04-13,100.0,city,DN
4c52345,2026-04-23,50.0,both,GS
4c52345,2026-04-25,100.0,city,DF
4c52345,2026-04-29,200.0,city,BC
4c52345,2026-04-30,25.0,city,JC
4c52345,2026-05-08,50.0,city,BK
4c52345,2026-05-08,100.0,city,DF
4c52345,2026-05-13,100.0,city,JC
4c52345,2026-05-15,100.0,city,BK
4c52345,2026-05-16,1000.0,city,BF
4c52345,2026-05-17,35.0,city,BK
4c52345,2026-05-23,100.0,city,DW
4c52345,2026-05-23,100.0,ucb,DD
4c52345,2026-05-28,200.0,city,BC
4c52345,2026-05-28,100.0,city,BK
4c52345,2026-05-28,25.0,city,JC
4c52345,2026-05-29,100.0,city,DF
4c52345,2026-05-29,1000.0,city,JS
4c52345,2026-06-08,50.0,city,BK
4c52345,2026-06-24,100.0,city,AM
4c52345,2026-06-30,50.0,city,BK
4df69a7,2025-10-31,200.0,city,BG
4df69a7,2025-11-05,2500.0,city,MY
4df69a7,2026-03-24,150.0,city,ED
4df69a7,2026-03-24,200.0,city,KC
4df69a7,2026-05-08,100.0,city,DM
5251f65,2025-09-19,100.0,ucb,LS
56c4a82,2026-04-15,500.0,city,NS
5743aac,2025-11-25,100.0,city,NG
5743aac,2025-12-15,100.0,city,NG
5743aac,2026-03-09,100.0,city,MB
5743aac,2026-05-18,50.0,city,DA
57d835a,2025-11-20,1000.0,city,SL
58d6000,2025-08-28,1000.0,city,JB
58d6000,2025-10-07,180.0,city,JD
58d6000,2025-10-30,100.0,city,JK
58d6000,2026-01-09,1000.0,city,DH
58d6000,2026-02-20,250.0,ucb,DS
58d6000,2026-04-07,500.0,city,AR
58d6000,2026-04-30,100.0,ucb,JH
58d6000,2026-05-04,100.0,city,TR
58d6000,2026-05-06,100.0,city,JE
58d6000,2026-06-26,100.0,city,JD
58d6000,2026-06-26,100.0,city,TR
5a733a4,2025-08-23,1000.0,city,JB
5a733a4,2026-03-09,100.0,city,MB
5d109bf,2026-01-16,100.0,city,WB
5d109bf,2026-05-10,100.0,city,WB
5dcb915,2026-05-30,9800.0,city,BW
5dcb915,2026-05-30,2000.0,city,BW
5f44c38,2026-02-27,188.0,city,AT
5f44c38,2026-02-28,200.0,city,AV
5f44c38,2026-02-28,30.0,city,AV
5f81059,2025-08-21,100.0,city,KW
5f81059,2025-08-27,5.0,city,KW
5f81059,2025-10-30,10.0,city,MS
5f81059,2025-11-12,100.0,city,JH
5f81059,2025-11-28,100.0,city,KW
5f81059,2025-11-29,50.0,city,MS
5f81059,2025-11-29,5.0,ucb,AR
5f81059,2025-12-01,1000.0,city,IH
5f81059,2025-12-12,100.0,city,MS
5f81059,2025-12-17,150.0,city,WB
5f81059,2025-12-19,250.0,ucb,AR
5f81059,2025-12-23,250.0,ucb,KC
5f81059,2025-12-28,3.0,ucb,AR
5f81059,2025-12-28,25.0,ucb,AR
5f81059,2025-12-29,100.0,city,CR
5f81059,2025-12-29,100.0,city,CW
5f81059,2025-12-29,100.0,city,SF
5f81059,2025-12-30,2500.0,city,EE
5f81059,2025-12-30,100.0,city,IT
5f81059,2025-12-30,100.0,city,KW
5f81059,2025-12-30,100.0,city,MS
5f81059,2025-12-31,250.0,city,JW
5f81059,2026-01-05,-250.0,ucb,AR
5f81059,2026-01-29,50.0,city,NY
5f81059,2026-02-08,100.0,city,MS
5f81059,2026-02-25,100.0,city,WB
5f81059,2026-02-27,250.0,city,EE
5f81059,2026-02-27,250.0,ucb,KC
5f81059,2026-02-28,50.0,city,NY
5f81059,2026-03-03,100.0,city,CR
5f81059,2026-03-17,250.0,ucb,KC
5f81059,2026-03-20,250.0,city,TW
5f81059,2026-03-29,50.0,city,NY
5f81059,2026-04-11,100.0,city,SB
5f81059,2026-04-13,1000.0,city,SP
5f81059,2026-04-15,100.0,city,JS
5f81059,2026-04-29,50.0,city,NY
5f81059,2026-05-29,50.0,city,NY
5fd43a3,2025-08-13,25.0,city,GF
5fd43a3,2025-09-13,25.0,city,GF
5fd43a3,2025-10-13,25.0,city,GF
5fd43a3,2025-11-03,100.0,city,DM
5fd43a3,2025-11-12,50.0,city,IT
5fd43a3,2025-11-13,25.0,city,GF
5fd43a3,2025-12-13,25.0,city,GF
5fd43a3,2026-04-14,500.0,city,DM
5fd43a3,2026-04-14,500.0,city,MM
5fd43a3,2026-04-19,100.0,ucb,KT
64f4085,2026-03-03,1000.0,city,BC
64f4085,2026-04-22,1000.0,city,BC
64f4085,2026-05-22,1000.0,city,BC
6506745,2026-02-03,500.0,city,JG
6506745,2026-02-06,500.0,city,LL
68c3811,2025-08-14,125.0,city,DK
68c3811,2025-08-14,250.0,city,EK
6a57ed8,2026-04-20,100.0,city,MB
6a57ed8,2026-05-04,100.0,city,IT
6a57ed8,2026-05-18,100.0,city,TG
6b00d4c,2025-11-15,200.0,city,CH
6b00d4c,2025-11-17,100.0,city,JB
6b00d4c,2025-11-19,200.0,city,MB
6b00d4c,2025-11-23,500.0,city,GW
6b00d4c,2025-11-24,500.0,city,RC
6b00d4c,2025-11-30,100.0,city,SE
6b00d4c,2026-03-18,50.0,city,GW
6b00d4c,2026-04-08,125.0,city,CH
6b00d4c,2026-04-08,125.0,city,JC
6b00d4c,2026-04-18,50.0,city,GW
6b00d4c,2026-04-18,1000.0,city,KC
6b00d4c,2026-04-23,30.0,city,ME
6b00d4c,2026-04-23,2500.0,city,SP
6b00d4c,2026-04-30,125.0,city,RK
6b00d4c,2026-05-05,35.0,city,BE
6b00d4c,2026-05-05,500.0,city,SA
6b00d4c,2026-05-06,250.0,city,MB
6b00d4c,2026-05-07,125.0,city,AK
6b00d4c,2026-05-07,125.0,city,SR
6b00d4c,2026-05-07,125.0,ucb,RL
6b00d4c,2026-05-08,125.0,city,MP
6b00d4c,2026-05-18,50.0,city,GW
6b00d4c,2026-05-23,100.0,city,JB
6b00d4c,2026-05-29,10.0,city,FC
6b00d4c,2026-05-30,10.0,city,JG
6b00d4c,2026-06-12,5.0,city,SR
6b00d4c,2026-06-18,50.0,city,GW
6b00d4c,2026-06-29,10.0,city,FC
6c94717,2025-08-19,250.0,city,SM
6c94717,2025-09-11,85.0,city,SM
71c19e8,2025-11-05,1000.0,city,LZ
72a91f4,2026-04-20,100.0,city,NI
72a91f4,2026-04-30,2000.0,city,BF
7370451,2025-11-21,100.0,city,AM
7370451,2025-11-21,100.0,city,MZ
7370451,2025-11-22,100.0,city,GZ
7370451,2025-11-22,100.0,city,LF
7370451,2025-11-22,500.0,city,LZ
7370451,2025-12-04,1000.0,city,AD
7370451,2025-12-05,25.0,city,AW
7370451,2025-12-06,5000.0,city,BS
7370451,2025-12-12,5000.0,city,AM
7370451,2025-12-24,100.0,city,IH
7370451,2025-12-26,100.0,city,PA
7370451,2025-12-29,100.0,city,AW
7370451,2026-01-14,100.0,city,AM
7370451,2026-01-21,20.0,city,AM
7370451,2026-01-21,25.0,city,LW
7370451,2026-01-29,50.0,both,DT
7370451,2026-01-30,100.0,city,AM
7370451,2026-01-31,60.0,city,MV
7370451,2026-02-01,100.0,city,MD
7370451,2026-02-12,20.0,city,AM
7370451,2026-02-18,100.0,city,AB
7370451,2026-02-21,25.0,city,LW
7370451,2026-02-22,300.0,city,AK
7370451,2026-02-22,50.0,city,AM
7370451,2026-02-22,50.0,city,AM
7370451,2026-02-22,4000.0,city,BS
7370451,2026-02-26,50.0,both,DT
7370451,2026-02-28,100.0,city,AW
7370451,2026-02-28,60.0,city,MV
7370451,2026-02-28,100.0,city,PR
7370451,2026-03-04,100.0,city,EA
7370451,2026-03-05,2500.0,city,BS
7370451,2026-03-14,250.0,city,PH
7370451,2026-03-14,250.0,city,RS
7370451,2026-03-17,100.0,city,TT
7370451,2026-03-18,100.0,city,JA
7370451,2026-03-19,100.0,city,DO
7370451,2026-03-21,25.0,city,LW
7370451,2026-03-23,100.0,city,LK
7370451,2026-03-25,100.0,city,JF
7370451,2026-03-26,100.0,both,DT
7370451,2026-03-26,1000.0,city,DL
7370451,2026-03-29,50.0,city,CA
7370451,2026-03-30,50.0,city,AM
7370451,2026-03-31,70.0,city,CA
7370451,2026-03-31,100.0,city,MA
7370451,2026-03-31,60.0,city,MV
7370451,2026-03-31,100.0,city,PC
7370451,2026-04-01,100.0,city,JC
7370451,2026-04-01,100.0,city,JH
7370451,2026-04-02,100.0,city,DJ
7370451,2026-04-03,100.0,city,GG
7370451,2026-04-03,100.0,city,JK
7370451,2026-04-04,25.0,city,AM
7370451,2026-04-04,250.0,city,MG
7370451,2026-04-05,100.0,city,GG
7370451,2026-04-07,50.0,city,AH
7370451,2026-04-07,100.0,city,TO
7370451,2026-04-08,200.0,city,EA
7370451,2026-04-08,25.0,city,LW
76a42ce,2025-08-22,10.0,city,SA
76a42ce,2025-09-22,10.0,city,SA
76a42ce,2025-10-22,10.0,city,SA
76a42ce,2025-11-22,10.0,city,SA
76a42ce,2025-12-22,10.0,city,SA
76a42ce,2026-02-21,150.0,city,LS
7752cea,2026-02-18,312.0,city,AK
77af946,2025-08-24,1500.0,city,JB
7e216ab,2025-09-11,1000.0,city,BW
7e216ab,2025-09-30,250.0,city,CR
7e216ab,2026-04-01,500.0,city,BW
7e216ab,2026-04-06,9800.0,city,SD
7e216ab,2026-04-29,500.0,city,MG
7e216ab,2026-05-09,1000.0,city,JH
7e216ab,2026-05-11,250.0,city,KJ
7e216ab,2026-05-14,250.0,city,ZR
857851b,2025-12-20,100.0,city,CP
8934b2d,2026-05-10,1000.0,city,BC
8a294cb,2026-02-14,10.0,both,AK
8d6c6e3,2026-03-24,100.0,city,NS
9085d58,2025-09-23,500.0,city,BC
9085d58,2026-03-02,500.0,city,BP
9085d58,2026-03-02,500.0,city,BP
91b32b1,2026-02-25,100.0,ucb,CC
947d070,2026-03-22,250.0,city,TM
96765d2,2026-04-14,1000.0,city,TG
96765d2,2026-04-14,1000.0,city,TG
96765d2,2026-05-14,200.0,city,ZR
99b63ce,2025-08-10,50.0,city,BR
99b63ce,2025-08-10,50.0,city,BR
99b63ce,2025-08-10,404.0,city,CM
99b63ce,2025-08-10,25.0,city,HW
99b63ce,2025-08-10,50.0,city,JC
99b63ce,2025-08-10,25.0,city,RG
99b63ce,2025-08-10,50.0,city,SP
99b63ce,2025-08-10,10.0,city,SR
99b63ce,2025-08-10,25.0,ucb,SM
99b63ce,2025-08-11,50.0,city,AH
99b63ce,2025-08-11,50.0,city,BA
99b63ce,2025-08-11,10.0,city,DA
99b63ce,2025-08-11,10.0,city,DW
99b63ce,2025-08-11,10.0,city,EK
99b63ce,2025-08-11,10.0,city,JG
99b63ce,2025-08-11,25.0,city,MG
99b63ce,2025-08-11,10.0,city,NS
99b63ce,2025-08-11,10.0,city,RB
99b63ce,2025-08-11,25.0,city,VS
99b63ce,2025-08-11,25.0,city,WB
99b63ce,2025-08-11,10.0,ucb,SM
99b63ce,2025-08-11,25.0,ucb,WH
99b63ce,2025-08-12,100.0,city,CB
99b63ce,2025-08-12,250.0,city,CH
99b63ce,2025-08-12,25.0,city,CM
99b63ce,2025-08-12,50.0,city,DH
99b63ce,2025-08-12,35.0,city,JG
99b63ce,2025-08-12,100.0,city,JG
99b63ce,2025-08-12,50.0,city,LH
99b63ce,2025-08-12,100.0,city,TB
99b63ce,2025-08-13,10.0,city,CB
99b63ce,2025-08-13,50.0,city,CS
99b63ce,2025-08-13,10.0,city,DW
99b63ce,2025-08-13,35.0,city,FB
99b63ce,2025-08-13,50.0,city,GA
99b63ce,2025-08-13,50.0,city,GM
99b63ce,2025-08-13,10.0,city,JM
99b63ce,2025-08-13,10.0,city,KP
99b63ce,2025-08-13,50.0,city,LC
99b63ce,2025-08-13,50.0,city,MW
99b63ce,2025-08-13,50.0,city,SB
99b63ce,2025-08-13,50.0,city,SB
99b63ce,2025-08-13,35.0,city,SM
99b63ce,2025-08-13,100.0,city,SS
99b63ce,2025-08-13,100.0,city,WG
99b63ce,2025-08-13,50.0,city,WW
99b63ce,2025-08-14,100.0,city,AD
99b63ce,2025-08-14,10.0,city,AG
99b63ce,2025-08-14,100.0,city,AK
99b63ce,2025-08-14,25.0,city,AO
99b63ce,2025-08-14,20.0,city,AO
99b63ce,2025-08-14,100.0,city,AW
99b63ce,2025-08-14,100.0,city,BF
99b63ce,2025-08-14,10.0,city,DD
99b63ce,2025-08-14,100.0,city,DK
99b63ce,2025-08-14,100.0,city,DS
99b63ce,2025-08-14,100.0,city,DW
99b63ce,2025-08-14,50.0,city,EL
99b63ce,2025-08-14,50.0,city,FA
99b63ce,2025-08-14,100.0,city,FL
99b63ce,2025-08-14,125.0,city,FS
99b63ce,2025-08-14,100.0,city,GF
99b63ce,2025-08-14,100.0,city,GZ
99b63ce,2025-08-14,100.0,city,HH
99b63ce,2025-08-14,35.0,city,HW
99b63ce,2025-08-14,500.0,city,JB
99b63ce,2025-08-14,100.0,city,JB
99b63ce,2025-08-14,250.0,city,JD
99b63ce,2025-08-14,10.0,city,JG
99b63ce,2025-08-14,50.0,city,JG
99b63ce,2025-08-14,100.0,city,JH
99b63ce,2025-08-14,100.0,city,JL
99b63ce,2025-08-14,25.0,city,JO
99b63ce,2025-08-14,50.0,city,JS
99b63ce,2025-08-14,200.0,city,JV
99b63ce,2025-08-14,50.0,city,KH
99b63ce,2025-08-14,50.0,city,KH
99b63ce,2025-08-14,100.0,city,KP
99b63ce,2025-08-14,300.0,city,LB
99b63ce,2025-08-14,100.0,city,LH
99b63ce,2025-08-14,50.0,city,LV
99b63ce,2025-08-14,50.0,city,LW
99b63ce,2025-08-14,50.0,city,LW
99b63ce,2025-08-14,50.0,city,MM
99b63ce,2025-08-14,100.0,city,NG
99b63ce,2025-08-14,50.0,city,NK
99b63ce,2025-08-14,50.0,city,NL
99b63ce,2025-08-14,10.0,city,NS
99b63ce,2025-08-14,50.0,city,OE
99b63ce,2025-08-14,50.0,city,PH
99b63ce,2025-08-14,100.0,city,RH
99b63ce,2025-08-14,100.0,city,SC
99b63ce,2025-08-14,50.0,city,SK
99b63ce,2025-08-14,10.0,city,SR
99b63ce,2025-08-14,100.0,city,SS
99b63ce,2025-08-14,100.0,city,SS
99b63ce,2025-08-14,25.0,city,SW
99b63ce,2025-08-14,50.0,city,TD
99b63ce,2025-08-14,100.0,city,TD
99b63ce,2025-08-14,35.0,ucb,GL
99b63ce,2025-08-14,100.0,ucb,JB
99b63ce,2025-08-14,50.0,ucb,LG
99b63ce,2025-08-15,35.0,both,CK
99b63ce,2025-08-15,35.0,city,AB
99b63ce,2025-08-15,35.0,city,AH
99b63ce,2025-08-15,250.0,city,AJ
99b63ce,2025-08-15,100.0,city,AM
99b63ce,2025-08-15,50.0,city,AP
99b63ce,2025-08-15,100.0,city,AW
99b63ce,2025-08-15,100.0,city,CC
99b63ce,2025-08-15,50.0,city,CF
99b63ce,2025-08-15,25.0,city,CG
99b63ce,2025-08-15,100.0,city,CL
99b63ce,2025-08-15,25.0,city,DA
99b63ce,2025-08-15,250.0,city,DA
99b63ce,2025-08-15,100.0,city,DM
99b63ce,2025-08-15,100.0,city,DP
99b63ce,2025-08-15,35.0,city,ED
99b63ce,2025-08-15,10.0,city,ED
99b63ce,2025-08-15,100.0,city,EK
99b63ce,2025-08-15,100.0,city,GA
99b63ce,2025-08-15,10.0,city,HA
99b63ce,2025-08-15,35.0,city,HK
99b63ce,2025-08-15,100.0,city,JB
99b63ce,2025-08-15,10.0,city,JC
99b63ce,2025-08-15,100.0,city,JG
99b63ce,2025-08-15,10.0,city,JG
99b63ce,2025-08-15,25.0,city,JH
99b63ce,2025-08-15,100.0,city,JL
99b63ce,2025-08-15,100.0,city,JL
99b63ce,2025-08-15,50.0,city,JM
99b63ce,2025-08-15,10.0,city,KA
99b63ce,2025-08-15,100.0,city,KJ
99b63ce,2025-08-15,100.0,city,KS
99b63ce,2025-08-15,100.0,city,LC
99b63ce,2025-08-15,100.0,city,LK
99b63ce,2025-08-15,150.0,city,LL
99b63ce,2025-08-15,25.0,city,LW
99b63ce,2025-08-15,100.0,city,MD
99b63ce,2025-08-15,100.0,city,ME
99b63ce,2025-08-15,250.0,city,MM
99b63ce,2025-08-15,100.0,city,MS
99b63ce,2025-08-15,50.0,city,NG
99b63ce,2025-08-15,10.0,city,NS
99b63ce,2025-08-15,100.0,city,NS
99b63ce,2025-08-15,50.0,city,PL
99b63ce,2025-08-15,100.0,city,PS
99b63ce,2025-08-15,100.0,city,RB
99b63ce,2025-08-15,100.0,city,RB
99b63ce,2025-08-15,100.0,city,SF
99b63ce,2025-08-15,100.0,city,SF
99b63ce,2025-08-15,100.0,city,SL
99b63ce,2025-08-15,35.0,city,SL
99b63ce,2025-08-15,50.0,city,SP
99b63ce,2025-08-15,10.0,city,SR
99b63ce,2025-08-15,50.0,city,TS
99b63ce,2025-08-15,10.0,city,VO
99b63ce,2025-08-15,50.0,city,WL
99b63ce,2025-08-15,100.0,ucb,MJ
99b63ce,2025-08-15,100.0,ucb,MJ
99b63ce,2025-08-15,100.0,ucb,SM
99b63ce,2025-08-15,100.0,ucb,YR
99b63ce,2025-08-16,50.0,city,AJ
99b63ce,2025-08-16,200.0,city,AM
99b63ce,2025-08-16,100.0,city,CB
99b63ce,2025-08-16,25.0,city,CG
99b63ce,2025-08-16,100.0,city,CM
99b63ce,2025-08-16,100.0,city,DM
99b63ce,2025-08-16,35.0,city,FB
99b63ce,2025-08-16,150.0,city,HB
99b63ce,2025-08-16,100.0,city,HH
99b63ce,2025-08-16,25.0,city,HW
99b63ce,2025-08-16,50.0,city,IS
99b63ce,2025-08-16,100.0,city,JB
99b63ce,2025-08-16,100.0,city,JB
99b63ce,2025-08-16,50.0,city,JF
99b63ce,2025-08-16,25.0,city,JL
99b63ce,2025-08-16,100.0,city,JN
99b63ce,2025-08-16,25.0,city,JW
99b63ce,2025-08-16,100.0,city,MD
99b63ce,2025-08-16,25.0,city,MM
99b63ce,2025-08-16,250.0,city,MP
99b63ce,2025-08-16,50.0,city,NV
99b63ce,2025-08-16,100.0,city,PD
99b63ce,2025-08-16,100.0,city,PD
99b63ce,2025-08-16,10.0,city,PW
99b63ce,2025-08-16,30.0,city,RF
99b63ce,2025-08-16,100.0,city,RW
99b63ce,2025-08-16,100.0,city,SL
99b63ce,2025-08-16,50.0,city,SL
99b63ce,2025-08-16,100.0,ucb,AB
99b63ce,2025-08-16,25.0,ucb,EF
99b63ce,2025-08-17,100.0,both,HC
99b63ce,2025-08-17,100.0,city,BS
99b63ce,2025-08-17,100.0,city,DD
99b63ce,2025-08-17,100.0,city,DW
99b63ce,2025-08-17,200.0,city,GW
99b63ce,2025-08-17,10.0,city,HA
99b63ce,2025-08-17,25.0,city,HW
99b63ce,2025-08-17,100.0,city,JC
99b63ce,2025-08-17,25.0,city,JS
99b63ce,2025-08-17,25.0,city,KH
99b63ce,2025-08-17,500.0,city,LL
99b63ce,2025-08-17,50.0,city,LZ
99b63ce,2025-08-17,100.0,city,MD
99b63ce,2025-08-17,100.0,city,MH
99b63ce,2025-08-17,100.0,city,MP
99b63ce,2025-08-17,100.0,city,MT
99b63ce,2025-08-17,20.0,city,NS
99b63ce,2025-08-17,50.0,city,PS
99b63ce,2025-08-17,1000.0,city,PW
99b63ce,2025-08-17,25.0,city,PW
99b63ce,2025-08-17,100.0,city,RG
99b63ce,2025-08-17,100.0,city,SK
99b63ce,2025-08-17,13.0,city,SW
99b63ce,2025-08-17,100.0,city,TT
99b63ce,2025-08-17,100.0,city,VK
99b63ce,2025-08-17,3.0,ucb,AR
99b63ce,2025-08-18,35.0,city,AB
99b63ce,2025-08-18,10.0,city,AB
99b63ce,2025-08-18,25.0,city,AB
99b63ce,2025-08-18,50.0,city,AH
99b63ce,2025-08-18,100.0,city,AT
99b63ce,2025-08-18,50.0,city,BR
99b63ce,2025-08-18,50.0,city,BR
99b63ce,2025-08-18,10.0,city,CF
99b63ce,2025-08-18,250.0,city,CW
99b63ce,2025-08-18,50.0,city,DD
99b63ce,2025-08-18,100.0,city,EE
99b63ce,2025-08-18,100.0,city,EG
99b63ce,2025-08-18,50.0,city,EV
99b63ce,2025-08-18,50.0,city,FH
99b63ce,2025-08-18,100.0,city,GH
99b63ce,2025-08-18,100.0,city,HA
99b63ce,2025-08-18,50.0,city,HW
99b63ce,2025-08-18,100.0,city,KH
99b63ce,2025-08-18,100.0,city,LC
99b63ce,2025-08-18,50.0,city,LH
99b63ce,2025-08-18,100.0,city,LO
99b63ce,2025-08-18,500.0,city,LT
99b63ce,2025-08-18,100.0,city,MA
99b63ce,2025-08-18,200.0,city,MN
99b63ce,2025-08-18,250.0,city,MR
99b63ce,2025-08-18,100.0,city,OF
99b63ce,2025-08-18,50.0,city,RG
99b63ce,2025-08-18,50.0,city,SM
99b63ce,2025-08-18,10.0,city,SR
99b63ce,2025-08-18,100.0,city,TB
99b63ce,2025-08-18,250.0,city,TH
99b63ce,2025-08-18,50.0,city,TS
99b63ce,2025-08-18,100.0,city,WF
99b63ce,2025-08-18,100.0,ucb,CS
99b63ce,2025-08-18,35.0,ucb,SM
99b63ce,2025-08-19,20.0,city,AB
99b63ce,2025-08-19,100.0,city,AB
99b63ce,2025-08-19,100.0,city,AD
99b63ce,2025-08-19,500.0,city,AH
99b63ce,2025-08-19,35.0,city,AW
99b63ce,2025-08-19,50.0,city,BS
99b63ce,2025-08-19,50.0,city,CS
99b63ce,2025-08-19,50.0,city,DA
99b63ce,2025-08-19,50.0,city,DS
99b63ce,2025-08-19,18.0,city,ED
99b63ce,2025-08-19,10.0,city,ED
99b63ce,2025-08-19,100.0,city,EK
99b63ce,2025-08-19,100.0,city,FC
99b63ce,2025-08-19,100.0,city,GR
99b63ce,2025-08-19,50.0,city,HK
99b63ce,2025-08-19,50.0,city,JC
99b63ce,2025-08-19,250.0,city,JK
99b63ce,2025-08-19,100.0,city,JL
99b63ce,2025-08-19,25.0,city,JM
99b63ce,2025-08-19,50.0,city,KS
99b63ce,2025-08-19,250.0,city,LJ
99b63ce,2025-08-19,100.0,city,LW
99b63ce,2025-08-19,100.0,city,LW
99b63ce,2025-08-19,250.0,city,MK
99b63ce,2025-08-19,50.0,city,MM
99b63ce,2025-08-19,100.0,city,PS
99b63ce,2025-08-19,100.0,city,RS
99b63ce,2025-08-19,50.0,city,SO
99b63ce,2025-08-19,100.0,city,SV
99b63ce,2025-08-19,50.0,city,TM
99b63ce,2025-08-19,100.0,city,TP
99b63ce,2025-08-19,100.0,city,TS
99b63ce,2025-08-19,35.0,ucb,AR
99b63ce,2025-08-19,175.0,ucb,GL
99b63ce,2025-08-20,35.0,city,AB
99b63ce,2025-08-20,10.0,city,AH
99b63ce,2025-08-20,35.0,city,AH
99b63ce,2025-08-20,100.0,city,AR
99b63ce,2025-08-20,35.0,city,BF
99b63ce,2025-08-20,25.0,city,CM
99b63ce,2025-08-20,100.0,city,DH
99b63ce,2025-08-20,100.0,city,EN
99b63ce,2025-08-20,100.0,city,EW
99b63ce,2025-08-20,100.0,city,GA
99b63ce,2025-08-20,500.0,city,JB
99b63ce,2025-08-20,100.0,city,JC
99b63ce,2025-08-20,10.0,city,JG
99b63ce,2025-08-20,50.0,city,JM
99b63ce,2025-08-20,100.0,city,JS
99b63ce,2025-08-20,50.0,city,JW
99b63ce,2025-08-20,100.0,city,JW
99b63ce,2025-08-20,50.0,city,KG
99b63ce,2025-08-20,50.0,city,KR
99b63ce,2025-08-20,50.0,city,MA
99b63ce,2025-08-20,200.0,city,MC
99b63ce,2025-08-20,25.0,city,MK
99b63ce,2025-08-20,100.0,city,MS
99b63ce,2025-08-20,50.0,city,NG
99b63ce,2025-08-20,25.0,city,OD
99b63ce,2025-08-20,20.0,city,OE
99b63ce,2025-08-20,100.0,city,PD
99b63ce,2025-08-20,25.0,city,RJ
99b63ce,2025-08-20,25.0,city,RJ
99b63ce,2025-08-20,25.0,city,RJ
99b63ce,2025-08-20,50.0,city,SG
99b63ce,2025-08-20,100.0,city,SW
99b63ce,2025-08-20,35.0,ucb,AR
99b63ce,2025-08-20,10.0,ucb,AR
99b63ce,2025-08-21,50.0,both,CK
99b63ce,2025-08-21,25.0,both,CK
99b63ce,2025-08-21,100.0,both,CK
99b63ce,2025-08-21,10.0,both,SH
99b63ce,2025-08-21,100.0,city,AB
99b63ce,2025-08-21,35.0,city,AB
99b63ce,2025-08-21,250.0,city,AJ
99b63ce,2025-08-21,40.0,city,AO
99b63ce,2025-08-21,250.0,city,AS
99b63ce,2025-08-21,50.0,city,CB
99b63ce,2025-08-21,100.0,city,CC
99b63ce,2025-08-21,100.0,city,CC
99b63ce,2025-08-21,50.0,city,CC
99b63ce,2025-08-21,50.0,city,CC
99b63ce,2025-08-21,50.0,city,CK
99b63ce,2025-08-21,10.0,city,CM
99b63ce,2025-08-21,50.0,city,CN
99b63ce,2025-08-21,50.0,city,CR
99b63ce,2025-08-21,250.0,city,CS
99b63ce,2025-08-21,50.0,city,DA
99b63ce,2025-08-21,10.0,city,DA
99b63ce,2025-08-21,100.0,city,ED
99b63ce,2025-08-21,18.0,city,ED
99b63ce,2025-08-21,100.0,city,EJ
99b63ce,2025-08-21,100.0,city,ER
99b63ce,2025-08-21,100.0,city,HK
99b63ce,2025-08-21,50.0,city,HK
99b63ce,2025-08-21,35.0,city,HW
99b63ce,2025-08-21,35.0,city,HW
99b63ce,2025-08-21,50.0,city,HW
99b63ce,2025-08-21,250.0,city,JB
99b63ce,2025-08-21,50.0,city,JC
99b63ce,2025-08-21,50.0,city,JG
99b63ce,2025-08-21,250.0,city,JH
99b63ce,2025-08-21,25.0,city,JM
99b63ce,2025-08-21,35.0,city,JN
99b63ce,2025-08-21,250.0,city,JN
99b63ce,2025-08-21,25.0,city,JP
99b63ce,2025-08-21,100.0,city,JT
99b63ce,2025-08-21,100.0,city,KA
99b63ce,2025-08-21,500.0,city,KH
99b63ce,2025-08-21,100.0,city,KJ
99b63ce,2025-08-21,100.0,city,LD
99b63ce,2025-08-21,25.0,city,LH
99b63ce,2025-08-21,50.0,city,LS
99b63ce,2025-08-21,25.0,city,LW
99b63ce,2025-08-21,50.0,city,LW
99b63ce,2025-08-21,100.0,city,MD
99b63ce,2025-08-21,100.0,city,MK
99b63ce,2025-08-21,30.0,city,NG
99b63ce,2025-08-21,100.0,city,NN
99b63ce,2025-08-21,10.0,city,NS
99b63ce,2025-08-21,10.0,city,NS
99b63ce,2025-08-21,50.0,city,PT
99b63ce,2025-08-21,25.0,city,RB
99b63ce,2025-08-21,12.5,city,RJ
99b63ce,2025-08-21,250.0,city,RN
99b63ce,2025-08-21,100.0,city,RR
99b63ce,2025-08-21,35.0,city,RS
99b63ce,2025-08-21,50.0,city,SK
99b63ce,2025-08-21,50.0,city,SL
99b63ce,2025-08-21,50.0,city,SM
99b63ce,2025-08-21,35.0,city,SM
99b63ce,2025-08-21,5.0,city,SR
99b63ce,2025-08-21,50.0,city,SR
99b63ce,2025-08-21,100000.0,city,SS
99b63ce,2025-08-21,100.0,city,SS
99b63ce,2025-08-21,100.0,city,SS
99b63ce,2025-08-21,50.0,city,TS
99b63ce,2025-08-21,13.0,city,VO
99b63ce,2025-08-21,25.0,city,WB
99b63ce,2025-08-21,50.0,city,WB
99b63ce,2025-08-21,100.0,city,WH
99b63ce,2025-08-21,100.0,ucb,JM
99b63ce,2025-08-21,100.0,ucb,MR
99b63ce,2025-08-21,100.0,ucb,SM
99b63ce,2025-08-22,200.0,city,AA
99b63ce,2025-08-22,100.0,city,AH
99b63ce,2025-08-22,50.0,city,AH
99b63ce,2025-08-22,100.0,city,BP
99b63ce,2025-08-22,50.0,city,BR
99b63ce,2025-08-22,100.0,city,CS
99b63ce,2025-08-22,125.0,city,DB
99b63ce,2025-08-22,50.0,city,GH
99b63ce,2025-08-22,100.0,city,GT
99b63ce,2025-08-22,10.0,city,JG
99b63ce,2025-08-22,100.0,city,JT
99b63ce,2025-08-22,12.5,city,JW
99b63ce,2025-08-22,25.0,city,JW
99b63ce,2025-08-22,100.0,city,LS
99b63ce,2025-08-22,50.0,city,MG
99b63ce,2025-08-22,50.0,city,MG
99b63ce,2025-08-22,200.0,city,ML
99b63ce,2025-08-22,50.0,city,ML
99b63ce,2025-08-22,35.0,city,PK
99b63ce,2025-08-22,50.0,city,RB
99b63ce,2025-08-22,100.0,city,SB
99b63ce,2025-08-22,100.0,city,SB
99b63ce,2025-08-22,50.0,city,SF
99b63ce,2025-08-22,100.0,city,SP
99b63ce,2025-08-22,100.0,city,TH
99b63ce,2025-08-22,250.0,city,TT
99b63ce,2025-08-22,35.0,ucb,SM
99b63ce,2025-08-22,25.0,ucb,WH
99b63ce,2025-08-23,100.0,city,BF
99b63ce,2025-08-23,20.0,city,CM
99b63ce,2025-08-23,50.0,city,DO
99b63ce,2025-08-23,100.0,city,DS
99b63ce,2025-08-23,100.0,city,EN
99b63ce,2025-08-23,100.0,city,GA
99b63ce,2025-08-23,100.0,city,GL
99b63ce,2025-08-23,100.0,city,HF
99b63ce,2025-08-23,250.0,city,HM
99b63ce,2025-08-23,500.0,city,HR
99b63ce,2025-08-23,100.0,city,KG
99b63ce,2025-08-23,50.0,city,LV
99b63ce,2025-08-23,250.0,city,MA
99b63ce,2025-08-23,100.0,city,MF
99b63ce,2025-08-23,50.0,city,MP
99b63ce,2025-08-23,35.0,city,PW
99b63ce,2025-08-23,20.0,city,RR
99b63ce,2025-08-23,10.0,city,RS
99b63ce,2025-08-23,10.0,city,SR
99b63ce,2025-08-23,100.0,city,TB
99b63ce,2025-08-23,100.0,city,TS
99b63ce,2025-08-23,100.0,ucb,MJ
99b63ce,2025-08-24,100.0,city,AH
99b63ce,2025-08-24,100.0,city,AJ
99b63ce,2025-08-24,100.0,city,AO
99b63ce,2025-08-24,35.0,city,BF
99b63ce,2025-08-24,100.0,city,BK
99b63ce,2025-08-24,100.0,city,BR
99b63ce,2025-08-24,250.0,city,CZ
99b63ce,2025-08-24,100.0,city,DB
99b63ce,2025-08-24,10.0,city,ED
99b63ce,2025-08-24,10.0,city,ED
99b63ce,2025-08-24,100.0,city,FN
99b63ce,2025-08-24,50.0,city,HK
99b63ce,2025-08-24,250.0,city,JB
99b63ce,2025-08-24,500.0,city,JB
99b63ce,2025-08-24,30.0,city,JC
99b63ce,2025-08-24,1000.0,city,JL
99b63ce,2025-08-24,1000.0,city,JL
99b63ce,2025-08-24,12.5,city,JW
99b63ce,2025-08-24,35.0,city,LB
99b63ce,2025-08-24,50.0,city,LM
99b63ce,2025-08-24,50.0,city,LW
99b63ce,2025-08-24,35.0,city,NM
99b63ce,2025-08-24,10.0,city,NS
99b63ce,2025-08-24,100.0,city,PC
99b63ce,2025-08-24,100.0,city,PS
99b63ce,2025-08-24,50.0,city,PT
99b63ce,2025-08-24,50.0,city,SM
99b63ce,2025-08-24,100.0,city,SM
99b63ce,2025-08-24,100.0,city,TR
99b63ce,2025-08-24,100.0,city,TT
99b63ce,2025-08-24,100.0,ucb,EF
99b63ce,2025-08-25,50.0,city,CC
99b63ce,2025-08-25,20.0,city,CH
99b63ce,2025-08-25,25.0,city,CS
99b63ce,2025-08-25,50.0,city,DD
99b63ce,2025-08-25,50.0,city,DH
99b63ce,2025-08-25,100.0,city,EA
99b63ce,2025-08-25,200.0,city,FB
99b63ce,2025-08-25,50.0,city,JD
99b63ce,2025-08-25,500.0,city,JM
99b63ce,2025-08-25,125.0,city,JO
99b63ce,2025-08-25,100.0,city,KF
99b63ce,2025-08-25,100.0,city,LB
99b63ce,2025-08-25,100.0,city,MC
99b63ce,2025-08-25,100.0,city,MS
99b63ce,2025-08-25,100.0,city,MT
99b63ce,2025-08-25,50.0,city,SD
99b63ce,2025-08-25,100.0,city,SF
99b63ce,2025-08-25,5.0,city,SR
99b63ce,2025-08-25,100.0,city,SW
99b63ce,2025-08-25,25.0,city,VO
99b63ce,2025-08-25,10.0,ucb,AR
99b63ce,2025-08-26,100.0,city,CF
99b63ce,2025-08-26,20.0,city,CM
99b63ce,2025-08-26,25.0,city,DA
99b63ce,2025-08-26,100.0,city,DM
99b63ce,2025-08-26,100.0,city,DS
99b63ce,2025-08-26,100.0,city,EK
99b63ce,2025-08-26,50.0,city,ER
99b63ce,2025-08-26,50.0,city,JG
99b63ce,2025-08-26,150.0,city,JH
99b63ce,2025-08-26,5.0,city,JW
99b63ce,2025-08-26,50.0,city,KP
99b63ce,2025-08-26,50.0,city,KS
99b63ce,2025-08-26,100.0,city,LH
99b63ce,2025-08-26,100.0,city,MA
99b63ce,2025-08-26,50.0,city,MG
99b63ce,2025-08-26,50.0,city,MW
99b63ce,2025-08-26,100.0,city,RH
99b63ce,2025-08-26,100.0,city,SR
99b63ce,2025-08-26,200.0,city,SW
99b63ce,2025-08-26,100.0,city,TB
99b63ce,2025-08-26,100.0,city,TC
99b63ce,2025-08-26,100.0,city,TT
99b63ce,2025-08-27,50.0,both,CF
99b63ce,2025-08-27,35.0,both,CK
99b63ce,2025-08-27,10.0,city,AB
99b63ce,2025-08-27,50.0,city,AH
99b63ce,2025-08-27,50.0,city,AM
99b63ce,2025-08-27,25.0,city,CF
99b63ce,2025-08-27,100.0,city,CP
99b63ce,2025-08-27,100.0,city,DW
99b63ce,2025-08-27,50.0,city,EL
99b63ce,2025-08-27,35.0,city,EY
99b63ce,2025-08-27,50.0,city,FB
99b63ce,2025-08-27,100.0,city,GE
99b63ce,2025-08-27,100.0,city,GH
99b63ce,2025-08-27,50.0,city,JF
99b63ce,2025-08-27,10.0,city,JG
99b63ce,2025-08-27,100.0,city,JL
99b63ce,2025-08-27,50.0,city,JP
99b63ce,2025-08-27,12.5,city,JW
99b63ce,2025-08-27,25.0,city,KH
99b63ce,2025-08-27,50.0,city,LH
99b63ce,2025-08-27,100.0,city,LW
99b63ce,2025-08-27,100.0,city,MP
99b63ce,2025-08-27,250.0,city,MR
99b63ce,2025-08-27,35.0,city,NL
99b63ce,2025-08-27,50.0,city,NM
99b63ce,2025-08-27,10.0,city,NS
99b63ce,2025-08-27,10.0,city,NS
99b63ce,2025-08-27,25.0,city,PW
99b63ce,2025-08-27,1000.0,city,SL
99b63ce,2025-08-27,100.0,city,SM
99b63ce,2025-08-27,20.0,city,SN
99b63ce,2025-08-27,100.0,city,SP
99b63ce,2025-08-27,10.0,city,SR
99b63ce,2025-08-27,500.0,city,SR
99b63ce,2025-08-27,20.0,city,TS
99b63ce,2025-08-28,10.0,both,SH
99b63ce,2025-08-28,100.0,city,CF
99b63ce,2025-08-28,20.0,city,CG
99b63ce,2025-08-28,50.0,city,CM
99b63ce,2025-08-28,250.0,city,EI
99b63ce,2025-08-28,100.0,city,EO
99b63ce,2025-08-28,100.0,city,FA
99b63ce,2025-08-28,50.0,city,GA
99b63ce,2025-08-28,50.0,city,GH
99b63ce,2025-08-28,50.0,city,GK
99b63ce,2025-08-28,150.0,city,JG
99b63ce,2025-08-28,100.0,city,JR
99b63ce,2025-08-28,25.0,city,JR
99b63ce,2025-08-28,50.0,city,JW
99b63ce,2025-08-28,50.0,city,JW
99b63ce,2025-08-28,50.0,city,JW
99b63ce,2025-08-28,100.0,city,KH
99b63ce,2025-08-28,100.0,city,LC
99b63ce,2025-08-28,100.0,city,LC
99b63ce,2025-08-28,100.0,city,MA
99b63ce,2025-08-28,100.0,city,PB
99b63ce,2025-08-28,35.0,city,PK
99b63ce,2025-08-28,100.0,city,RB
99b63ce,2025-08-28,10.0,city,RJ
99b63ce,2025-08-28,50.0,city,SG
99b63ce,2025-08-28,5.0,city,SR
99b63ce,2025-08-28,50.0,city,WL
99b63ce,2025-08-28,200.0,ucb,DE
99b63ce,2025-08-28,100.0,ucb,JP
99b63ce,2025-08-29,100.0,city,AC
99b63ce,2025-08-29,50.0,city,AH
99b63ce,2025-08-29,100.0,city,AH
99b63ce,2025-08-29,50.0,city,AH
99b63ce,2025-08-29,50.0,city,AH
99b63ce,2025-08-29,50.0,city,BA
99b63ce,2025-08-29,35.0,city,BF
99b63ce,2025-08-29,100.0,city,BT
99b63ce,2025-08-29,500.0,city,CB
99b63ce,2025-08-29,50.0,city,CC
99b63ce,2025-08-29,100.0,city,DC
99b63ce,2025-08-29,300.0,city,ED
99b63ce,2025-08-29,100.0,city,FC
99b63ce,2025-08-29,25.0,city,HW
99b63ce,2025-08-29,100.0,city,JC
99b63ce,2025-08-29,100.0,city,JM
99b63ce,2025-08-29,10.0,city,JS
99b63ce,2025-08-29,25.0,city,JW
99b63ce,2025-08-29,35.0,city,LW
99b63ce,2025-08-29,250.0,city,MN
99b63ce,2025-08-29,150.0,city,PD
99b63ce,2025-08-29,35.0,city,PT
99b63ce,2025-08-29,100.0,city,SB
99b63ce,2025-08-29,50.0,city,SM
99b63ce,2025-08-29,20.0,city,SR
99b63ce,2025-08-29,100.0,city,TB
99b63ce,2025-08-29,50.0,ucb,AK
99b63ce,2025-08-30,50.0,city,CS
99b63ce,2025-08-30,50.0,city,FH
99b63ce,2025-08-30,25.0,city,JH
99b63ce,2025-08-30,500.0,city,LT
99b63ce,2025-08-30,35.0,city,LW
99b63ce,2025-08-30,10.0,city,MG
99b63ce,2025-08-30,250.0,city,MN
99b63ce,2025-08-30,20.0,city,RR
99b63ce,2025-08-30,100.0,city,SG
99b63ce,2025-08-30,400.0,city,TB
99b63ce,2025-08-30,50.0,city,WG
99b63ce,2025-08-31,50.0,city,AR
99b63ce,2025-08-31,35.0,city,CC
99b63ce,2025-08-31,25.0,city,CF
99b63ce,2025-08-31,25.0,city,CS
99b63ce,2025-08-31,250.0,city,ES
99b63ce,2025-08-31,500.0,city,EW
99b63ce,2025-08-31,50.0,city,JL
99b63ce,2025-08-31,25.0,city,JM
99b63ce,2025-08-31,100.0,city,MD
99b63ce,2025-08-31,100.0,city,MG
99b63ce,2025-08-31,50.0,city,MK
99b63ce,2025-08-31,33.0,city,NM
99b63ce,2025-08-31,35.0,city,OD
99b63ce,2025-08-31,100.0,city,PD
99b63ce,2025-08-31,10.0,city,SB
99b63ce,2025-08-31,50.0,city,SD
99b63ce,2025-08-31,100.0,city,SF
99b63ce,2025-08-31,100.0,city,SL
99b63ce,2025-08-31,10.0,city,SR
99b63ce,2025-08-31,100.0,city,VS
99b63ce,2025-08-31,20.0,ucb,AR
99b63ce,2025-08-31,100.0,ucb,BD
99b63ce,2025-08-31,100.0,ucb,MP
99b63ce,2025-09-01,20.0,city,AH
99b63ce,2025-09-01,15.0,city,ED
99b63ce,2025-09-01,50.0,city,KG
99b63ce,2025-09-01,500.0,city,KW
99b63ce,2025-09-01,100.0,city,LG
99b63ce,2025-09-01,100.0,city,MC
99b63ce,2025-09-01,100.0,city,RA
99b63ce,2025-09-01,500.0,ucb,GL
99b63ce,2025-09-02,250.0,city,AD
99b63ce,2025-09-02,100.0,city,AJ
99b63ce,2025-09-02,20.0,city,CM
99b63ce,2025-09-02,25.0,city,DM
99b63ce,2025-09-02,10.0,city,EK
99b63ce,2025-09-02,15.0,city,JG
99b63ce,2025-09-02,50.0,city,LB
99b63ce,2025-09-02,15.0,city,LH
99b63ce,2025-09-02,10.0,city,NS
99b63ce,2025-09-02,100.0,city,SB
99b63ce,2025-09-02,500.0,city,SK
99b63ce,2025-09-03,100.0,both,WM
99b63ce,2025-09-03,100.0,city,AB
99b63ce,2025-09-03,20.0,city,AG
99b63ce,2025-09-03,50.0,city,AH
99b63ce,2025-09-03,100.0,city,AJ
99b63ce,2025-09-03,10.0,city,CB
99b63ce,2025-09-03,6.0,city,CF
99b63ce,2025-09-03,25.0,city,ED
99b63ce,2025-09-03,35.0,city,FH
99b63ce,2025-09-03,100.0,city,GF
99b63ce,2025-09-03,50.0,city,JP
99b63ce,2025-09-03,50.0,city,JP
99b63ce,2025-09-03,200.0,city,KK
99b63ce,2025-09-03,100.0,city,LB
99b63ce,2025-09-03,100.0,city,LK
99b63ce,2025-09-03,100.0,city,LW
99b63ce,2025-09-03,20.0,city,LZ
99b63ce,2025-09-03,100.0,city,MT
99b63ce,2025-09-03,10.0,city,NS
99b63ce,2025-09-03,500.0,city,PC
99b63ce,2025-09-03,100.0,city,RH
99b63ce,2025-09-03,20.0,city,RJ
99b63ce,2025-09-03,100.0,city,SM
99b63ce,2025-09-03,10.0,city,SR
99b63ce,2025-09-03,20.0,city,VO
99b63ce,2025-09-03,100.0,ucb,EO
99b63ce,2025-09-04,35.0,both,CK
99b63ce,2025-09-04,10.0,both,SH
99b63ce,2025-09-04,10.0,city,AB
99b63ce,2025-09-04,50.0,city,AO
99b63ce,2025-09-04,50.0,city,AR
99b63ce,2025-09-04,50.0,city,AW
99b63ce,2025-09-04,100.0,city,BF
99b63ce,2025-09-04,50.0,city,BG
99b63ce,2025-09-04,50.0,city,BR
99b63ce,2025-09-04,100.0,city,CA
99b63ce,2025-09-04,15.0,city,CF
99b63ce,2025-09-04,35.0,city,DJ
99b63ce,2025-09-04,100.0,city,DJ
99b63ce,2025-09-04,35.0,city,ED
99b63ce,2025-09-04,100.0,city,EF
99b63ce,2025-09-04,100.0,city,HE
99b63ce,2025-09-04,50.0,city,HK
99b63ce,2025-09-04,100.0,city,IG
99b63ce,2025-09-04,100.0,city,JF
99b63ce,2025-09-04,100.0,city,JP
99b63ce,2025-09-04,50.0,city,JP
99b63ce,2025-09-04,500.0,city,JS
99b63ce,2025-09-04,100.0,city,LC
99b63ce,2025-09-04,50.0,city,LH
99b63ce,2025-09-04,50.0,city,MG
99b63ce,2025-09-04,100.0,city,ND
99b63ce,2025-09-04,50.0,city,NG
99b63ce,2025-09-04,100.0,city,PB
99b63ce,2025-09-04,100.0,city,PD
99b63ce,2025-09-04,100.0,city,RL
99b63ce,2025-09-04,100.0,city,SB
99b63ce,2025-09-04,50.0,city,SF
99b63ce,2025-09-04,100.0,city,SK
99b63ce,2025-09-04,50.0,city,SM
99b63ce,2025-09-04,5.0,city,SR
99b63ce,2025-09-04,50.0,city,TC
99b63ce,2025-09-04,100.0,city,ZS
99b63ce,2025-09-04,100.0,ucb,AK
99b63ce,2025-09-04,10.0,ucb,AR
99b63ce,2025-09-04,35.0,ucb,SM
99b63ce,2025-09-05,50.0,both,CK
99b63ce,2025-09-05,50.0,city,AM
99b63ce,2025-09-05,200.0,city,CC
99b63ce,2025-09-05,100.0,city,CC
99b63ce,2025-09-05,50.0,city,CF
99b63ce,2025-09-05,100.0,city,CP
99b63ce,2025-09-05,50.0,city,FB
99b63ce,2025-09-05,50.0,city,GC
99b63ce,2025-09-05,50.0,city,GG
99b63ce,2025-09-05,50.0,city,GH
99b63ce,2025-09-05,50.0,city,GM
99b63ce,2025-09-05,100.0,city,JM
99b63ce,2025-09-05,5.0,city,JS
99b63ce,2025-09-05,25.0,city,JW
99b63ce,2025-09-05,100.0,city,KL
99b63ce,2025-09-05,35.0,city,KP
99b63ce,2025-09-05,100.0,city,KS
99b63ce,2025-09-05,50.0,city,LC
99b63ce,2025-09-05,25.0,city,LW
99b63ce,2025-09-05,100.0,city,LW
99b63ce,2025-09-05,35.0,city,LW
99b63ce,2025-09-05,100.0,city,MF
99b63ce,2025-09-05,100.0,city,ML
99b63ce,2025-09-05,100.0,city,MM
99b63ce,2025-09-05,35.0,city,PT
99b63ce,2025-09-05,100.0,city,SG
99b63ce,2025-09-05,100.0,city,TE
99b63ce,2025-09-05,100.0,city,TH
99b63ce,2025-09-05,200.0,ucb,ES
99b63ce,2025-09-05,100.0,ucb,SM
99b63ce,2025-09-06,100.0,both,AM
99b63ce,2025-09-06,100.0,city,BK
99b63ce,2025-09-06,100.0,city,BR
99b63ce,2025-09-06,10.0,city,DC
99b63ce,2025-09-06,100.0,city,DC
99b63ce,2025-09-06,50.0,city,GH
99b63ce,2025-09-06,100.0,city,JM
99b63ce,2025-09-06,20.0,city,JM
99b63ce,2025-09-06,100.0,city,LC
99b63ce,2025-09-06,50.0,city,LH
99b63ce,2025-09-06,35.0,city,LW
99b63ce,2025-09-06,50.0,city,MK
99b63ce,2025-09-06,25.0,city,ML
99b63ce,2025-09-06,100.0,city,RP
99b63ce,2025-09-06,50.0,city,TD
99b63ce,2025-09-06,250.0,city,TG
99b63ce,2025-09-06,100.0,city,WF
99b63ce,2025-09-07,250.0,both,BR
99b63ce,2025-09-07,10.0,city,AB
99b63ce,2025-09-07,50.0,city,AH
99b63ce,2025-09-07,20.0,city,AO
99b63ce,2025-09-07,35.0,city,CC
99b63ce,2025-09-07,50.0,city,GK
99b63ce,2025-09-07,25.0,city,HW
99b63ce,2025-09-07,100.0,city,HW
99b63ce,2025-09-07,50.0,city,JR
99b63ce,2025-09-07,100.0,city,KH
99b63ce,2025-09-07,100.0,city,MB
99b63ce,2025-09-07,100.0,city,MC
99b63ce,2025-09-07,200.0,city,MR
99b63ce,2025-09-07,50.0,city,NN
99b63ce,2025-09-07,25.0,city,PW
99b63ce,2025-09-07,10.0,city,SB
99b63ce,2025-09-07,100.0,city,SH
99b63ce,2025-09-07,35.0,city,SL
99b63ce,2025-09-07,35.0,city,SR
99b63ce,2025-09-07,100.0,city,SV
99b63ce,2025-09-07,100.0,ucb,KD
99b63ce,2025-09-07,50.0,ucb,WH
99b63ce,2025-09-08,250.0,both,DK
99b63ce,2025-09-08,100.0,city,AB
99b63ce,2025-09-08,100.0,city,AH
99b63ce,2025-09-08,100.0,city,AL
99b63ce,2025-09-08,50.0,city,AS
99b63ce,2025-09-08,35.0,city,BF
99b63ce,2025-09-08,500.0,city,CB
99b63ce,2025-09-08,100.0,city,CB
99b63ce,2025-09-08,25.0,city,CG
99b63ce,2025-09-08,50.0,city,CM
99b63ce,2025-09-08,25.0,city,DK
99b63ce,2025-09-08,10.0,city,EF
99b63ce,2025-09-08,100.0,city,EF
99b63ce,2025-09-08,100.0,city,EF
99b63ce,2025-09-08,50.0,city,EK
99b63ce,2025-09-08,100.0,city,GG
99b63ce,2025-09-08,50.0,city,HA
99b63ce,2025-09-08,50.0,city,IS
99b63ce,2025-09-08,250.0,city,JB
99b63ce,2025-09-08,100.0,city,JB
99b63ce,2025-09-08,30.0,city,JC
99b63ce,2025-09-08,20.0,city,JG
99b63ce,2025-09-08,50.0,city,JG
99b63ce,2025-09-08,25.0,city,JW
99b63ce,2025-09-08,50.0,city,LB
99b63ce,2025-09-08,200.0,city,LF
99b63ce,2025-09-08,250.0,city,MC
99b63ce,2025-09-08,100.0,city,MM
99b63ce,2025-09-08,50.0,city,NK
99b63ce,2025-09-08,50.0,city,NS
99b63ce,2025-09-08,100.0,city,PD
99b63ce,2025-09-08,50.0,city,PH
99b63ce,2025-09-08,100.0,city,PR
99b63ce,2025-09-08,20.0,city,RR
99b63ce,2025-09-08,10.0,city,SR
99b63ce,2025-09-08,100.0,city,TR
99b63ce,2025-09-08,100.0,city,TT
99b63ce,2025-09-08,100.0,city,VB
99b63ce,2025-09-08,100.0,city,VG
99b63ce,2025-09-08,100.0,city,ZC
99b63ce,2025-09-08,125.0,ucb,MC
99b63ce,2025-09-08,35.0,ucb,SM
99b63ce,2025-09-09,100.0,both,VG
99b63ce,2025-09-09,35.0,city,BA
99b63ce,2025-09-09,50.0,city,BG
99b63ce,2025-09-09,500.0,city,BM
99b63ce,2025-09-09,250.0,city,CC
99b63ce,2025-09-09,25.0,city,CF
99b63ce,2025-09-09,100.0,city,CN
99b63ce,2025-09-09,100.0,city,CS
99b63ce,2025-09-09,100.0,city,DA
99b63ce,2025-09-09,100.0,city,DJ
99b63ce,2025-09-09,25.0,city,DM
99b63ce,2025-09-09,100.0,city,EF
99b63ce,2025-09-09,50.0,city,HW
99b63ce,2025-09-09,500.0,city,JB
99b63ce,2025-09-09,100.0,city,JB
99b63ce,2025-09-09,100.0,city,JC
99b63ce,2025-09-09,50.0,city,JC
99b63ce,2025-09-09,100.0,city,JK
99b63ce,2025-09-09,100.0,city,JS
99b63ce,2025-09-09,25.0,city,KP
99b63ce,2025-09-09,50.0,city,LJ
99b63ce,2025-09-09,20.0,city,LZ
99b63ce,2025-09-09,250.0,city,MM
99b63ce,2025-09-09,250.0,city,NK
99b63ce,2025-09-09,100.0,city,PD
99b63ce,2025-09-09,50.0,city,PS
99b63ce,2025-09-09,100.0,city,RH
99b63ce,2025-09-09,50.0,city,RK
99b63ce,2025-09-09,50.0,city,SW
99b63ce,2025-09-09,100.0,city,TD
99b63ce,2025-09-09,100.0,city,TM
99b63ce,2025-09-09,100.0,city,TS
99b63ce,2025-09-10,100.0,city,BC
99b63ce,2025-09-10,6.0,city,CF
99b63ce,2025-09-10,200.0,city,CH
99b63ce,2025-09-10,25.0,city,CM
99b63ce,2025-09-10,50.0,city,DD
99b63ce,2025-09-10,50.0,city,DN
99b63ce,2025-09-10,50.0,city,EK
99b63ce,2025-09-10,100.0,city,FA
99b63ce,2025-09-10,50.0,city,FH
99b63ce,2025-09-10,50.0,city,GD
99b63ce,2025-09-10,250.0,city,GW
99b63ce,2025-09-10,100.0,city,GW
99b63ce,2025-09-10,500.0,city,HH
99b63ce,2025-09-10,200.0,city,HM
99b63ce,2025-09-10,50.0,city,JF
99b63ce,2025-09-10,50.0,city,JG
99b63ce,2025-09-10,100.0,city,JK
99b63ce,2025-09-10,100.0,city,JM
99b63ce,2025-09-10,10.0,city,JP
99b63ce,2025-09-10,50.0,city,LH
99b63ce,2025-09-10,50.0,city,LK
99b63ce,2025-09-10,100.0,city,LW
99b63ce,2025-09-10,35.0,city,PK
99b63ce,2025-09-10,100.0,city,PL
99b63ce,2025-09-10,100.0,city,PS
99b63ce,2025-09-10,100.0,city,SP
99b63ce,2025-09-10,10.0,city,SR
99b63ce,2025-09-10,50.0,city,SR
99b63ce,2025-09-10,100.0,city,WH
99b63ce,2025-09-10,100.0,city,WL
99b63ce,2025-09-10,125.0,ucb,KR
99b63ce,2025-09-11,250.0,both,PG
99b63ce,2025-09-11,10.0,both,SH
99b63ce,2025-09-11,25.0,city,AH
99b63ce,2025-09-11,15.0,city,CF
99b63ce,2025-09-11,100.0,city,CH
99b63ce,2025-09-11,100.0,city,CL
99b63ce,2025-09-11,100.0,city,CM
99b63ce,2025-09-11,50.0,city,DJ
99b63ce,2025-09-11,200.0,city,DM
99b63ce,2025-09-11,100.0,city,DS
99b63ce,2025-09-11,100.0,city,JC
99b63ce,2025-09-11,100.0,city,JL
99b63ce,2025-09-11,10.0,city,JP
99b63ce,2025-09-11,50.0,city,JP
99b63ce,2025-09-11,50.0,city,JP
99b63ce,2025-09-11,100.0,city,JR
99b63ce,2025-09-11,500.0,city,KM
99b63ce,2025-09-11,50.0,city,LC
99b63ce,2025-09-11,100.0,city,MD
99b63ce,2025-09-11,100.0,city,MN
99b63ce,2025-09-11,35.0,city,SL
99b63ce,2025-09-11,25.0,city,VO
99b63ce,2025-09-11,250.0,ucb,GL
99b63ce,2025-09-12,100.0,city,AH
99b63ce,2025-09-12,100.0,city,AK
99b63ce,2025-09-12,20.0,city,AO
99b63ce,2025-09-12,100.0,city,DH
99b63ce,2025-09-12,50.0,city,DH
99b63ce,2025-09-12,100.0,city,DN
99b63ce,2025-09-12,50.0,city,EA
99b63ce,2025-09-12,50.0,city,EL
99b63ce,2025-09-12,100.0,city,EO
99b63ce,2025-09-12,50.0,city,ER
99b63ce,2025-09-12,35.0,city,EY
99b63ce,2025-09-12,100.0,city,JA
99b63ce,2025-09-12,100.0,city,JG
99b63ce,2025-09-12,250.0,city,JL
99b63ce,2025-09-12,125.0,city,JM
99b63ce,2025-09-12,5.0,city,JS
99b63ce,2025-09-12,250.0,city,KF
99b63ce,2025-09-12,50.0,city,LC
99b63ce,2025-09-12,50.0,city,LH
99b63ce,2025-09-12,100.0,city,LW
99b63ce,2025-09-12,35.0,city,LW
99b63ce,2025-09-12,50.0,city,MP
99b63ce,2025-09-12,50.0,city,NL
99b63ce,2025-09-12,33.0,city,NM
99b63ce,2025-09-12,10.0,city,NS
99b63ce,2025-09-12,35.0,city,PT
99b63ce,2025-09-12,100.0,city,RG
99b63ce,2025-09-12,25.0,city,TE
99b63ce,2025-09-12,50.0,city,TM
99b63ce,2025-09-12,20.0,city,TS
99b63ce,2025-09-13,100.0,both,RL
99b63ce,2025-09-13,50.0,city,AH
99b63ce,2025-09-13,25.0,city,BR
99b63ce,2025-09-13,35.0,city,CH
99b63ce,2025-09-13,200.0,city,DD
99b63ce,2025-09-13,100.0,city,DG
99b63ce,2025-09-13,50.0,city,GG
99b63ce,2025-09-13,20.0,city,JG
99b63ce,2025-09-13,50.0,city,JR
99b63ce,2025-09-13,100.0,city,KH
99b63ce,2025-09-13,100.0,city,KS
99b63ce,2025-09-13,100.0,city,LJ
99b63ce,2025-09-13,100.0,city,LO
99b63ce,2025-09-13,100.0,city,LW
99b63ce,2025-09-13,35.0,city,LW
99b63ce,2025-09-13,100.0,city,MJ
99b63ce,2025-09-13,25.0,city,OD
99b63ce,2025-09-13,2500.0,city,PW
99b63ce,2025-09-13,20.0,city,PW
99b63ce,2025-09-13,50.0,city,RG
99b63ce,2025-09-13,25.0,city,RJ
99b63ce,2025-09-13,25.0,city,RR
99b63ce,2025-09-13,250.0,city,SD
99b63ce,2025-09-13,100.0,city,TC
99b63ce,2025-09-13,125.0,city,TM
99b63ce,2025-09-13,100.0,ucb,LA
99b63ce,2025-09-13,200.0,ucb,MG
99b63ce,2025-09-13,100.0,ucb,WD
99b63ce,2025-09-14,50.0,both,CK
99b63ce,2025-09-14,250.0,city,AD
99b63ce,2025-09-14,50.0,city,AK
99b63ce,2025-09-14,35.0,city,CC
99b63ce,2025-09-14,25.0,city,CS
99b63ce,2025-09-14,250.0,city,DA
99b63ce,2025-09-14,100.0,city,EG
99b63ce,2025-09-14,250.0,city,GZ
99b63ce,2025-09-14,50.0,city,JL
99b63ce,2025-09-14,100.0,city,LW
99b63ce,2025-09-14,50.0,city,LW
99b63ce,2025-09-14,100.0,city,MC
99b63ce,2025-09-14,50.0,city,MD
99b63ce,2025-09-14,100.0,city,MG
99b63ce,2025-09-14,1000.0,city,MG
99b63ce,2025-09-14,100.0,city,MW
99b63ce,2025-09-14,100.0,city,NN
99b63ce,2025-09-14,50.0,city,NV
99b63ce,2025-09-14,100.0,city,SB
99b63ce,2025-09-14,10.0,city,SB
99b63ce,2025-09-14,100.0,city,SK
99b63ce,2025-09-14,10.0,city,SR
99b63ce,2025-09-14,10.0,city,SR
99b63ce,2025-09-14,13.0,city,VO
99b63ce,2025-09-14,50.0,ucb,KR
99b63ce,2025-09-14,50.0,ucb,LG
99b63ce,2025-09-15,100.0,both,KJ
99b63ce,2025-09-15,10.0,city,AG
99b63ce,2025-09-15,50.0,city,AH
99b63ce,2025-09-15,20.0,city,AO
99b63ce,2025-09-15,1000.0,city,AS
99b63ce,2025-09-15,50.0,city,AS
99b63ce,2025-09-15,35.0,city,BA
99b63ce,2025-09-15,50.0,city,BR
99b63ce,2025-09-15,35.0,city,BS
99b63ce,2025-09-15,25.0,city,DK
99b63ce,2025-09-15,10.0,city,EF
99b63ce,2025-09-15,25.0,city,EF
99b63ce,2025-09-15,100.0,city,EK
99b63ce,2025-09-15,100.0,city,GD
99b63ce,2025-09-15,50.0,city,HA
99b63ce,2025-09-15,35.0,city,JC
99b63ce,2025-09-15,15.0,city,JG
99b63ce,2025-09-15,50.0,city,JW
99b63ce,2025-09-15,100.0,city,LL
99b63ce,2025-09-15,10.0,city,NS
99b63ce,2025-09-15,100.0,city,PB
99b63ce,2025-09-15,100.0,city,PP
99b63ce,2025-09-15,100.0,city,SC
99b63ce,2025-09-15,35.0,city,SM
99b63ce,2025-09-15,50.0,city,SP
99b63ce,2025-09-15,100.0,city,SW
99b63ce,2025-09-15,25.0,city,TR
99b63ce,2025-09-15,100.0,city,TT
99b63ce,2025-09-15,25.0,city,VO
99b63ce,2025-09-15,50.0,city,WW
99b63ce,2025-09-16,100.0,both,CF
99b63ce,2025-09-16,100.0,both,MP
99b63ce,2025-09-16,100.0,city,AA
99b63ce,2025-09-16,50.0,city,AW
99b63ce,2025-09-16,250.0,city,BS
99b63ce,2025-09-16,6.0,city,CF
99b63ce,2025-09-16,100.0,city,CF
99b63ce,2025-09-16,50.0,city,CR
99b63ce,2025-09-16,25.0,city,DM
99b63ce,2025-09-16,100.0,city,DO
99b63ce,2025-09-16,35.0,city,ED
99b63ce,2025-09-16,100.0,city,EH
99b63ce,2025-09-16,50.0,city,EP
99b63ce,2025-09-16,50.0,city,EV
99b63ce,2025-09-16,50.0,city,EY
99b63ce,2025-09-16,50.0,city,FB
99b63ce,2025-09-16,50.0,city,FC
99b63ce,2025-09-16,100.0,city,GF
99b63ce,2025-09-16,250.0,city,GG
99b63ce,2025-09-16,50.0,city,HK
99b63ce,2025-09-16,10.0,city,JG
99b63ce,2025-09-16,50.0,city,JM
99b63ce,2025-09-16,100.0,city,JO
99b63ce,2025-09-16,35.0,city,JP
99b63ce,2025-09-16,12.0,city,JW
99b63ce,2025-09-16,50.0,city,KH
99b63ce,2025-09-16,25.0,city,KP
99b63ce,2025-09-16,50.0,city,LC
99b63ce,2025-09-16,50.0,city,LH
99b63ce,2025-09-16,50.0,city,LS
99b63ce,2025-09-16,20.0,city,LZ
99b63ce,2025-09-16,50.0,city,MA
99b63ce,2025-09-16,200.0,city,ML
99b63ce,2025-09-16,100.0,city,ML
99b63ce,2025-09-16,500.0,city,MM
99b63ce,2025-09-16,100.0,city,NZ
99b63ce,2025-09-16,300.0,city,PA
99b63ce,2025-09-16,100.0,city,PC
99b63ce,2025-09-16,100.0,city,PP
99b63ce,2025-09-16,100.0,city,RB
99b63ce,2025-09-16,25.0,city,RG
99b63ce,2025-09-16,10.0,city,RJ
99b63ce,2025-09-16,50.0,city,RK
99b63ce,2025-09-16,1000.0,city,SB
99b63ce,2025-09-16,100.0,city,SK
99b63ce,2025-09-16,100.0,city,SR
99b63ce,2025-09-16,50.0,city,SR
99b63ce,2025-09-16,35.0,city,TS
99b63ce,2025-09-16,50.0,city,WB
99b63ce,2025-09-16,100.0,ucb,KO
99b63ce,2025-09-16,100.0,ucb,YR
99b63ce,2025-09-17,250.0,city,AJ
99b63ce,2025-09-17,35.0,city,BF
99b63ce,2025-09-17,50.0,city,BR
99b63ce,2025-09-17,6.0,city,CF
99b63ce,2025-09-17,200.0,city,CM
99b63ce,2025-09-17,100.0,city,DD
99b63ce,2025-09-17,100.0,city,EM
99b63ce,2025-09-17,100.0,city,GH
99b63ce,2025-09-17,500.0,city,HH
99b63ce,2025-09-17,100.0,city,HW
99b63ce,2025-09-17,100.0,city,JF
99b63ce,2025-09-17,10.0,city,JP
99b63ce,2025-09-17,50.0,city,KS
99b63ce,2025-09-17,100.0,city,LW
99b63ce,2025-09-17,50.0,city,SB
99b63ce,2025-09-17,200.0,city,SS
99b63ce,2025-09-17,100.0,ucb,CB
99b63ce,2025-09-17,100.0,ucb,EF
99b63ce,2025-09-17,30.0,ucb,KR
99b63ce,2025-09-18,35.0,both,CK
99b63ce,2025-09-18,500.0,both,RS
99b63ce,2025-09-18,10.0,both,SH
99b63ce,2025-09-18,100.0,city,AH
99b63ce,2025-09-18,50.0,city,AH
99b63ce,2025-09-18,50.0,city,AH
99b63ce,2025-09-18,250.0,city,AK
99b63ce,2025-09-18,50.0,city,AP
99b63ce,2025-09-18,15.0,city,CF
99b63ce,2025-09-18,100.0,city,DJ
99b63ce,2025-09-18,250.0,city,DS
99b63ce,2025-09-18,100.0,city,EC
99b63ce,2025-09-18,35.0,city,ED
99b63ce,2025-09-18,50.0,city,EP
99b63ce,2025-09-18,50.0,city,EV
99b63ce,2025-09-18,50.0,city,GC
99b63ce,2025-09-18,100.0,city,GC
99b63ce,2025-09-18,50.0,city,GG
99b63ce,2025-09-18,100.0,city,JB
99b63ce,2025-09-18,100.0,city,JC
99b63ce,2025-09-18,25.0,city,JH
99b63ce,2025-09-18,100.0,city,JL
99b63ce,2025-09-18,25.0,city,JM
99b63ce,2025-09-18,200.0,city,JN
99b63ce,2025-09-18,35.0,city,JP
99b63ce,2025-09-18,35.0,city,JP
99b63ce,2025-09-18,50.0,city,JP
99b63ce,2025-09-18,10.0,city,JP
99b63ce,2025-09-18,100.0,city,KH
99b63ce,2025-09-18,250.0,city,LC
99b63ce,2025-09-18,50.0,city,LH
99b63ce,2025-09-18,25.0,city,LH
99b63ce,2025-09-18,100.0,city,LJ
99b63ce,2025-09-18,100.0,city,LL
99b63ce,2025-09-18,250.0,city,LS
99b63ce,2025-09-18,10.0,city,LW
99b63ce,2025-09-18,200.0,city,MC
99b63ce,2025-09-18,50.0,city,MK
99b63ce,2025-09-18,100.0,city,MM
99b63ce,2025-09-18,100.0,city,MM
99b63ce,2025-09-18,100.0,city,MM
99b63ce,2025-09-18,25.0,city,MN
99b63ce,2025-09-18,100.0,city,NN
99b63ce,2025-09-18,50.0,city,NS
99b63ce,2025-09-18,100.0,city,PB
99b63ce,2025-09-18,100.0,city,PH
99b63ce,2025-09-18,100.0,city,PL
99b63ce,2025-09-18,100.0,city,RE
99b63ce,2025-09-18,250.0,city,RF
99b63ce,2025-09-18,50.0,city,RG
99b63ce,2025-09-18,175.0,city,RH
99b63ce,2025-09-18,50.0,city,RS
99b63ce,2025-09-18,50.0,city,SM
99b63ce,2025-09-18,50.0,city,SP
99b63ce,2025-09-18,5.0,city,SR
99b63ce,2025-09-18,100.0,city,SS
99b63ce,2025-09-18,500.0,city,TC
99b63ce,2025-09-18,100.0,city,TD
99b63ce,2025-09-18,100.0,city,TS
99b63ce,2025-09-18,500.0,city,UD
99b63ce,2025-09-18,13.0,city,VO
99b63ce,2025-09-18,500.0,ucb,AG
99b63ce,2025-09-18,35.0,ucb,SM
99b63ce,2025-09-19,500.0,city,AO
99b63ce,2025-09-19,250.0,city,BL
99b63ce,2025-09-19,25.0,city,CF
99b63ce,2025-09-19,50.0,city,CK
99b63ce,2025-09-19,125.0,city,DR
99b63ce,2025-09-19,18.0,city,ED
99b63ce,2025-09-19,100.0,city,GG
99b63ce,2025-09-19,50.0,city,IS
99b63ce,2025-09-19,100.0,city,JA
99b63ce,2025-09-19,50.0,city,JG
99b63ce,2025-09-19,125.0,city,JM
99b63ce,2025-09-19,50.0,city,JP
99b63ce,2025-09-19,5.0,city,JS
99b63ce,2025-09-19,1000.0,city,KD
99b63ce,2025-09-19,50.0,city,KG
99b63ce,2025-09-19,100.0,city,KS
99b63ce,2025-09-19,50.0,city,LC
99b63ce,2025-09-19,35.0,city,LW
99b63ce,2025-09-19,100.0,city,LW
99b63ce,2025-09-19,100.0,city,LW
99b63ce,2025-09-19,50.0,city,LW
99b63ce,2025-09-19,200.0,city,MG
99b63ce,2025-09-19,100.0,city,MG
99b63ce,2025-09-19,100.0,city,MN
99b63ce,2025-09-19,250.0,city,MR
99b63ce,2025-09-19,50.0,city,MW
99b63ce,2025-09-19,50.0,city,NG
99b63ce,2025-09-19,50.0,city,NS
99b63ce,2025-09-19,100.0,city,NW
99b63ce,2025-09-19,200.0,city,PD
99b63ce,2025-09-19,25.0,city,PK
99b63ce,2025-09-19,100.0,city,PL
99b63ce,2025-09-19,50.0,city,PL
99b63ce,2025-09-19,100.0,city,PP
99b63ce,2025-09-19,35.0,city,PT
99b63ce,2025-09-19,50.0,city,PW
99b63ce,2025-09-19,50.0,city,RB
99b63ce,2025-09-19,100.0,city,RL
99b63ce,2025-09-19,100.0,city,RS
99b63ce,2025-09-19,15.0,city,SF
99b63ce,2025-09-19,100.0,city,SN
99b63ce,2025-09-19,10.0,city,SR
99b63ce,2025-09-19,50.0,city,SS
99b63ce,2025-09-19,250.0,city,SW
99b63ce,2025-09-19,100.0,city,TR
99b63ce,2025-09-20,100.0,both,VG
99b63ce,2025-09-20,500.0,city,AG
99b63ce,2025-09-20,50.0,city,AO
99b63ce,2025-09-20,100.0,city,BC
99b63ce,2025-09-20,20.0,city,BS
99b63ce,2025-09-20,100.0,city,CF
99b63ce,2025-09-20,100.0,city,CH
99b63ce,2025-09-20,100.0,city,CH
99b63ce,2025-09-20,50.0,city,CN
99b63ce,2025-09-20,100.0,city,DD
99b63ce,2025-09-20,100.0,city,DM
99b63ce,2025-09-20,50.0,city,DO
99b63ce,2025-09-20,35.0,city,ED
99b63ce,2025-09-20,50.0,city,EK
99b63ce,2025-09-20,200.0,city,EL
99b63ce,2025-09-20,25.0,city,FH
99b63ce,2025-09-20,100.0,city,JF
99b63ce,2025-09-20,10.0,city,JG
99b63ce,2025-09-20,100.0,city,JH
99b63ce,2025-09-20,50.0,city,JH
99b63ce,2025-09-20,100.0,city,JN
99b63ce,2025-09-20,100.0,city,JT
99b63ce,2025-09-20,50.0,city,KR
99b63ce,2025-09-20,100.0,city,LD
99b63ce,2025-09-20,100.0,city,LT
99b63ce,2025-09-20,35.0,city,LW
99b63ce,2025-09-20,250.0,city,MB
99b63ce,2025-09-20,25.0,city,OD
99b63ce,2025-09-20,100.0,city,PO
99b63ce,2025-09-20,50.0,city,RK
99b63ce,2025-09-20,25.0,city,RR
99b63ce,2025-09-20,100.0,city,SG
99b63ce,2025-09-20,50.0,city,SO
99b63ce,2025-09-20,100.0,city,SS
99b63ce,2025-09-20,100.0,city,SS
99b63ce,2025-09-20,35.0,city,SW
99b63ce,2025-09-20,100.0,city,TD
99b63ce,2025-09-20,100.0,city,TM
99b63ce,2025-09-20,100.0,city,TY
99b63ce,2025-09-20,25.0,city,VO
99b63ce,2025-09-20,4.0,ucb,AR
99b63ce,2025-09-21,500.0,both,RS
99b63ce,2025-09-21,10.0,city,BR
99b63ce,2025-09-21,35.0,city,CC
99b63ce,2025-09-21,10.0,city,CM
99b63ce,2025-09-21,35.0,city,CM
99b63ce,2025-09-21,50.0,city,DB
99b63ce,2025-09-21,10.0,city,DC
99b63ce,2025-09-21,100.0,city,EP
99b63ce,2025-09-21,10.0,city,ER
99b63ce,2025-09-21,35.0,city,GK
99b63ce,2025-09-21,100.0,city,IG
99b63ce,2025-09-21,25.0,city,JH
99b63ce,2025-09-21,35.0,city,JN
99b63ce,2025-09-21,100.0,city,KS
99b63ce,2025-09-21,5.0,city,LK
99b63ce,2025-09-21,50.0,city,LM
99b63ce,2025-09-21,50.0,city,LW
99b63ce,2025-09-21,100.0,city,MC
99b63ce,2025-09-21,50.0,city,MW
99b63ce,2025-09-21,25.0,city,PK
99b63ce,2025-09-21,35.0,city,RB
99b63ce,2025-09-21,10.0,city,SB
99b63ce,2025-09-21,250.0,city,SM
99b63ce,2025-09-21,10.0,city,SS
99b63ce,2025-09-21,10.0,city,TT
99b63ce,2025-09-21,10.0,city,VK
99b63ce,2025-09-21,5.0,city,VW
99b63ce,2025-09-21,250.0,city,WS
99b63ce,2025-09-21,100.0,ucb,KR
99b63ce,2025-09-21,10.0,ucb,TI
99b63ce,2025-09-22,100.0,city,AB
99b63ce,2025-09-22,100.0,city,AC
99b63ce,2025-09-22,35.0,city,AH
99b63ce,2025-09-22,50.0,city,CB
99b63ce,2025-09-22,50.0,city,CR
99b63ce,2025-09-22,100.0,city,CS
99b63ce,2025-09-22,25.0,city,DK
99b63ce,2025-09-22,100.0,city,DP
99b63ce,2025-09-22,50.0,city,DT
99b63ce,2025-09-22,100.0,city,EB
99b63ce,2025-09-22,10.0,city,EF
99b63ce,2025-09-22,25.0,city,EF
99b63ce,2025-09-22,10.0,city,EM
99b63ce,2025-09-22,35.0,city,GC
99b63ce,2025-09-22,100.0,city,GS
99b63ce,2025-09-22,100.0,city,JL
99b63ce,2025-09-22,10.0,city,LK
99b63ce,2025-09-22,50.0,city,LK
99b63ce,2025-09-22,100.0,city,LL
99b63ce,2025-09-22,100.0,city,LW
99b63ce,2025-09-22,25.0,city,MA
99b63ce,2025-09-22,250.0,city,PD
99b63ce,2025-09-22,250.0,city,SB
99b63ce,2025-09-22,50.0,city,SL
99b63ce,2025-09-22,50.0,city,TM
99b63ce,2025-09-22,25.0,city,TR
99b63ce,2025-09-23,50.0,city,AG
99b63ce,2025-09-23,100.0,city,AR
99b63ce,2025-09-23,50.0,city,AW
99b63ce,2025-09-23,35.0,city,BF
99b63ce,2025-09-23,50.0,city,BH
99b63ce,2025-09-23,20.0,city,BS
99b63ce,2025-09-23,50.0,city,CC
99b63ce,2025-09-23,6.0,city,CF
99b63ce,2025-09-23,20.0,city,CM
99b63ce,2025-09-23,1000.0,city,CS
99b63ce,2025-09-23,100.0,city,DL
99b63ce,2025-09-23,25.0,city,DM
99b63ce,2025-09-23,100.0,city,DW
99b63ce,2025-09-23,500.0,city,ED
99b63ce,2025-09-23,50.0,city,EF
99b63ce,2025-09-23,20.0,city,HF
99b63ce,2025-09-23,50.0,city,HK
99b63ce,2025-09-23,100.0,city,HL
99b63ce,2025-09-23,50.0,city,JT
99b63ce,2025-09-23,25.0,city,JW
99b63ce,2025-09-23,35.0,city,KW
99b63ce,2025-09-23,20.0,city,LZ
99b63ce,2025-09-23,35.0,city,MA
99b63ce,2025-09-23,50.0,city,MK
99b63ce,2025-09-23,100.0,city,ML
99b63ce,2025-09-23,20.0,city,NS
99b63ce,2025-09-23,100.0,city,PH
99b63ce,2025-09-23,50.0,city,PL
99b63ce,2025-09-23,10.0,city,SB
99b63ce,2025-09-23,25.0,city,SD
99b63ce,2025-09-23,50.0,city,SK
99b63ce,2025-09-23,50.0,city,TS
99b63ce,2025-09-23,50.0,city,WB
99b63ce,2025-09-23,10.0,ucb,KB
99b63ce,2025-09-24,35.0,both,CK
99b63ce,2025-09-24,50.0,both,MP
99b63ce,2025-09-24,35.0,city,AB
99b63ce,2025-09-24,35.0,city,AH
99b63ce,2025-09-24,500.0,city,AH
99b63ce,2025-09-24,50.0,city,AS
99b63ce,2025-09-24,50.0,city,AS
99b63ce,2025-09-24,100.0,city,BB
99b63ce,2025-09-24,500.0,city,BB
99b63ce,2025-09-24,50.0,city,BR
99b63ce,2025-09-24,10.0,city,BT
99b63ce,2025-09-24,6.0,city,CF
99b63ce,2025-09-24,50.0,city,CW
99b63ce,2025-09-24,100.0,city,DD
99b63ce,2025-09-24,100.0,city,DE
99b63ce,2025-09-24,35.0,city,EC
99b63ce,2025-09-24,50.0,city,EK
99b63ce,2025-09-24,50.0,city,FD
99b63ce,2025-09-24,50.0,city,GB
99b63ce,2025-09-24,100.0,city,HB
99b63ce,2025-09-24,25.0,city,HB
99b63ce,2025-09-24,50.0,city,HM
99b63ce,2025-09-24,20.0,city,JB
99b63ce,2025-09-24,50.0,city,JB
99b63ce,2025-09-24,35.0,city,JC
99b63ce,2025-09-24,100.0,city,JM
99b63ce,2025-09-24,10.0,city,JP
99b63ce,2025-09-24,100.0,city,KS
99b63ce,2025-09-24,100.0,city,LF
99b63ce,2025-09-24,50.0,city,LH
99b63ce,2025-09-24,250.0,city,LJ
99b63ce,2025-09-24,100.0,city,LR
99b63ce,2025-09-24,25.0,city,LT
99b63ce,2025-09-24,50.0,city,LW
99b63ce,2025-09-24,100.0,city,LW
99b63ce,2025-09-24,25.0,city,MD
99b63ce,2025-09-24,100.0,city,MM
99b63ce,2025-09-24,50.0,city,NS
99b63ce,2025-09-24,35.0,city,PK
99b63ce,2025-09-24,50.0,city,PM
99b63ce,2025-09-24,50.0,city,PS
99b63ce,2025-09-24,35.0,city,RM
99b63ce,2025-09-24,1000.0,city,SL
99b63ce,2025-09-24,50.0,city,SM
99b63ce,2025-09-24,5.0,city,SR
99b63ce,2025-09-24,100.0,city,SS
99b63ce,2025-09-24,500.0,city,SS
99b63ce,2025-09-24,6.0,city,TT
99b63ce,2025-09-24,25.0,city,VO
99b63ce,2025-09-24,100.0,city,VS
99b63ce,2025-09-24,100.0,city,WL
99b63ce,2025-09-24,50.0,ucb,DO
99b63ce,2025-09-24,30.0,ucb,KR
99b63ce,2025-09-24,100.0,ucb,RH
99b63ce,2025-09-24,100.0,ucb,TD
99b63ce,2025-09-25,50.0,both,MB
99b63ce,2025-09-25,10.0,both,SH
99b63ce,2025-09-25,100.0,city,AF
99b63ce,2025-09-25,50.0,city,AH
99b63ce,2025-09-25,35.0,city,BY
99b63ce,2025-09-25,1000.0,city,CB
99b63ce,2025-09-25,200.0,city,CC
99b63ce,2025-09-25,15.0,city,CF
99b63ce,2025-09-25,25.0,city,CG
99b63ce,2025-09-25,100.0,city,CL
99b63ce,2025-09-25,100.0,city,CP
99b63ce,2025-09-25,7.0,city,DD
99b63ce,2025-09-25,100.0,city,DD
99b63ce,2025-09-25,35.0,city,ED
99b63ce,2025-09-25,100.0,city,FW
99b63ce,2025-09-25,35.0,city,GB
99b63ce,2025-09-25,100.0,city,HH
99b63ce,2025-09-25,50.0,city,HK
99b63ce,2025-09-25,150.0,city,HM
99b63ce,2025-09-25,25.0,city,JC
99b63ce,2025-09-25,100.0,city,JC
99b63ce,2025-09-25,25.0,city,JF
99b63ce,2025-09-25,50.0,city,JG
99b63ce,2025-09-25,35.0,city,JM
99b63ce,2025-09-25,50.0,city,JP
99b63ce,2025-09-25,10.0,city,JP
99b63ce,2025-09-25,35.0,city,KB
99b63ce,2025-09-25,50.0,city,KH
99b63ce,2025-09-25,100.0,city,KS
99b63ce,2025-09-25,250.0,city,LB
99b63ce,2025-09-25,35.0,city,LB
99b63ce,2025-09-25,10.0,city,LF
99b63ce,2025-09-25,30.0,city,LH
99b63ce,2025-09-25,10.0,city,LK
99b63ce,2025-09-25,10.0,city,MB
99b63ce,2025-09-25,50.0,city,MB
99b63ce,2025-09-25,50.0,city,MB
99b63ce,2025-09-25,100.0,city,MD
99b63ce,2025-09-25,50.0,city,MG
99b63ce,2025-09-25,25.0,city,MN
99b63ce,2025-09-25,50.0,city,MS
99b63ce,2025-09-25,18.0,city,MS
99b63ce,2025-09-25,50.0,city,MW
99b63ce,2025-09-25,100.0,city,MZ
99b63ce,2025-09-25,50.0,city,NG
99b63ce,2025-09-25,100.0,city,PH
99b63ce,2025-09-25,50.0,city,PS
99b63ce,2025-09-25,50.0,city,PW
99b63ce,2025-09-25,100.0,city,RB
99b63ce,2025-09-25,20.0,city,RJ
99b63ce,2025-09-25,100.0,city,SC
99b63ce,2025-09-25,1000.0,city,SH
99b63ce,2025-09-25,50.0,city,SI
99b63ce,2025-09-25,50.0,city,SM
99b63ce,2025-09-25,35.0,city,TC
99b63ce,2025-09-25,2000.0,ucb,JH
99b63ce,2025-09-25,35.0,ucb,SM
99b63ce,2025-09-26,100.0,both,KS
99b63ce,2025-09-26,100.0,city,AA
99b63ce,2025-09-26,250.0,city,AH
99b63ce,2025-09-26,100.0,city,AM
99b63ce,2025-09-26,20.0,city,AP
99b63ce,2025-09-26,200.0,city,CM
99b63ce,2025-09-26,100.0,city,DJ
99b63ce,2025-09-26,500.0,city,DS
99b63ce,2025-09-26,100.0,city,EK
99b63ce,2025-09-26,50.0,city,EN
99b63ce,2025-09-26,50.0,city,EP
99b63ce,2025-09-26,50.0,city,FB
99b63ce,2025-09-26,100.0,city,GD
99b63ce,2025-09-26,20.0,city,HB
99b63ce,2025-09-26,100.0,city,IR
99b63ce,2025-09-26,25.0,city,JM
99b63ce,2025-09-26,50.0,city,JM
99b63ce,2025-09-26,100.0,city,JO
99b63ce,2025-09-26,35.0,city,JP
99b63ce,2025-09-26,5.0,city,JS
99b63ce,2025-09-26,100.0,city,KS
99b63ce,2025-09-26,10.0,city,KV
99b63ce,2025-09-26,50.0,city,LB
99b63ce,2025-09-26,10.0,city,LK
99b63ce,2025-09-26,25.0,city,LL
99b63ce,2025-09-26,35.0,city,LW
99b63ce,2025-09-26,100.0,city,LW
99b63ce,2025-09-26,50.0,city,LW
99b63ce,2025-09-26,25.0,city,MD
99b63ce,2025-09-26,100.0,city,MJ
99b63ce,2025-09-26,50.0,city,MK
99b63ce,2025-09-26,150.0,city,MR
99b63ce,2025-09-26,100.0,city,NC
99b63ce,2025-09-26,50.0,city,PH
99b63ce,2025-09-26,100.0,city,PS
99b63ce,2025-09-26,35.0,city,PT
99b63ce,2025-09-26,25.0,city,RB
99b63ce,2025-09-26,50.0,city,RL
99b63ce,2025-09-26,50.0,city,RM
99b63ce,2025-09-26,25.0,city,SD
99b63ce,2025-09-26,100.0,city,SM
99b63ce,2025-09-26,10.0,city,SR
99b63ce,2025-09-26,50.0,city,SR
99b63ce,2025-09-26,35.0,city,TL
99b63ce,2025-09-26,125.0,city,TM
99b63ce,2025-09-26,35.0,city,TT
99b63ce,2025-09-26,10.0,city,VK
99b63ce,2025-09-26,10.0,city,VW
99b63ce,2025-09-26,100.0,ucb,JS
99b63ce,2025-09-26,50.0,ucb,TM
99b63ce,2025-09-27,25.0,both,CK
99b63ce,2025-09-27,35.0,city,AB
99b63ce,2025-09-27,25.0,city,AO
99b63ce,2025-09-27,50.0,city,BD
99b63ce,2025-09-27,406.0,city,CM
99b63ce,2025-09-27,50.0,city,CR
99b63ce,2025-09-27,100.0,city,CT
99b63ce,2025-09-27,100.0,city,DM
99b63ce,2025-09-27,5.0,city,DO
99b63ce,2025-09-27,50.0,city,DO
99b63ce,2025-09-27,50.0,city,DS
99b63ce,2025-09-27,10.0,city,EC
99b63ce,2025-09-27,35.0,city,ED
99b63ce,2025-09-27,100.0,city,FB
99b63ce,2025-09-27,100.0,city,GG
99b63ce,2025-09-27,250.0,city,JC
99b63ce,2025-09-27,50.0,city,JH
99b63ce,2025-09-27,50.0,city,JJ
99b63ce,2025-09-27,50.0,city,JM
99b63ce,2025-09-27,25.0,city,JN
99b63ce,2025-09-27,50.0,city,JP
99b63ce,2025-09-27,35.0,city,JP
99b63ce,2025-09-27,100.0,city,JS
99b63ce,2025-09-27,100.0,city,KS
99b63ce,2025-09-27,500.0,city,LJ
99b63ce,2025-09-27,50.0,city,LM
99b63ce,2025-09-27,35.0,city,LW
99b63ce,2025-09-27,25.0,city,MC
99b63ce,2025-09-27,50.0,city,MR
99b63ce,2025-09-27,100.0,city,MR
99b63ce,2025-09-27,500.0,city,NO
99b63ce,2025-09-27,10.0,city,NS
99b63ce,2025-09-27,25.0,city,OD
99b63ce,2025-09-27,35.0,city,PL
99b63ce,2025-09-27,10.0,city,RC
99b63ce,2025-09-27,100.0,city,RD
99b63ce,2025-09-27,100.0,city,RR
99b63ce,2025-09-27,25.0,city,RR
99b63ce,2025-09-27,10.0,city,SD
99b63ce,2025-09-27,10.0,city,SS
99b63ce,2025-09-27,100.0,city,TT
99b63ce,2025-09-28,100.0,both,PL
99b63ce,2025-09-28,500.0,city,AA
99b63ce,2025-09-28,50.0,city,AH
99b63ce,2025-09-28,250.0,city,AM
99b63ce,2025-09-28,5.0,city,BR
99b63ce,2025-09-28,35.0,city,CC
99b63ce,2025-09-28,35.0,city,CR
99b63ce,2025-09-28,100.0,city,DA
99b63ce,2025-09-28,500.0,city,DA
99b63ce,2025-09-28,10.0,city,DC
99b63ce,2025-09-28,100.0,city,EH
99b63ce,2025-09-28,100.0,city,EM
99b63ce,2025-09-28,25.0,city,ER
99b63ce,2025-09-28,100.0,city,ES
99b63ce,2025-09-28,50.0,city,GG
99b63ce,2025-09-28,100.0,city,HC
99b63ce,2025-09-28,20.0,city,JG
99b63ce,2025-09-28,50.0,city,KF
99b63ce,2025-09-28,35.0,city,KW
99b63ce,2025-09-28,100.0,city,LG
99b63ce,2025-09-28,100.0,city,LH
99b63ce,2025-09-28,100.0,city,MC
99b63ce,2025-09-28,100.0,city,MR
99b63ce,2025-09-28,10.0,city,PS
99b63ce,2025-09-28,100.0,city,RB
99b63ce,2025-09-28,50.0,city,RD
99b63ce,2025-09-28,250.0,city,RL
99b63ce,2025-09-28,10.0,city,SB
99b63ce,2025-09-28,100.0,city,SS
99b63ce,2025-09-28,10.0,city,SS
99b63ce,2025-09-28,50.0,city,TM
99b63ce,2025-09-28,10.0,city,TT
99b63ce,2025-09-28,25.0,city,TT
99b63ce,2025-09-28,10.0,ucb,TI
99b63ce,2025-09-29,25.0,both,EB
99b63ce,2025-09-29,35.0,city,CH
99b63ce,2025-09-29,25.0,city,DK
99b63ce,2025-09-29,15.0,city,EC
99b63ce,2025-09-29,25.0,city,EF
99b63ce,2025-09-29,10.0,city,EF
99b63ce,2025-09-29,10.0,city,EM
99b63ce,2025-09-29,25.0,city,JY
99b63ce,2025-09-29,25.0,city,KP
99b63ce,2025-09-29,10.0,city,LT
99b63ce,2025-09-29,35.0,city,ND
99b63ce,2025-09-29,25.0,city,PW
99b63ce,2025-09-29,35.0,city,SD
99b63ce,2025-09-29,25.0,city,TR
99b63ce,2025-09-29,35.0,ucb,SH
99b63ce,2025-09-30,50.0,both,CF
99b63ce,2025-09-30,100.0,both,JH
99b63ce,2025-09-30,100.0,both,JH
99b63ce,2025-09-30,50.0,city,AB
99b63ce,2025-09-30,100.0,city,AB
99b63ce,2025-09-30,50.0,city,AF
99b63ce,2025-09-30,50.0,city,AG
99b63ce,2025-09-30,50.0,city,AH
99b63ce,2025-09-30,50.0,city,AH
99b63ce,2025-09-30,50.0,city,AL
99b63ce,2025-09-30,250.0,city,AO
99b63ce,2025-09-30,35.0,city,BF
99b63ce,2025-09-30,50.0,city,BM
99b63ce,2025-09-30,6.0,city,CF
99b63ce,2025-09-30,100.0,city,CH
99b63ce,2025-09-30,50.0,city,CR
99b63ce,2025-09-30,25.0,city,CS
99b63ce,2025-09-30,50.0,city,DB
99b63ce,2025-09-30,20.0,city,DD
99b63ce,2025-09-30,50.0,city,DH
99b63ce,2025-09-30,25.0,city,DM
99b63ce,2025-09-30,100.0,city,DM
99b63ce,2025-09-30,100.0,city,DM
99b63ce,2025-09-30,250.0,city,DR
99b63ce,2025-09-30,50.0,city,EA
99b63ce,2025-09-30,100.0,city,EG
99b63ce,2025-09-30,100.0,city,EK
99b63ce,2025-09-30,200.0,city,EW
99b63ce,2025-09-30,100.0,city,FA
99b63ce,2025-09-30,100.0,city,FL
99b63ce,2025-09-30,125.0,city,FS
99b63ce,2025-09-30,100.0,city,GF
99b63ce,2025-09-30,100.0,city,GL
99b63ce,2025-09-30,100.0,city,GL
99b63ce,2025-09-30,100.0,city,GP
99b63ce,2025-09-30,100.0,city,HA
99b63ce,2025-09-30,50.0,city,IW
99b63ce,2025-09-30,30.0,city,IW
99b63ce,2025-09-30,101.0,city,JB
99b63ce,2025-09-30,100.0,city,JB
99b63ce,2025-09-30,35.0,city,JD
99b63ce,2025-09-30,100.0,city,JG
99b63ce,2025-09-30,25.0,city,JH
99b63ce,2025-09-30,50.0,city,JK
99b63ce,2025-09-30,50.0,city,JL
99b63ce,2025-09-30,100.0,city,JL
99b63ce,2025-09-30,50.0,city,JL
99b63ce,2025-09-30,100.0,city,JL
99b63ce,2025-09-30,100.0,city,JM
99b63ce,2025-09-30,35.0,city,JW
99b63ce,2025-09-30,100.0,city,JW
99b63ce,2025-09-30,100.0,city,KC
99b63ce,2025-09-30,50.0,city,KH
99b63ce,2025-09-30,100.0,city,KH
99b63ce,2025-09-30,250.0,city,KJ
99b63ce,2025-09-30,500.0,city,KM
99b63ce,2025-09-30,100.0,city,KS
99b63ce,2025-09-30,100.0,city,KS
99b63ce,2025-09-30,20.0,city,LH
99b63ce,2025-09-30,100.0,city,LK
99b63ce,2025-09-30,100.0,city,LL
99b63ce,2025-09-30,50.0,city,LM
99b63ce,2025-09-30,100.0,city,LT
99b63ce,2025-09-30,100.0,city,LW
99b63ce,2025-09-30,100.0,city,LW
99b63ce,2025-09-30,10.0,city,LW
99b63ce,2025-09-30,20.0,city,LZ
99b63ce,2025-09-30,15.0,city,MB
99b63ce,2025-09-30,50.0,city,MB
99b63ce,2025-09-30,100.0,city,ME
99b63ce,2025-09-30,100.0,city,ME
99b63ce,2025-09-30,50.0,city,MK
99b63ce,2025-09-30,45.0,city,MK
99b63ce,2025-09-30,500.0,city,MM
99b63ce,2025-09-30,100.0,city,MR
99b63ce,2025-09-30,100.0,city,MS
99b63ce,2025-09-30,50.0,city,NG
99b63ce,2025-09-30,250.0,city,NH
99b63ce,2025-09-30,150.0,city,NR
99b63ce,2025-09-30,50.0,city,PB
99b63ce,2025-09-30,100.0,city,PS
99b63ce,2025-09-30,50.0,city,PS
99b63ce,2025-09-30,100.0,city,RB
99b63ce,2025-09-30,35.0,city,RH
99b63ce,2025-09-30,50.0,city,RK
99b63ce,2025-09-30,50.0,city,RM
99b63ce,2025-09-30,50.0,city,RW
99b63ce,2025-09-30,50.0,city,SB
99b63ce,2025-09-30,10.0,city,SB
99b63ce,2025-09-30,25.0,city,SD
99b63ce,2025-09-30,100.0,city,SK
99b63ce,2025-09-30,75.0,city,SM
99b63ce,2025-09-30,5.0,city,SR
99b63ce,2025-09-30,100.0,city,SV
99b63ce,2025-09-30,100.0,city,SW
99b63ce,2025-09-30,100.0,city,TL
99b63ce,2025-09-30,50.0,city,TT
99b63ce,2025-09-30,250.0,city,VE
99b63ce,2025-09-30,35.0,city,VO
99b63ce,2025-09-30,100.0,city,WL
99b63ce,2025-09-30,50.0,ucb,CC
99b63ce,2025-09-30,50.0,ucb,EY
99b63ce,2025-09-30,35.0,ucb,GT
99b63ce,2025-09-30,10.0,ucb,KB
99b63ce,2025-09-30,35.0,ucb,WC
99b63ce,2025-09-30,100.0,ucb,WD
99b63ce,2025-10-01,100.0,city,AM
99b63ce,2025-10-01,35.0,city,AW
99b63ce,2025-10-01,10.0,city,BT
99b63ce,2025-10-01,35.0,city,BY
99b63ce,2025-10-01,200.0,city,CF
99b63ce,2025-10-01,6.0,city,CF
99b63ce,2025-10-01,50.0,city,CW
99b63ce,2025-10-01,25.0,city,DD
99b63ce,2025-10-01,13.0,city,GB
99b63ce,2025-10-01,17678.0,city,IL
99b63ce,2025-10-01,7814.0,city,IL
99b63ce,2025-10-01,10.0,city,JP
99b63ce,2025-10-01,35.0,city,LB
99b63ce,2025-10-01,50.0,city,LC
99b63ce,2025-10-01,50.0,city,LG
99b63ce,2025-10-01,100.0,city,LK
99b63ce,2025-10-01,100.0,city,LW
99b63ce,2025-10-01,100.0,city,MK
99b63ce,2025-10-01,100.0,city,MT
99b63ce,2025-10-01,50.0,city,PH
99b63ce,2025-10-01,50.0,city,PL
99b63ce,2025-10-01,100.0,city,ZA
99b63ce,2025-10-01,100.0,ucb,CW
99b63ce,2025-10-01,30.0,ucb,KR
99b63ce,2025-10-02,10.0,both,SH
99b63ce,2025-10-02,50.0,city,BC
99b63ce,2025-10-02,35.0,city,BY
99b63ce,2025-10-02,15.0,city,CF
99b63ce,2025-10-02,25.0,city,DG
99b63ce,2025-10-02,200.0,city,EC
99b63ce,2025-10-02,100.0,city,EM
99b63ce,2025-10-02,10.0,city,FS
99b63ce,2025-10-02,50.0,city,GC
99b63ce,2025-10-02,50.0,city,GC
99b63ce,2025-10-02,25.0,city,JC
99b63ce,2025-10-02,10.0,city,JG
99b63ce,2025-10-02,25.0,city,JH
99b63ce,2025-10-02,250.0,city,JM
99b63ce,2025-10-02,10.0,city,JP
99b63ce,2025-10-02,50.0,city,JP
99b63ce,2025-10-02,50.0,city,KH
99b63ce,2025-10-02,50.0,city,KL
99b63ce,2025-10-02,250.0,city,LB
99b63ce,2025-10-02,10.0,city,MB
99b63ce,2025-10-02,50.0,city,MB
99b63ce,2025-10-02,25.0,city,MD
99b63ce,2025-10-02,100.0,city,ME
99b63ce,2025-10-02,25.0,city,MN
99b63ce,2025-10-02,100.0,city,PF
99b63ce,2025-10-02,100.0,city,PH
99b63ce,2025-10-02,100.0,city,RS
99b63ce,2025-10-02,50.0,city,SB
99b63ce,2025-10-02,50.0,city,SD
99b63ce,2025-10-02,50.0,city,SM
99b63ce,2025-10-02,50.0,city,SM
99b63ce,2025-10-02,100.0,city,TG
99b63ce,2025-10-03,25.0,city,KB
99b63ce,2025-10-03,25.0,city,LA
99b63ce,2025-10-03,25.0,city,LL
99b63ce,2025-10-03,1000.0,city,RD
99b63ce,2025-10-03,25.0,city,RG
99b63ce,2025-10-04,25.0,both,EB
99b63ce,2025-10-04,25.0,city,AO
99b63ce,2025-10-04,25.0,city,ER
99b63ce,2025-10-04,25.0,city,JN
99b63ce,2025-10-04,25.0,city,LF
99b63ce,2025-10-04,25.0,city,LT
99b63ce,2025-10-04,25.0,city,OD
99b63ce,2025-10-04,25.0,city,RR
99b63ce,2025-10-04,1000.0,city,TB
99b63ce,2025-10-04,25.0,city,TU
99b63ce,2025-10-04,25.0,city,TW
99b63ce,2025-10-05,25.0,both,CK
99b63ce,2025-10-05,100.0,both,VG
99b63ce,2025-10-05,100.0,city,AE
99b63ce,2025-10-05,100.0,city,AK
99b63ce,2025-10-05,20.0,city,AP
99b63ce,2025-10-05,50.0,city,BD
99b63ce,2025-10-05,50.0,city,BH
99b63ce,2025-10-05,25.0,city,BN
99b63ce,2025-10-05,100.0,city,BR
99b63ce,2025-10-05,5.0,city,BR
99b63ce,2025-10-05,50.0,city,CB
99b63ce,2025-10-05,35.0,city,CC
99b63ce,2025-10-05,100.0,city,CF
99b63ce,2025-10-05,50.0,city,CH
99b63ce,2025-10-05,20.0,city,CM
99b63ce,2025-10-05,100.0,city,DA
99b63ce,2025-10-05,35.0,city,DO
99b63ce,2025-10-05,100.0,city,DS
99b63ce,2025-10-05,75.0,city,DS
99b63ce,2025-10-05,10.0,city,EC
99b63ce,2025-10-05,100.0,city,EF
99b63ce,2025-10-05,100.0,city,EH
99b63ce,2025-10-05,250.0,city,EK
99b63ce,2025-10-05,100.0,city,EK
99b63ce,2025-10-05,50.0,city,EP
99b63ce,2025-10-05,50.0,city,EV
99b63ce,2025-10-05,100.0,city,FC
99b63ce,2025-10-05,10.0,city,FD
99b63ce,2025-10-05,250.0,city,GG
99b63ce,2025-10-05,10.0,city,GH
99b63ce,2025-10-05,50.0,city,GK
99b63ce,2025-10-05,35.0,city,HM
99b63ce,2025-10-05,100.0,city,HP
99b63ce,2025-10-05,100.0,city,JC
99b63ce,2025-10-05,125.0,city,JD
99b63ce,2025-10-05,50.0,city,JE
99b63ce,2025-10-05,25.0,city,JF
99b63ce,2025-10-05,20.0,city,JG
99b63ce,2025-10-05,50.0,city,JH
99b63ce,2025-10-05,100.0,city,JK
99b63ce,2025-10-05,500.0,city,JM
99b63ce,2025-10-05,35.0,city,JM
99b63ce,2025-10-05,100.0,city,JN
99b63ce,2025-10-05,50.0,city,JP
99b63ce,2025-10-05,100.0,city,JS
99b63ce,2025-10-05,5.0,city,JS
99b63ce,2025-10-05,500.0,city,JT
99b63ce,2025-10-05,25.0,city,JW
99b63ce,2025-10-05,100.0,city,KS
99b63ce,2025-10-05,10.0,city,KV
99b63ce,2025-10-05,50.0,city,KW
99b63ce,2025-10-05,50.0,city,LH
99b63ce,2025-10-05,10.0,city,LK
99b63ce,2025-10-05,35.0,city,LW
99b63ce,2025-10-05,35.0,city,LW
99b63ce,2025-10-05,100.0,city,LW
99b63ce,2025-10-05,50.0,city,LW
99b63ce,2025-10-05,100.0,city,MC
99b63ce,2025-10-05,100.0,city,MD
99b63ce,2025-10-05,100.0,city,MD
99b63ce,2025-10-05,50.0,city,ME
99b63ce,2025-10-05,100.0,city,MF
99b63ce,2025-10-05,50.0,city,MK
99b63ce,2025-10-05,100.0,city,MM
99b63ce,2025-10-05,100.0,city,MP
99b63ce,2025-10-05,50.0,city,MP
99b63ce,2025-10-05,100.0,city,MS
99b63ce,2025-10-05,100.0,city,MT
99b63ce,2025-10-05,35.0,city,ND
99b63ce,2025-10-05,35.0,city,NE
99b63ce,2025-10-05,50.0,city,NF
99b63ce,2025-10-05,10.0,city,NS
99b63ce,2025-10-05,50.0,city,NS
99b63ce,2025-10-05,200.0,city,PA
99b63ce,2025-10-05,250.0,city,PC
99b63ce,2025-10-05,35.0,city,PL
99b63ce,2025-10-05,35.0,city,PT
99b63ce,2025-10-05,25.0,city,PW
99b63ce,2025-10-05,50.0,city,RB
99b63ce,2025-10-05,10.0,city,RC
99b63ce,2025-10-05,50.0,city,RD
99b63ce,2025-10-05,10.0,city,RJ
99b63ce,2025-10-05,100.0,city,RM
99b63ce,2025-10-05,10.0,city,SB
99b63ce,2025-10-05,10.0,city,SD
99b63ce,2025-10-05,100.0,city,SF
99b63ce,2025-10-05,50.0,city,SM
99b63ce,2025-10-05,10.0,city,SR
99b63ce,2025-10-05,35.0,city,SR
99b63ce,2025-10-05,10.0,city,SS
99b63ce,2025-10-05,10.0,city,SS
99b63ce,2025-10-05,100.0,city,SW
99b63ce,2025-10-05,100.0,city,TM
99b63ce,2025-10-05,100.0,city,TS
99b63ce,2025-10-05,10.0,city,TT
99b63ce,2025-10-05,10.0,city,VK
99b63ce,2025-10-05,10.0,city,VW
99b63ce,2025-10-05,10.0,city,VW
99b63ce,2025-10-05,50.0,city,WB
99b63ce,2025-10-05,100.0,city,WL
99b63ce,2025-10-05,50.0,ucb,EY
99b63ce,2025-10-05,35.0,ucb,SH
99b63ce,2025-10-05,10.0,ucb,TI
99b63ce,2025-10-06,50.0,both,TD
99b63ce,2025-10-06,10.0,city,AB
99b63ce,2025-10-06,50.0,city,AC
99b63ce,2025-10-06,100.0,city,AF
99b63ce,2025-10-06,50.0,city,AG
99b63ce,2025-10-06,500.0,city,AH
99b63ce,2025-10-06,100.0,city,AM
99b63ce,2025-10-06,500.0,city,BH
99b63ce,2025-10-06,25.0,city,BM
99b63ce,2025-10-06,20.0,city,BN
99b63ce,2025-10-06,50.0,city,CD
99b63ce,2025-10-06,100.0,city,CL
99b63ce,2025-10-06,25.0,city,DK
99b63ce,2025-10-06,20.0,city,DL
99b63ce,2025-10-06,100.0,city,DW
99b63ce,2025-10-06,100.0,city,DW
99b63ce,2025-10-06,10.0,city,EF
99b63ce,2025-10-06,25.0,city,EF
99b63ce,2025-10-06,10.0,city,EM
99b63ce,2025-10-06,50.0,city,FB
99b63ce,2025-10-06,25.0,city,HW
99b63ce,2025-10-06,10.0,city,JB
99b63ce,2025-10-06,35.0,city,JG
99b63ce,2025-10-06,100.0,city,JL
99b63ce,2025-10-06,100.0,city,KF
99b63ce,2025-10-06,20.0,city,KP
99b63ce,2025-10-06,100.0,city,LB
99b63ce,2025-10-06,250.0,city,LD
99b63ce,2025-10-06,100.0,city,LD
99b63ce,2025-10-06,50.0,city,LG
99b63ce,2025-10-06,75.0,city,LS
99b63ce,2025-10-06,100.0,city,ML
99b63ce,2025-10-06,150.0,city,MR
99b63ce,2025-10-06,25.0,city,MS
99b63ce,2025-10-06,10.0,city,NS
99b63ce,2025-10-06,100.0,city,NT
99b63ce,2025-10-06,100.0,city,PB
99b63ce,2025-10-06,100.0,city,PB
99b63ce,2025-10-06,50.0,city,PO
99b63ce,2025-10-06,50.0,city,PS
99b63ce,2025-10-06,100.0,city,PS
99b63ce,2025-10-06,250.0,city,RC
99b63ce,2025-10-06,100.0,city,SK
99b63ce,2025-10-06,25.0,city,SL
99b63ce,2025-10-06,75.0,city,SS
99b63ce,2025-10-06,100.0,city,SW
99b63ce,2025-10-06,25.0,city,TR
99b63ce,2025-10-06,18.0,city,VO
99b63ce,2025-10-06,100.0,city,ZE
99b63ce,2025-10-07,100.0,city,AF
99b63ce,2025-10-07,100.0,city,AJ
99b63ce,2025-10-07,50.0,city,BR
99b63ce,2025-10-07,100.0,city,CB
99b63ce,2025-10-07,50.0,city,CC
99b63ce,2025-10-07,100.0,city,CF
99b63ce,2025-10-07,6.0,city,CF
99b63ce,2025-10-07,100.0,city,CJ
99b63ce,2025-10-07,35.0,city,CV
99b63ce,2025-10-07,100.0,city,DD
99b63ce,2025-10-07,50.0,city,DH
99b63ce,2025-10-07,25.0,city,DM
99b63ce,2025-10-07,100.0,city,DT
99b63ce,2025-10-07,100.0,city,EE
99b63ce,2025-10-07,100.0,city,ES
99b63ce,2025-10-07,100.0,city,GC
99b63ce,2025-10-07,500.0,city,GW
99b63ce,2025-10-07,100.0,city,JB
99b63ce,2025-10-07,50.0,city,JM
99b63ce,2025-10-07,50.0,city,JN
99b63ce,2025-10-07,50.0,city,JT
99b63ce,2025-10-07,20.0,city,JW
99b63ce,2025-10-07,100.0,city,KL
99b63ce,2025-10-07,7.0,city,KW
99b63ce,2025-10-07,100.0,city,LF
99b63ce,2025-10-07,20.0,city,LZ
99b63ce,2025-10-07,100.0,city,MK
99b63ce,2025-10-07,100.0,city,ML
99b63ce,2025-10-07,100.0,city,MW
99b63ce,2025-10-07,100.0,city,PF
99b63ce,2025-10-07,100.0,city,PH
99b63ce,2025-10-07,20.0,city,PK
99b63ce,2025-10-07,10.0,city,SB
99b63ce,2025-10-07,25.0,city,SD
99b63ce,2025-10-07,50.0,city,SS
99b63ce,2025-10-07,100.0,city,SW
99b63ce,2025-10-07,150.0,city,TK
99b63ce,2025-10-07,250.0,city,TR
99b63ce,2025-10-07,100.0,city,UM
99b63ce,2025-10-07,50.0,city,WB
99b63ce,2025-10-07,10.0,ucb,KB
99b63ce,2025-10-07,1000.0,ucb,RK
99b63ce,2025-10-08,25.0,both,EB
99b63ce,2025-10-08,20.0,city,AO
99b63ce,2025-10-08,200.0,city,BC
99b63ce,2025-10-08,100.0,city,BF
99b63ce,2025-10-08,10.0,city,BT
99b63ce,2025-10-08,35.0,city,BY
99b63ce,2025-10-08,500.0,city,CB
99b63ce,2025-10-08,6.0,city,CF
99b63ce,2025-10-08,100.0,city,CK
99b63ce,2025-10-08,50.0,city,CW
99b63ce,2025-10-08,100.0,city,DB
99b63ce,2025-10-08,25.0,city,DD
99b63ce,2025-10-08,25.0,city,DG
99b63ce,2025-10-08,100.0,city,DM
99b63ce,2025-10-08,35.0,city,DO
99b63ce,2025-10-08,10.0,city,ED
99b63ce,2025-10-08,18.0,city,ED
99b63ce,2025-10-08,35.0,city,FB
99b63ce,2025-10-08,200.0,city,FB
99b63ce,2025-10-08,35.0,city,GH
99b63ce,2025-10-08,100.0,city,GH
99b63ce,2025-10-08,100.0,city,GH
99b63ce,2025-10-08,125.0,city,HJ
99b63ce,2025-10-08,25.0,city,HK
99b63ce,2025-10-08,250.0,city,JA
99b63ce,2025-10-08,50.0,city,JB
99b63ce,2025-10-08,100.0,city,JB
99b63ce,2025-10-08,500.0,city,JH
99b63ce,2025-10-08,50.0,city,JM
99b63ce,2025-10-08,10.0,city,JP
99b63ce,2025-10-08,100.0,city,JR
99b63ce,2025-10-08,1000.0,city,JT
99b63ce,2025-10-08,500.0,city,LJ
99b63ce,2025-10-08,20.0,city,LK
99b63ce,2025-10-08,100.0,city,LW
99b63ce,2025-10-08,20.0,city,MA
99b63ce,2025-10-08,50.0,city,MD
99b63ce,2025-10-08,250.0,city,MT
99b63ce,2025-10-08,100.0,city,PG
99b63ce,2025-10-08,100.0,city,PM
99b63ce,2025-10-08,250.0,city,PS
99b63ce,2025-10-08,50.0,city,RK
99b63ce,2025-10-08,50.0,city,SK
99b63ce,2025-10-08,30.0,ucb,KR
99b63ce,2025-10-08,100.0,ucb,LA
99b63ce,2025-10-09,100.0,both,NG
99b63ce,2025-10-09,10.0,both,SH
99b63ce,2025-10-09,100.0,city,AH
99b63ce,2025-10-09,100.0,city,AM
99b63ce,2025-10-09,50.0,city,BR
99b63ce,2025-10-09,50.0,city,BR
99b63ce,2025-10-09,35.0,city,BY
99b63ce,2025-10-09,15.0,city,CF
99b63ce,2025-10-09,100.0,city,DC
99b63ce,2025-10-09,100.0,city,DW
99b63ce,2025-10-09,10.0,city,JB
99b63ce,2025-10-09,125.0,city,JB
99b63ce,2025-10-09,25.0,city,JC
99b63ce,2025-10-09,100.0,city,JH
99b63ce,2025-10-09,125.0,city,JM
99b63ce,2025-10-09,10.0,city,JP
99b63ce,2025-10-09,50.0,city,JP
99b63ce,2025-10-09,100.0,city,KH
99b63ce,2025-10-09,100.0,city,LB
99b63ce,2025-10-09,20.0,city,LC
99b63ce,2025-10-09,10.0,city,MB
99b63ce,2025-10-09,50.0,city,MB
99b63ce,2025-10-09,35.0,city,MK
99b63ce,2025-10-09,25.0,city,MN
99b63ce,2025-10-09,100.0,city,MS
99b63ce,2025-10-09,100.0,city,PH
99b63ce,2025-10-09,200.0,city,PS
99b63ce,2025-10-09,50.0,city,SG
99b63ce,2025-10-09,50.0,city,SM
99b63ce,2025-10-09,500.0,city,SS
99b63ce,2025-10-09,100.0,city,ST
99b63ce,2025-10-09,50.0,city,TU
99b63ce,2025-10-10,10.0,city,FD
99b63ce,2025-10-10,35.0,city,HM
99b63ce,2025-10-10,35.0,city,JB
99b63ce,2025-10-10,10.0,city,KV
99b63ce,2025-10-10,30.0,city,LH
99b63ce,2025-10-10,10.0,city,LK
99b63ce,2025-10-10,35.0,city,LW
99b63ce,2025-10-10,35.0,city,PT
99b63ce,2025-10-10,35.0,city,TT
99b63ce,2025-10-10,10.0,city,VK
99b63ce,2025-10-10,10.0,city,VW
99b63ce,2025-10-11,10.0,city,EC
99b63ce,2025-10-11,35.0,city,LW
99b63ce,2025-10-11,13.0,city,MC
99b63ce,2025-10-11,35.0,city,PL
99b63ce,2025-10-11,10.0,city,RC
99b63ce,2025-10-11,10.0,city,SD
99b63ce,2025-10-11,10.0,city,SS
99b63ce,2025-10-12,50.0,both,CK
99b63ce,2025-10-12,50.0,both,CK
99b63ce,2025-10-12,25.0,both,EB
99b63ce,2025-10-12,200.0,both,MB
99b63ce,2025-10-12,100.0,both,VG
99b63ce,2025-10-12,5.0,city,AG
99b63ce,2025-10-12,35.0,city,AH
99b63ce,2025-10-12,100.0,city,AL
99b63ce,2025-10-12,20.0,city,AP
99b63ce,2025-10-12,20.0,city,AS
99b63ce,2025-10-12,100.0,city,BB
99b63ce,2025-10-12,35.0,city,BF
99b63ce,2025-10-12,20.0,city,BN
99b63ce,2025-10-12,5.0,city,BR
99b63ce,2025-10-12,150.0,city,CB
99b63ce,2025-10-12,35.0,city,CC
99b63ce,2025-10-12,100.0,city,CH
99b63ce,2025-10-12,50.0,city,CP
99b63ce,2025-10-12,500.0,city,DC
99b63ce,2025-10-12,1000.0,city,DD
99b63ce,2025-10-12,100.0,city,DP
99b63ce,2025-10-12,100.0,city,DP
99b63ce,2025-10-12,25.0,city,DS
99b63ce,2025-10-12,50.0,city,EA
99b63ce,2025-10-12,50.0,city,ER
99b63ce,2025-10-12,100.0,city,ET
99b63ce,2025-10-12,100.0,city,EW
99b63ce,2025-10-12,100.0,city,FA
99b63ce,2025-10-12,50.0,city,GB
99b63ce,2025-10-12,50.0,city,GG
99b63ce,2025-10-12,500.0,city,GH
99b63ce,2025-10-12,250.0,city,GL
99b63ce,2025-10-12,100.0,city,HM
99b63ce,2025-10-12,7.0,city,HM
99b63ce,2025-10-12,50.0,city,JC
99b63ce,2025-10-12,50.0,city,JF
99b63ce,2025-10-12,10.0,city,JG
99b63ce,2025-10-12,50.0,city,JG
99b63ce,2025-10-12,50.0,city,JH
99b63ce,2025-10-12,400.0,city,JL
99b63ce,2025-10-12,50.0,city,JL
99b63ce,2025-10-12,25.0,city,JN
99b63ce,2025-10-12,5.0,city,JS
99b63ce,2025-10-12,50.0,city,KL
99b63ce,2025-10-12,35.0,city,KV
99b63ce,2025-10-12,50.0,city,LB
99b63ce,2025-10-12,25.0,city,LF
99b63ce,2025-10-12,50.0,city,LG
99b63ce,2025-10-12,25.0,city,LL
99b63ce,2025-10-12,100.0,city,LW
99b63ce,2025-10-12,50.0,city,LW
99b63ce,2025-10-12,250.0,city,LW
99b63ce,2025-10-12,250.0,city,MB
99b63ce,2025-10-12,100.0,city,MC
99b63ce,2025-10-12,100.0,city,MC
99b63ce,2025-10-12,25.0,city,MD
99b63ce,2025-10-12,50.0,city,MT
99b63ce,2025-10-12,50.0,city,NG
99b63ce,2025-10-12,150.0,city,NR
99b63ce,2025-10-12,10.0,city,NS
99b63ce,2025-10-12,10.0,city,NS
99b63ce,2025-10-12,25.0,city,OD
99b63ce,2025-10-12,50.0,city,PA
99b63ce,2025-10-12,50.0,city,PB
99b63ce,2025-10-12,100.0,city,PB
99b63ce,2025-10-12,200.0,city,RD
99b63ce,2025-10-12,100.0,city,RF
99b63ce,2025-10-12,25.0,city,RG
99b63ce,2025-10-12,150.0,city,RH
99b63ce,2025-10-12,25.0,city,RR
99b63ce,2025-10-12,10.0,city,SB
99b63ce,2025-10-12,50.0,city,SD
99b63ce,2025-10-12,20.0,city,SF
99b63ce,2025-10-12,10.0,city,SR
99b63ce,2025-10-12,10.0,city,SR
99b63ce,2025-10-12,10.0,city,SR
99b63ce,2025-10-12,10.0,city,SS
99b63ce,2025-10-12,100.0,city,SS
99b63ce,2025-10-12,100.0,city,ST
99b63ce,2025-10-12,50.0,city,TM
99b63ce,2025-10-12,10.0,city,TT
99b63ce,2025-10-12,35.0,city,VW
99b63ce,2025-10-12,100.0,city,WL
99b63ce,2025-10-12,100.0,ucb,AS
99b63ce,2025-10-12,100.0,ucb,KO
99b63ce,2025-10-12,10.0,ucb,TI
99b63ce,2025-10-13,100.0,both,TH
99b63ce,2025-10-13,250.0,both,WM
99b63ce,2025-10-13,10.0,city,AB
99b63ce,2025-10-13,50.0,city,AS
99b63ce,2025-10-13,100.0,city,CM
99b63ce,2025-10-13,50.0,city,CR
99b63ce,2025-10-13,50.0,city,CS
99b63ce,2025-10-13,25.0,city,DK
99b63ce,2025-10-13,25.0,city,EF
99b63ce,2025-10-13,10.0,city,EF
99b63ce,2025-10-13,10.0,city,EM
99b63ce,2025-10-13,100.0,city,EY
99b63ce,2025-10-13,100.0,city,GF
99b63ce,2025-10-13,1000.0,city,GN
99b63ce,2025-10-13,200.0,city,JA
99b63ce,2025-10-13,10.0,city,JC
99b63ce,2025-10-13,100.0,city,JH
99b63ce,2025-10-13,10.0,city,JP
99b63ce,2025-10-13,10.0,city,KV
99b63ce,2025-10-13,35.0,city,KW
99b63ce,2025-10-13,25.0,city,LB
99b63ce,2025-10-13,50.0,city,LG
99b63ce,2025-10-13,500.0,city,LT
99b63ce,2025-10-13,250.0,city,MR
99b63ce,2025-10-13,100.0,city,PB
99b63ce,2025-10-13,100.0,city,PC
99b63ce,2025-10-13,25.0,city,PW
99b63ce,2025-10-13,25.0,city,TR
99b63ce,2025-10-13,500.0,ucb,DE
99b63ce,2025-10-14,25.0,both,EB
99b63ce,2025-10-14,50.0,city,AG
99b63ce,2025-10-14,10.0,city,AO
99b63ce,2025-10-14,50.0,city,BH
99b63ce,2025-10-14,100.0,city,CC
99b63ce,2025-10-14,6.0,city,CF
99b63ce,2025-10-14,50.0,city,CO
99b63ce,2025-10-14,100.0,city,DB
99b63ce,2025-10-14,50.0,city,DH
99b63ce,2025-10-14,25.0,city,DM
99b63ce,2025-10-14,10.0,city,EC
99b63ce,2025-10-14,100.0,city,EM
99b63ce,2025-10-14,100.0,city,GG
99b63ce,2025-10-14,250.0,city,GZ
99b63ce,2025-10-14,125.0,city,HF
99b63ce,2025-10-14,50.0,city,JM
99b63ce,2025-10-14,10.0,city,JN
99b63ce,2025-10-14,100.0,city,JW
99b63ce,2025-10-14,7.0,city,KW
99b63ce,2025-10-14,250.0,city,LV
99b63ce,2025-10-14,50.0,city,LW
99b63ce,2025-10-14,20.0,city,LZ
99b63ce,2025-10-14,50.0,city,MR
99b63ce,2025-10-14,50.0,city,PB
99b63ce,2025-10-14,35.0,city,PG
99b63ce,2025-10-14,10.0,city,SB
99b63ce,2025-10-14,25.0,city,SD
99b63ce,2025-10-14,25.0,city,SL
99b63ce,2025-10-14,50.0,city,WB
99b63ce,2025-10-14,35.0,ucb,GT
99b63ce,2025-10-14,10.0,ucb,KB
99b63ce,2025-10-15,50.0,city,AB
99b63ce,2025-10-15,10.0,city,BT
99b63ce,2025-10-15,35.0,city,BY
99b63ce,2025-10-15,6.0,city,CF
99b63ce,2025-10-15,50.0,city,CW
99b63ce,2025-10-15,25.0,city,DD
99b63ce,2025-10-15,35.0,city,ED
99b63ce,2025-10-15,50.0,city,FC
99b63ce,2025-10-15,250.0,city,FN
99b63ce,2025-10-15,25.0,city,HB
99b63ce,2025-10-15,15.0,city,JG
99b63ce,2025-10-15,50.0,city,JM
99b63ce,2025-10-15,10.0,city,JP
99b63ce,2025-10-15,50.0,city,LC
99b63ce,2025-10-15,100.0,city,LH
99b63ce,2025-10-15,100.0,city,LL
99b63ce,2025-10-15,100.0,city,LW
99b63ce,2025-10-15,45.0,city,MK
99b63ce,2025-10-15,50.0,city,NS
99b63ce,2025-10-15,1000.0,city,RD
99b63ce,2025-10-15,50.0,city,SP
99b63ce,2025-10-15,50.0,city,SR
99b63ce,2025-10-15,50.0,city,VM
99b63ce,2025-10-15,10.0,city,VW
99b63ce,2025-10-15,30.0,ucb,KR
99b63ce,2025-10-16,10.0,both,SH
99b63ce,2025-10-16,35.0,city,BY
99b63ce,2025-10-16,15.0,city,CF
99b63ce,2025-10-16,100.0,city,DB
99b63ce,2025-10-16,25.0,city,DW
99b63ce,2025-10-16,12.5,city,ER
99b63ce,2025-10-16,25.0,city,JC
99b63ce,2025-10-16,100.0,city,JL
99b63ce,2025-10-16,100.0,city,JM
99b63ce,2025-10-16,10.0,city,JP
99b63ce,2025-10-16,50.0,city,JP
99b63ce,2025-10-16,10.0,city,MB
99b63ce,2025-10-16,50.0,city,MB
99b63ce,2025-10-16,25.0,city,MN
99b63ce,2025-10-16,100.0,city,PH
99b63ce,2025-10-16,50.0,city,SM
99b63ce,2025-10-16,35.0,city,SR
99b63ce,2025-10-16,100.0,ucb,SM
99b63ce,2025-10-17,20.0,city,AO
99b63ce,2025-10-17,20.0,city,AP
99b63ce,2025-10-17,200.0,city,DK
99b63ce,2025-10-17,35.0,city,FB
99b63ce,2025-10-17,10.0,city,FD
99b63ce,2025-10-17,100.0,city,GH
99b63ce,2025-10-17,10.0,city,HK
99b63ce,2025-10-17,10.0,city,JB
99b63ce,2025-10-17,5.0,city,JS
99b63ce,2025-10-17,10.0,city,KV
99b63ce,2025-10-17,100.0,city,LG
99b63ce,2025-10-17,10.0,city,LK
99b63ce,2025-10-17,25.0,city,LL
99b63ce,2025-10-17,35.0,city,LW
99b63ce,2025-10-17,100.0,city,LW
99b63ce,2025-10-17,50.0,city,LW
99b63ce,2025-10-17,100.0,city,NG
99b63ce,2025-10-17,35.0,city,PT
99b63ce,2025-10-17,35.0,city,RD
99b63ce,2025-10-17,25.0,city,RF
99b63ce,2025-10-17,10.0,city,SF
99b63ce,2025-10-17,35.0,city,TW
99b63ce,2025-10-17,10.0,city,VK
99b63ce,2025-10-17,10.0,city,VW
99b63ce,2025-10-17,2.0,ucb,AR
99b63ce,2025-10-18,10.0,city,EC
99b63ce,2025-10-18,50.0,city,EV
99b63ce,2025-10-18,10.0,city,JG
99b63ce,2025-10-18,50.0,city,JH
99b63ce,2025-10-18,25.0,city,JN
99b63ce,2025-10-18,25.0,city,LA
99b63ce,2025-10-18,10.0,city,LB
99b63ce,2025-10-18,5.0,city,LK
99b63ce,2025-10-18,35.0,city,LW
99b63ce,2025-10-18,25.0,city,OD
99b63ce,2025-10-18,35.0,city,PL
99b63ce,2025-10-18,100.0,city,PW
99b63ce,2025-10-18,10.0,city,RC
99b63ce,2025-10-18,25.0,city,RR
99b63ce,2025-10-18,10.0,city,SD
99b63ce,2025-10-18,10.0,city,SR
99b63ce,2025-10-18,10.0,city,SS
99b63ce,2025-10-18,50.0,city,WJ
99b63ce,2025-10-19,5.0,city,BR
99b63ce,2025-10-19,35.0,city,CC
99b63ce,2025-10-19,100.0,city,GC
99b63ce,2025-10-19,7.0,city,HM
99b63ce,2025-10-19,100.0,city,KS
99b63ce,2025-10-19,100.0,city,LW
99b63ce,2025-10-19,100.0,city,MC
99b63ce,2025-10-19,10.0,city,SB
99b63ce,2025-10-19,10.0,city,TT
99b63ce,2025-10-19,35.0,ucb,EF
99b63ce,2025-10-19,10.0,ucb,TI
99b63ce,2025-10-20,10.0,city,AB
99b63ce,2025-10-20,50.0,city,AG
99b63ce,2025-10-20,48.0,city,AK
99b63ce,2025-10-20,35.0,city,AK
99b63ce,2025-10-20,20.0,city,CM
99b63ce,2025-10-20,250.0,city,DC
99b63ce,2025-10-20,25.0,city,DK
99b63ce,2025-10-20,25.0,city,EF
99b63ce,2025-10-20,10.0,city,EF
99b63ce,2025-10-20,10.0,city,EM
99b63ce,2025-10-20,50.0,city,FS
99b63ce,2025-10-20,7.0,city,IS
99b63ce,2025-10-20,100.0,city,JL
99b63ce,2025-10-20,35.0,city,JN
99b63ce,2025-10-20,100.0,city,JO
99b63ce,2025-10-20,50.0,city,LB
99b63ce,2025-10-20,25.0,city,LB
99b63ce,2025-10-20,50.0,city,LG
99b63ce,2025-10-20,500.0,city,LT
99b63ce,2025-10-20,200.0,city,LV
99b63ce,2025-10-20,27.0,city,MB
99b63ce,2025-10-20,500.0,city,MC
99b63ce,2025-10-20,100.0,city,PD
99b63ce,2025-10-20,100.0,city,PS
99b63ce,2025-10-20,100.0,city,SA
99b63ce,2025-10-20,100.0,city,SC
99b63ce,2025-10-20,35.0,city,SL
99b63ce,2025-10-20,100.0,city,SM
99b63ce,2025-10-20,25.0,city,TR
99b63ce,2025-10-20,4.0,ucb,AR
99b63ce,2025-10-21,50.0,city,BT
99b63ce,2025-10-21,6.0,city,CF
99b63ce,2025-10-21,10.0,city,CM
99b63ce,2025-10-21,50.0,city,DH
99b63ce,2025-10-21,100.0,city,DJ
99b63ce,2025-10-21,25.0,city,DM
99b63ce,2025-10-21,20.0,city,JC
99b63ce,2025-10-21,25.0,city,JH
99b63ce,2025-10-21,50.0,city,JM
99b63ce,2025-10-21,35.0,city,JN
99b63ce,2025-10-21,10.0,city,JN
99b63ce,2025-10-21,7.0,city,KW
99b63ce,2025-10-21,35.0,city,LD
99b63ce,2025-10-21,5.0,city,LK
99b63ce,2025-10-21,50.0,city,LW
99b63ce,2025-10-21,20.0,city,LZ
99b63ce,2025-10-21,20.0,city,MM
99b63ce,2025-10-21,1000.0,city,NG
99b63ce,2025-10-21,100.0,city,PM
99b63ce,2025-10-21,10.0,city,SB
99b63ce,2025-10-21,25.0,city,SD
99b63ce,2025-10-21,25.0,city,TT
99b63ce,2025-10-21,25.0,city,UM
99b63ce,2025-10-21,10.0,city,VK
99b63ce,2025-10-21,5.0,city,VW
99b63ce,2025-10-21,10.0,ucb,KB
99b63ce,2025-10-22,10.0,city,BT
99b63ce,2025-10-22,35.0,city,BY
99b63ce,2025-10-22,6.0,city,CF
99b63ce,2025-10-22,50.0,city,CW
99b63ce,2025-10-22,25.0,city,DD
99b63ce,2025-10-22,100.0,city,EC
99b63ce,2025-10-22,10.0,city,JP
99b63ce,2025-10-22,100.0,city,LW
99b63ce,2025-10-22,100.0,city,PE
99b63ce,2025-10-22,250.0,city,SD
99b63ce,2025-10-22,30.0,ucb,KR
99b63ce,2025-10-23,10.0,both,SH
99b63ce,2025-10-23,500.0,city,AB
99b63ce,2025-10-23,500.0,city,AK
99b63ce,2025-10-23,100.0,city,AM
99b63ce,2025-10-23,35.0,city,BY
99b63ce,2025-10-23,15.0,city,CF
99b63ce,2025-10-23,250.0,city,CU
99b63ce,2025-10-23,6.0,city,DK
99b63ce,2025-10-23,25.0,city,DW
99b63ce,2025-10-23,20.0,city,HF
99b63ce,2025-10-23,100.0,city,HM
99b63ce,2025-10-23,25.0,city,JC
99b63ce,2025-10-23,50.0,city,JP
99b63ce,2025-10-23,10.0,city,JP
99b63ce,2025-10-23,20.0,city,JT
99b63ce,2025-10-23,250.0,city,LG
99b63ce,2025-10-23,10.0,city,MB
99b63ce,2025-10-23,50.0,city,MB
99b63ce,2025-10-23,25.0,city,MN
99b63ce,2025-10-23,10.0,city,MR
99b63ce,2025-10-23,100.0,city,PH
99b63ce,2025-10-23,25.0,city,SH
99b63ce,2025-10-23,100.0,city,SL
99b63ce,2025-10-23,50.0,city,SM
99b63ce,2025-10-23,10.0,city,TS
99b63ce,2025-10-23,50.0,city,TS
99b63ce,2025-10-24,20.0,city,AP
99b63ce,2025-10-24,10.0,city,EC
99b63ce,2025-10-24,6.0,city,EG
99b63ce,2025-10-24,10.0,city,FD
99b63ce,2025-10-24,5.0,city,JS
99b63ce,2025-10-24,10.0,city,KV
99b63ce,2025-10-24,10.0,city,LK
99b63ce,2025-10-24,25.0,city,LL
99b63ce,2025-10-24,100.0,city,LR
99b63ce,2025-10-24,100.0,city,LW
99b63ce,2025-10-24,35.0,city,LW
99b63ce,2025-10-24,50.0,city,LW
99b63ce,2025-10-24,35.0,city,PT
99b63ce,2025-10-24,100.0,city,SS
99b63ce,2025-10-24,25.0,city,TR
99b63ce,2025-10-24,6.0,city,TT
99b63ce,2025-10-24,10.0,city,VW
99b63ce,2025-10-24,100.0,ucb,TD
99b63ce,2025-10-25,7.0,city,DD
99b63ce,2025-10-25,10.0,city,EC
99b63ce,2025-10-25,10.0,city,JG
99b63ce,2025-10-25,50.0,city,JH
99b63ce,2025-10-25,25.0,city,JN
99b63ce,2025-10-25,10.0,city,LB
99b63ce,2025-10-25,35.0,city,LW
99b63ce,2025-10-25,25.0,city,OD
99b63ce,2025-10-25,35.0,city,PL
99b63ce,2025-10-25,10.0,city,RC
99b63ce,2025-10-25,25.0,city,RR
99b63ce,2025-10-25,10.0,city,SD
99b63ce,2025-10-25,10.0,city,SS
99b63ce,2025-10-26,5.0,city,BR
99b63ce,2025-10-26,35.0,city,CC
99b63ce,2025-10-26,1000.0,city,HC
99b63ce,2025-10-26,7.0,city,HM
99b63ce,2025-10-26,100.0,city,MC
99b63ce,2025-10-26,10.0,city,SB
99b63ce,2025-10-26,10.0,city,SS
99b63ce,2025-10-26,10.0,city,TT
99b63ce,2025-10-26,10.0,ucb,TI
99b63ce,2025-10-27,10.0,city,AB
99b63ce,2025-10-27,25.0,city,DK
99b63ce,2025-10-27,25.0,city,EF
99b63ce,2025-10-27,10.0,city,EF
99b63ce,2025-10-27,10.0,city,EM
99b63ce,2025-10-27,7.0,city,IS
99b63ce,2025-10-27,10.0,city,JW
99b63ce,2025-10-27,25.0,city,LB
99b63ce,2025-10-27,25.0,city,TR
99b63ce,2025-10-28,6.0,city,CF
99b63ce,2025-10-28,50.0,city,DH
99b63ce,2025-10-28,25.0,city,DM
99b63ce,2025-10-28,20.0,city,JC
99b63ce,2025-10-28,50.0,city,JM
99b63ce,2025-10-28,10.0,city,JN
99b63ce,2025-10-28,7.0,city,KW
99b63ce,2025-10-28,20.0,city,LZ
99b63ce,2025-10-28,20.0,city,MM
99b63ce,2025-10-28,10.0,city,SB
99b63ce,2025-10-28,25.0,city,SD
99b63ce,2025-10-28,25.0,city,UM
99b63ce,2025-10-28,10.0,ucb,KB
99b63ce,2025-10-29,35.0,city,BY
99b63ce,2025-10-29,6.0,city,CF
99b63ce,2025-10-29,50.0,city,CW
99b63ce,2025-10-29,25.0,city,DD
99b63ce,2025-10-29,10.0,city,JP
99b63ce,2025-10-29,100.0,city,LW
99b63ce,2025-10-29,30.0,ucb,KR
99b63ce,2025-10-30,10.0,both,SH
99b63ce,2025-10-30,35.0,city,BY
99b63ce,2025-10-30,15.0,city,CF
99b63ce,2025-10-30,6.0,city,DK
99b63ce,2025-10-30,25.0,city,DW
99b63ce,2025-10-30,25.0,city,JC
99b63ce,2025-10-30,50.0,city,JP
99b63ce,2025-10-30,10.0,city,JP
99b63ce,2025-10-30,20.0,city,JT
99b63ce,2025-10-30,10.0,city,MB
99b63ce,2025-10-30,50.0,city,MB
99b63ce,2025-10-30,25.0,city,MN
99b63ce,2025-10-30,10.0,city,MR
99b63ce,2025-10-30,100.0,city,PH
99b63ce,2025-10-30,50.0,city,SM
99b63ce,2025-10-31,20.0,city,AP
99b63ce,2025-10-31,10.0,city,EC
99b63ce,2025-10-31,6.0,city,EG
99b63ce,2025-10-31,10.0,city,FD
99b63ce,2025-10-31,5.0,city,JS
99b63ce,2025-10-31,10.0,city,KV
99b63ce,2025-10-31,10.0,city,LK
99b63ce,2025-10-31,25.0,city,LL
99b63ce,2025-10-31,50.0,city,LW
99b63ce,2025-10-31,100.0,city,LW
99b63ce,2025-10-31,35.0,city,LW
99b63ce,2025-10-31,35.0,city,PT
99b63ce,2025-10-31,25.0,city,RF
99b63ce,2025-10-31,10.0,city,VK
99b63ce,2025-10-31,10.0,city,VW
99b63ce,2025-11-01,10.0,city,EC
99b63ce,2025-11-01,10.0,city,JG
99b63ce,2025-11-01,50.0,city,JH
99b63ce,2025-11-01,25.0,city,JN
99b63ce,2025-11-01,10.0,city,LB
99b63ce,2025-11-01,35.0,city,LW
99b63ce,2025-11-01,25.0,city,OD
99b63ce,2025-11-01,10.0,city,RC
99b63ce,2025-11-01,25.0,city,RR
99b63ce,2025-11-01,10.0,city,SD
99b63ce,2025-11-01,10.0,city,SS
99b63ce,2025-11-02,5.0,city,BR
99b63ce,2025-11-02,35.0,city,CC
99b63ce,2025-11-02,10.0,city,FS
99b63ce,2025-11-02,7.0,city,HM
99b63ce,2025-11-02,5.0,city,JW
99b63ce,2025-11-02,100.0,city,MC
99b63ce,2025-11-02,10.0,city,SB
99b63ce,2025-11-02,10.0,city,SS
99b63ce,2025-11-02,10.0,city,TT
99b63ce,2025-11-02,10.0,ucb,TI
99b63ce,2025-11-03,10.0,city,AB
99b63ce,2025-11-03,25.0,city,DK
99b63ce,2025-11-03,25.0,city,EF
99b63ce,2025-11-03,10.0,city,EF
99b63ce,2025-11-03,7.0,city,IS
99b63ce,2025-11-03,25.0,city,LB
99b63ce,2025-11-03,25.0,city,TR
99b63ce,2025-11-04,6.0,city,CF
99b63ce,2025-11-04,50.0,city,DH
99b63ce,2025-11-04,20.0,city,JC
99b63ce,2025-11-04,50.0,city,JM
99b63ce,2025-11-04,10.0,city,JN
99b63ce,2025-11-04,20.0,city,MM
99b63ce,2025-11-04,10.0,city,SB
99b63ce,2025-11-04,25.0,city,SD
99b63ce,2025-11-04,25.0,city,UM
99b63ce,2025-11-04,10.0,ucb,KB
99b63ce,2025-11-13,10.0,city,JC
99b63ce,2025-11-15,25.0,city,KE
99b63ce,2025-11-15,10.0,city,VW
99b63ce,2025-11-16,20.0,city,SA
99b63ce,2025-11-17,35.0,city,TW
99b63ce,2025-11-20,4.0,ucb,AR
99b63ce,2025-11-21,25.0,city,JH
99b63ce,2025-11-21,35.0,city,JN
99b63ce,2025-11-21,5.0,city,LK
99b63ce,2025-11-21,10.0,city,VK
99b63ce,2025-11-21,5.0,city,VW
99b63ce,2025-11-23,25.0,city,SH
99b63ce,2025-11-23,50.0,city,TS
99b63ce,2025-11-24,6.0,city,TT
99b63ce,2025-11-25,7.0,city,DD
99b63ce,2025-12-02,10.0,city,FS
99b63ce,2025-12-15,25.0,city,KE
99b63ce,2025-12-15,10.0,city,VW
99b63ce,2025-12-16,20.0,city,SA
99b63ce,2025-12-17,35.0,city,TW
99b63ce,2025-12-18,5.0,city,LK
99b63ce,2025-12-21,25.0,city,JH
99b63ce,2025-12-21,5.0,city,LK
99b63ce,2025-12-21,10.0,city,VK
99b63ce,2025-12-21,5.0,city,VW
99b63ce,2025-12-23,25.0,city,SH
99b63ce,2025-12-23,50.0,city,TS
99b63ce,2025-12-24,6.0,city,TT
99b63ce,2025-12-25,7.0,city,DD
99b63ce,2026-01-17,35.0,city,TW
99b63ce,2026-01-21,25.0,city,JH
99b63ce,2026-01-23,50.0,city,TS
99b63ce,2026-02-17,35.0,city,TW
99b63ce,2026-02-21,25.0,city,JH
99b63ce,2026-02-23,50.0,city,TS
99b63ce,2026-03-17,35.0,city,TW
99b63ce,2026-03-21,25.0,city,JH
99b63ce,2026-04-17,35.0,city,TW
99b63ce,2026-04-21,25.0,city,JH
99b63ce,2026-04-23,50.0,city,TS
99b63ce,2026-05-17,35.0,city,TW
99b63ce,2026-05-21,25.0,city,JH
99b63ce,2026-05-23,50.0,city,TS
99b63ce,2026-06-17,35.0,city,TW
99b63ce,2026-06-23,50.0,city,TS
9b337cb,2026-06-29,500.0,city,DH
9c421dc,2026-05-13,312.0,city,AK
9f5ab81,2026-02-18,312.0,city,AK
9f5ab81,2026-05-10,250.0,city,DH
a01e861,2025-09-29,100.0,city,TQ
a01e861,2026-04-27,200.0,city,RH
a17d5b7,2025-12-11,100.0,both,TM
a17d5b7,2026-04-20,100.0,city,MB
a1d36e8,2026-06-17,150.0,city,DA
a1d36e8,2026-06-29,500.0,city,NS
a4c9d99,2026-05-16,500.0,city,DP
a6c3637,2025-09-20,107.49,city,SP
a6c3637,2026-01-23,27.27,city,MP
a80c839,2025-12-30,2000.0,ucb,AI
a9aca30,2026-06-19,500.0,city,WB
ac907ac,2025-09-22,600.0,both,AK
b02a582,2025-12-17,39200.0,city,NS
b02a582,2026-04-29,100.0,city,EA
b02a582,2026-05-20,500.0,city,RB
b165c77,2025-08-23,3000.0,city,JB
b165c77,2025-09-19,100.0,ucb,LS
b165c77,2025-10-30,100.0,both,KA
b165c77,2026-05-30,9800.0,city,BW
b165c77,2026-05-30,2000.0,city,BW
b62c20f,2026-03-02,105.72,both,JM
b62c20f,2026-03-05,99.0,city,PT
b62c20f,2026-03-27,79.42,city,BM
b839435,2026-01-29,100.0,city,BD
b839435,2026-01-29,500.0,city,DP
b839435,2026-01-29,100.0,ucb,DB
b839435,2026-02-02,100.0,city,MB
b839435,2026-02-05,39200.0,city,AM
b839435,2026-02-05,39200.0,city,AM
b839435,2026-02-05,39200.0,city,JG
b839435,2026-02-05,39200.0,city,JG
b839435,2026-02-06,100.0,city,JY
b839435,2026-02-17,1000.0,city,RH
b839435,2026-04-07,207.5,city,CU
b839435,2026-04-11,103.75,city,DW
b839435,2026-04-14,100.0,city,ML
b839435,2026-04-16,1000.0,city,RD
b839435,2026-04-19,5000.0,city,BF
b839435,2026-04-20,100.0,city,DS
b839435,2026-04-23,200.0,city,JL
b839435,2026-04-30,500.0,city,RH
b839435,2026-05-06,250.0,city,SF
b839435,2026-05-06,250.0,city,SF
b839435,2026-05-07,100.0,city,AZ
b839435,2026-05-09,1000.0,city,AM
b839435,2026-05-13,500.0,city,RH
b839435,2026-05-14,250.0,city,NE
b839435,2026-05-14,100.0,city,PL
b839435,2026-05-14,1000.0,city,RH
b839435,2026-05-14,100.0,ucb,VM
b839435,2026-05-15,100.0,ucb,SM
bb0e6ef,2025-08-21,250.0,city,EE
bb0e6ef,2025-09-30,250.0,city,EE
bb0e6ef,2025-09-30,100.0,ucb,ML
bb0e6ef,2025-10-01,1000.0,city,LK
bb0e6ef,2026-02-18,312.0,city,AK
bbc7bca,2026-02-18,500.0,city,JG
bc67243,2025-09-18,50.0,city,AT
bc67243,2025-11-20,50.0,city,CC
c1a5042,2025-08-20,107.49,city,MP
c3d3d5b,2025-10-21,200.0,city,SH
c436dfa,2026-05-31,5900.0,city,BW
c436dfa,2026-05-31,5900.0,city,BW
c45226b,2025-09-28,100.0,city,EM
c45226b,2025-10-22,250.0,city,ML
c45226b,2025-11-16,100.0,city,BB
c45226b,2026-03-12,100.0,city,PL
c45226b,2026-03-12,100.0,city,PL
c45226b,2026-03-16,100.0,city,LG
c45226b,2026-04-01,100.0,city,NS
c45226b,2026-04-22,100.0,city,MF
c45226b,2026-04-30,100.0,city,MS
c45226b,2026-05-03,100.0,city,HF
c45226b,2026-05-05,250.0,city,DE
c45226b,2026-05-14,100.0,city,AH
c8b0275,2025-11-02,100.0,ucb,MP
d757584,2025-08-28,100.0,city,CR
d757584,2025-10-16,100.0,city,AW
d757584,2025-10-20,100.0,city,JH
d757584,2025-10-21,100.0,city,DS
d757584,2025-10-23,100.0,city,NR
d757584,2025-10-25,250.0,city,FK
d757584,2025-10-27,250.0,city,AC
d9870ed,2026-04-21,100.0,city,RP
d9870ed,2026-05-21,500.0,city,HL
da0b755,2025-08-19,100.0,city,MF
da0b755,2025-09-13,250.0,city,RC
da0b755,2025-09-19,100.0,city,BL
db72707,2025-09-15,500.0,city,PK
db72707,2025-09-30,50.0,city,PS
db72707,2025-10-16,100.0,city,PZ
db72707,2025-10-22,100.0,city,PZ
db72707,2026-02-11,100.0,city,VO
db72707,2026-02-14,250.0,city,AG
db72707,2026-02-14,250.0,city,SG
db72707,2026-02-24,500.0,city,JJ
db72707,2026-03-25,100.0,city,CS
db72707,2026-03-25,50.0,city,JG
db72707,2026-03-31,25.0,city,CS
db72707,2026-03-31,50.0,city,CS
db72707,2026-03-31,100.0,city,ME
db72707,2026-03-31,500.0,city,PK
db72707,2026-03-31,100.0,city,VO
db72707,2026-04-08,100.0,city,PP
db72707,2026-04-15,100.0,both,CF
db72707,2026-04-15,250.0,both,SC
db72707,2026-04-15,100.0,city,AA
db72707,2026-04-15,100.0,city,AS
db72707,2026-04-15,250.0,city,CG
db72707,2026-04-15,100.0,city,CH
db72707,2026-04-15,100.0,city,CP
db72707,2026-04-15,25.0,city,CS
db72707,2026-04-15,50.0,city,CS
db72707,2026-04-15,25.0,city,CS
db72707,2026-04-15,1000.0,city,DB
db72707,2026-04-15,50.0,city,GG
db72707,2026-04-15,50.0,city,JA
db72707,2026-04-15,100.0,city,JG
db72707,2026-04-15,1000.0,city,JT
db72707,2026-04-15,100.0,city,LH
db72707,2026-04-15,100.0,city,MG
db72707,2026-04-15,100.0,city,MR
db72707,2026-04-15,100.0,city,MS
db72707,2026-04-15,100.0,city,NS
db72707,2026-04-15,100.0,city,PZ
db72707,2026-04-15,250.0,city,PZ
db72707,2026-04-15,200.0,city,RL
db72707,2026-04-15,100.0,city,SW
db72707,2026-04-15,100.0,city,TF
db72707,2026-04-15,100.0,ucb,JD
db72707,2026-04-17,100.0,city,CA
db72707,2026-04-17,100.0,city,CG
db72707,2026-04-17,100.0,city,CP
db72707,2026-04-17,100.0,city,DB
db72707,2026-04-17,50.0,city,GG
db72707,2026-04-17,50.0,city,JA
db72707,2026-04-17,100.0,city,JG
db72707,2026-04-17,100.0,city,LF
db72707,2026-04-17,1000.0,city,NG
db72707,2026-04-17,25.0,city,PZ
db72707,2026-04-17,100.0,city,WH
db72707,2026-04-17,100.0,ucb,PS
db72707,2026-04-20,100.0,both,LG
db72707,2026-04-20,100.0,city,AA
db72707,2026-04-20,50.0,city,AJ
db72707,2026-04-20,100.0,city,BS
db72707,2026-04-20,50.0,city,CE
db72707,2026-04-20,250.0,city,CS
db72707,2026-04-20,100.0,city,CU
db72707,2026-04-20,100.0,city,DC
db72707,2026-04-20,100.0,city,DJ
db72707,2026-04-20,100.0,city,DK
db72707,2026-04-20,100.0,city,GA
db72707,2026-04-20,200.0,city,JC
db72707,2026-04-20,100.0,city,LC
db72707,2026-04-20,25.0,city,NS
db72707,2026-04-20,250.0,city,PM
db72707,2026-04-20,100.0,city,PM
db72707,2026-04-20,100.0,city,SB
db72707,2026-04-20,50.0,city,SS
db72707,2026-04-20,100.0,city,TT
db72707,2026-04-20,50.0,city,WS
db72707,2026-04-20,100.0,ucb,AK
db72707,2026-04-20,200.0,ucb,AS
db72707,2026-04-20,100.0,ucb,JD
db72707,2026-04-20,100.0,ucb,NO
db72707,2026-04-21,100.0,city,BR
db72707,2026-04-21,25.0,city,CP
db72707,2026-04-21,100.0,city,ER
db72707,2026-04-21,100.0,city,FC
db72707,2026-04-21,50.0,city,FC
db72707,2026-04-21,100.0,city,LS
db72707,2026-04-21,100.0,city,PW
db72707,2026-04-21,100.0,city,SW
db72707,2026-04-21,50.0,city,YF
db72707,2026-04-22,25.0,city,CK
db72707,2026-04-22,100.0,city,JH
db72707,2026-04-22,50.0,city,JS
db72707,2026-04-22,50.0,city,KN
db72707,2026-04-22,50.0,city,KS
db72707,2026-04-22,50.0,city,MC
db72707,2026-04-22,50.0,city,MS
db72707,2026-04-22,100.0,city,RC
db72707,2026-04-22,100.0,city,RE
db72707,2026-04-22,50.0,city,TR
db72707,2026-04-22,100.0,city,WH
db72707,2026-04-23,100.0,city,AL
db72707,2026-04-23,250.0,city,AS
db72707,2026-04-23,50.0,city,CA
db72707,2026-04-23,250.0,city,CD
db72707,2026-04-23,50.0,city,CK
db72707,2026-04-23,100.0,city,EM
db72707,2026-04-23,100.0,city,JA
db72707,2026-04-23,50.0,city,JC
db72707,2026-04-23,15.0,city,JG
db72707,2026-04-23,100.0,city,MS
db72707,2026-04-23,250.0,city,PB
db72707,2026-04-23,100.0,city,SB
db72707,2026-04-23,100.0,city,TB
db72707,2026-04-23,50.0,city,TF
db72707,2026-04-23,50.0,city,VO
db72707,2026-04-23,100.0,ucb,JB
db72707,2026-04-24,100.0,city,AC
db72707,2026-04-24,250.0,city,AD
db72707,2026-04-24,25.0,city,AW
db72707,2026-04-24,100.0,city,CW
db72707,2026-04-24,25.0,city,HH
db72707,2026-04-24,50.0,city,JS
db72707,2026-04-24,50.0,city,KS
db72707,2026-04-24,100.0,city,KS
db72707,2026-04-24,80.0,city,KV
db72707,2026-04-24,100.0,city,LL
db72707,2026-04-24,100.0,city,LT
db72707,2026-04-24,100.0,city,PP
db72707,2026-04-24,500.0,city,PS
db72707,2026-04-24,100.0,city,RL
db72707,2026-04-24,50.0,ucb,EO
db72707,2026-04-27,50.0,city,AM
db72707,2026-04-27,10.0,city,CA
db72707,2026-04-27,25.0,city,CK
db72707,2026-04-27,100.0,city,DB
db72707,2026-04-27,100.0,city,DJ
db72707,2026-04-27,25.0,city,HH
db72707,2026-04-27,100.0,city,JQ
db72707,2026-04-27,50.0,city,KS
db72707,2026-04-27,250.0,city,LZ
db72707,2026-04-27,100.0,city,ME
db72707,2026-04-27,50.0,city,MS
db72707,2026-04-27,100.0,city,NK
db72707,2026-04-27,1000.0,city,SD
db72707,2026-04-27,250.0,city,SK
db72707,2026-04-27,100.0,city,SP
db72707,2026-04-28,25.0,city,CP
db72707,2026-04-28,250.0,city,DG
db72707,2026-04-28,100.0,city,GM
db72707,2026-04-28,100.0,city,LC
db72707,2026-04-28,100.0,city,PZ
db72707,2026-04-29,25.0,city,AW
db72707,2026-04-29,25.0,city,AW
db72707,2026-04-29,50.0,city,CA
db72707,2026-04-29,25.0,city,CE
db72707,2026-04-29,100.0,city,LF
db72707,2026-04-29,1000.0,city,NG
db72707,2026-04-29,100.0,city,NJ
db72707,2026-04-29,100.0,city,PP
db72707,2026-04-29,50.0,city,PZ
db72707,2026-04-30,50.0,city,AJ
db72707,2026-04-30,100.0,city,BN
db72707,2026-04-30,500.0,city,CB
db72707,2026-04-30,250.0,city,CP
db72707,2026-04-30,100.0,city,JB
db72707,2026-04-30,100.0,city,MR
db72707,2026-04-30,21.06,city,PZ
db72707,2026-04-30,100.0,city,SC
db72707,2026-04-30,100.0,city,TB
db72707,2026-05-01,100.0,city,AF
db72707,2026-05-01,100.0,city,AJ
db72707,2026-05-01,100.0,city,BS
db72707,2026-05-01,100.0,city,CC
db72707,2026-05-01,50.0,city,CU
db72707,2026-05-01,50.0,city,GG
db72707,2026-05-01,50.0,city,GG
db72707,2026-05-01,100.0,city,HR
db72707,2026-05-01,100.0,city,HZ
db72707,2026-05-01,50.0,city,IR
db72707,2026-05-01,20.0,city,JG
db72707,2026-05-01,100.0,city,JS
db72707,2026-05-01,35.0,city,JS
db72707,2026-05-01,50.0,city,KS
db72707,2026-05-01,100.0,city,LC
db72707,2026-05-01,100.0,city,LH
db72707,2026-05-01,100.0,city,LU
db72707,2026-05-01,100.0,city,MA
db72707,2026-05-01,100.0,city,MB
db72707,2026-05-01,50.0,city,MC
db72707,2026-05-01,50.0,city,ME
db72707,2026-05-01,100.0,city,NS
db72707,2026-05-01,100.0,city,PP
db72707,2026-05-01,50.0,city,RK
db72707,2026-05-01,25.0,city,WA
db72707,2026-05-04,10.0,city,CA
db72707,2026-05-04,100.0,city,CC
db72707,2026-05-04,100.0,city,EC
db72707,2026-05-04,250.0,city,JB
db72707,2026-05-04,25.0,city,JG
db72707,2026-05-04,100.0,city,KB
db72707,2026-05-04,100.0,city,KG
db72707,2026-05-04,150.0,city,LF
db72707,2026-05-04,50.0,city,PP
db72707,2026-05-04,100.0,city,PZ
db72707,2026-05-04,2500.0,city,RN
db72707,2026-05-04,50.0,city,SS
db72707,2026-05-04,25.0,city,WA
db72707,2026-05-05,100.0,city,AJ
db72707,2026-05-05,25.0,city,CP
db72707,2026-05-05,35.55,city,CU
db72707,2026-05-05,50.0,city,IR
db72707,2026-05-05,100.0,city,VO
db72707,2026-05-06,50.0,city,AP
db72707,2026-05-06,100.0,city,AW
db72707,2026-05-06,50.0,city,CM
db72707,2026-05-06,10.0,city,CS
db72707,2026-05-06,250.0,city,CS
db72707,2026-05-06,50.0,city,GG
db72707,2026-05-06,25.0,city,HH
db72707,2026-05-06,100.0,city,HR
db72707,2026-05-06,100.0,city,JQ
db72707,2026-05-06,100.0,city,JQ
db72707,2026-05-06,500.0,city,JT
db72707,2026-05-06,25.0,city,KV
db72707,2026-05-06,100.0,city,ME
db72707,2026-05-06,50.0,city,RK
db72707,2026-05-06,100.0,city,SH
db72707,2026-05-06,100.0,city,SK
db72707,2026-05-06,50.0,city,WA
db72707,2026-05-06,25.0,ucb,EO
db72707,2026-05-07,250.0,city,ED
db72707,2026-05-07,100.0,city,EL
db72707,2026-05-07,100.0,city,FC
db72707,2026-05-07,50.0,city,ME
db72707,2026-05-07,2500.0,city,PK
db72707,2026-05-07,50.0,city,PM
db72707,2026-05-07,500.0,city,PS
db72707,2026-05-07,50.0,city,TR
db72707,2026-05-08,10.0,city,GG
db72707,2026-05-08,20.0,city,JG
db72707,2026-05-08,1500.0,city,PK
db72707,2026-05-08,25.0,city,WS
db72707,2026-05-11,50.0,city,AM
db72707,2026-05-11,106.42,city,BF
db72707,2026-05-11,10.0,city,CA
db72707,2026-05-11,100.0,city,LA
db72707,2026-05-11,500.0,city,MM
db72707,2026-05-11,50.0,city,PP
db72707,2026-05-11,100.0,ucb,AC
db72707,2026-05-12,25.0,city,AP
db72707,2026-05-13,50.0,city,TR
db72707,2026-05-14,100.0,city,AW
db72707,2026-05-14,25.0,city,CE
db72707,2026-05-14,100.0,city,LH
db72707,2026-05-14,25.0,city,MR
db72707,2026-05-14,250.0,city,WB
db72707,2026-05-15,25.0,city,AP
db72707,2026-05-15,10.0,city,GG
db72707,2026-05-15,25.0,city,HH
db72707,2026-05-15,20.0,city,JG
db72707,2026-05-15,100.0,city,PB
db72707,2026-05-15,50.0,city,PM
db72707,2026-05-15,25.0,city,TR
db72707,2026-05-18,20.0,city,AP
db72707,2026-05-18,10.0,city,CA
db72707,2026-05-18,5.0,city,CS
db72707,2026-05-18,39200.0,city,EA
db72707,2026-05-18,25.0,city,EC
db72707,2026-05-18,50.0,city,FC
db72707,2026-05-18,50.0,city,FC
db72707,2026-05-18,50.0,city,GM
db72707,2026-05-18,125.0,city,JC
db72707,2026-05-18,250.0,city,JK
db72707,2026-05-18,50.0,city,JS
db72707,2026-05-18,100.0,city,JS
db72707,2026-05-18,100.0,city,LC
db72707,2026-05-18,100.0,city,LC
db72707,2026-05-18,25.0,city,LF
db72707,2026-05-18,50.0,city,MB
db72707,2026-05-18,5.0,city,NM
db72707,2026-05-18,50.0,city,PP
db72707,2026-05-18,50.0,city,PP
db72707,2026-05-18,50.0,city,SG
db72707,2026-05-18,50.0,city,SL
db72707,2026-05-18,100.0,city,TB
db72707,2026-05-18,50.0,city,TM
db72707,2026-05-19,20.26,city,AW
db72707,2026-05-19,50.0,city,AW
db72707,2026-05-19,50.0,city,CM
db72707,2026-05-19,50.0,city,ER
db72707,2026-05-19,100.0,city,ER
db72707,2026-05-19,25.0,city,MM
db72707,2026-05-19,250.0,city,PZ
db72707,2026-05-19,100.0,city,VO
db72707,2026-05-20,50.0,city,JG
db72707,2026-05-20,50.0,city,LH
db72707,2026-05-21,100.0,city,AW
db72707,2026-05-21,100.0,city,BN
db72707,2026-05-21,100.0,city,BN
db72707,2026-05-21,9200.0,city,EL
db72707,2026-05-21,30000.0,city,EL
db72707,2026-05-21,100.0,city,JS
db72707,2026-05-22,50.0,city,AM
db72707,2026-05-22,14200.0,city,DT
db72707,2026-05-22,25000.0,city,DT
db72707,2026-05-22,10.0,city,GG
db72707,2026-05-22,20.0,city,JG
db72707,2026-05-22,22500.0,city,PB
db72707,2026-05-22,12000.0,city,PB
db72707,2026-05-22,4700.0,city,PB
db72707,2026-05-26,100.0,city,AJ
db72707,2026-05-26,50.0,city,AM
db72707,2026-05-26,50.0,city,AM
db72707,2026-05-26,50.0,city,AM
db72707,2026-05-26,20.26,city,AW
db72707,2026-05-26,50.0,city,AW
db72707,2026-05-26,25.0,city,BJ
db72707,2026-05-26,100.0,city,BN
db72707,2026-05-26,10.0,city,CA
db72707,2026-05-26,20.0,city,CK
db72707,2026-05-26,100.0,city,CS
db72707,2026-05-26,50.0,city,GG
db72707,2026-05-26,50.0,city,KS
db72707,2026-05-26,100.0,city,LC
db72707,2026-05-26,50.0,city,MB
db72707,2026-05-26,25.0,city,MC
db72707,2026-05-26,50.0,city,NS
db72707,2026-05-26,50.0,city,PP
db72707,2026-05-26,25.0,city,RB
db72707,2026-05-26,50.0,city,SM
db72707,2026-05-26,50.0,city,TH
db72707,2026-05-26,50.0,city,TM
db72707,2026-05-27,50.0,city,CM
db72707,2026-05-27,25.0,city,EC
db72707,2026-05-27,500.0,city,ME
db72707,2026-05-27,50.0,city,PP
db72707,2026-05-27,25.0,city,RB
db72707,2026-05-28,25000.0,city,AF
db72707,2026-05-28,100.0,city,AW
db72707,2026-05-28,25000.0,city,BW
db72707,2026-05-28,14200.0,city,BW
db72707,2026-05-28,50.0,city,JG
db72707,2026-05-28,100.0,city,LT
db72707,2026-05-28,25.0,city,PP
db72707,2026-05-28,50.0,city,RK
db72707,2026-05-28,10.0,city,VO
db72707,2026-05-28,50.0,ucb,EO
db72707,2026-05-29,14200.0,city,AF
db72707,2026-05-29,14000.0,city,AL
db72707,2026-05-29,12500.0,city,AL
db72707,2026-05-29,8500.0,city,AL
db72707,2026-05-29,4200.0,city,AL
db72707,2026-05-29,100.0,city,DJ
db72707,2026-05-29,1000.0,city,EN
db72707,2026-05-29,5.0,city,FH
db72707,2026-05-29,10.0,city,GG
db72707,2026-05-29,19200.0,city,JK
db72707,2026-05-29,1000.0,city,JS
db72707,2026-05-29,25.0,city,NM
db72707,2026-06-01,25.0,city,AP
db72707,2026-06-01,50.0,city,BS
db72707,2026-06-01,10.0,city,CA
db72707,2026-06-01,20.26,city,EC
db72707,2026-06-01,20000.0,city,JK
db72707,2026-06-01,39200.0,city,KF
db72707,2026-06-01,25.0,city,RB
db72707,2026-06-01,5100.0,city,SM
db72707,2026-06-01,39200.0,city,TL
db72707,2026-06-02,50.0,city,AW
db72707,2026-06-02,20.26,city,AW
db72707,2026-06-02,50.0,city,PP
db72707,2026-06-05,25.0,city,RB
db72707,2026-06-05,25.0,city,RB
db72707,2026-06-11,2500.0,city,PK
db72707,2026-06-15,250.0,both,TM
db72707,2026-06-15,50.0,city,BA
db72707,2026-06-15,10.0,city,CE
db72707,2026-06-15,25.0,city,CM
db72707,2026-06-15,100.0,city,CS
db72707,2026-06-15,27.2,city,CS
db72707,2026-06-15,25.0,city,EC
db72707,2026-06-15,25.0,city,FH
db72707,2026-06-15,100.0,city,JH
db72707,2026-06-15,100.0,city,JH
db72707,2026-06-15,100.0,city,LK
db72707,2026-06-15,100.0,city,LT
db72707,2026-06-15,25.0,city,MR
db72707,2026-06-15,100.0,city,MS
db72707,2026-06-15,100.0,city,PC
db72707,2026-06-15,25.0,city,PP
db72707,2026-06-15,50.0,city,PP
db72707,2026-06-15,100.0,city,RB
db72707,2026-06-15,100.0,city,SB
db72707,2026-06-15,25.0,city,SP
db72707,2026-06-15,500.0,city,SU
db72707,2026-06-15,50.0,city,TR
db72707,2026-06-22,25.0,city,AM
db72707,2026-06-22,25.0,city,CE
db72707,2026-06-22,100.0,city,DJ
db72707,2026-06-22,25.0,city,LF
db72707,2026-06-22,100.0,city,MS
db72707,2026-06-22,25.0,city,NM
db72707,2026-06-22,50.0,city,PM
db72707,2026-06-22,50.0,city,PP
db72707,2026-06-22,30.0,city,SL
db72707,2026-06-22,50.0,ucb,EO
db72707,2026-06-28,2500.0,city,KS
db72707,2026-06-29,100.0,city,AM
db72707,2026-06-29,10.0,city,CE
db72707,2026-06-29,25.0,city,EC
db72707,2026-06-29,5.0,city,JA
db72707,2026-06-29,100.0,city,PP
db72707,2026-06-29,25.0,city,SL
db72707,2026-06-29,50.0,city,SS
db72707,2026-06-29,250.0,city,TB
db72707,2026-06-30,100.0,both,CF
db72707,2026-06-30,100.0,both,CF
db72707,2026-06-30,50.0,city,SU
db72707,2026-07-06,39200.0,city,BW
db72707,2026-07-13,39200.0,city,NS
dbb5df4,2026-05-30,5900.0,city,BW
dbb5df4,2026-05-30,5900.0,city,BW
e07633f,2025-10-24,100.0,city,MH
e07633f,2025-11-09,165.0,city,MH
e07633f,2026-01-26,100.0,city,MH
e07633f,2026-02-19,50.0,city,MH
e07633f,2026-04-06,100.0,city,MH
e07633f,2026-04-24,100.0,city,MH
e08ee23,2025-08-23,100.0,city,SB
e08ee23,2025-10-12,100.0,city,ML
e08ee23,2025-10-13,100.0,city,LD
e08ee23,2025-10-20,1000.0,city,RH
e08ee23,2025-12-24,100.0,city,GJ
e08ee23,2026-01-22,200.0,city,EK
e08ee23,2026-02-10,100.0,city,LS
e08ee23,2026-02-23,100.0,city,MO
e08ee23,2026-03-17,100.0,city,MO
e08ee23,2026-03-25,500.0,city,PS
e08ee23,2026-03-31,100.0,city,PT
e08ee23,2026-04-16,200.0,ucb,MT
e08ee23,2026-04-29,2000.0,city,RH
e08ee23,2026-05-01,100.0,city,DC
e08ee23,2026-05-01,100.0,city,DC
e08ee23,2026-05-05,25.0,city,LB
e08ee23,2026-05-11,50.0,city,CW
e08ee23,2026-05-12,500.0,city,BW
e08ee23,2026-05-16,104.1,city,SH
e08ee23,2026-05-18,104.1,city,XW
e08ee23,2026-05-20,40.0,city,DM
e08ee23,2026-06-01,260.25,city,DM
e08ee23,2026-06-02,100.0,city,LD
e08ee23,2026-06-05,20.26,city,LB
e08ee23,2026-06-08,25.0,city,DM
e08ee23,2026-06-11,50.0,city,DC
e08ee23,2026-06-12,25.0,city,LB
e08ee23,2026-06-15,25.0,city,LB
e08ee23,2026-06-15,100.0,city,MO
e19b655,2025-08-13,500.0,city,DN
e19b655,2025-08-13,125.0,city,IT
e19b655,2025-08-15,25.0,ucb,MB
e19b655,2025-08-17,50.0,city,RK
e19b655,2025-08-17,250.0,ucb,TB
e19b655,2025-08-18,125.0,city,VC
e19b655,2025-08-19,250.0,city,RK
e19b655,2025-08-20,500.0,city,MH
e19b655,2025-08-24,50.0,city,VC
e19b655,2025-08-27,50.0,city,MN
e19b655,2025-09-05,50.0,city,FB
e19b655,2025-09-07,250.0,city,DN
e19b655,2025-09-07,20.0,city,VC
e19b655,2025-09-07,50.0,city,WB
e19b655,2025-09-16,35.0,ucb,MB
e19b655,2025-09-17,50.0,city,RK
e19b655,2025-09-24,50.0,city,VC
e19b655,2025-09-27,50.0,city,MN
e19b655,2025-09-30,250.0,city,DN
e19b655,2025-10-05,50.0,city,FB
e19b655,2025-10-07,50.0,city,WB
e19b655,2025-10-17,50.0,city,RK
e19b655,2025-10-24,50.0,city,VC
e19b655,2025-10-27,50.0,city,MN
e19b655,2025-11-05,50.0,city,FB
e19b655,2025-11-07,50.0,city,WB
e19b655,2025-11-17,50.0,city,RK
e19b655,2025-11-19,100.0,city,RC
e19b655,2025-11-20,35.0,ucb,MB
e19b655,2025-11-22,35.0,city,VC
e19b655,2025-11-24,50.0,city,VC
e19b655,2025-11-27,50.0,city,MN
e19b655,2025-12-03,2500.0,city,DN
e19b655,2025-12-05,50.0,city,FB
e19b655,2025-12-06,50.0,city,IT
e19b655,2025-12-07,50.0,city,WB
e19b655,2025-12-17,50.0,city,RK
e19b655,2025-12-23,35.0,ucb,MB
e19b655,2025-12-24,50.0,city,VC
e19b655,2025-12-27,50.0,city,MN
e19b655,2025-12-29,250.0,city,DN
e19b655,2025-12-31,250.0,city,JA
e19b655,2025-12-31,50.0,city,MH
e19b655,2026-01-05,50.0,city,FB
e19b655,2026-01-07,50.0,city,WB
e19b655,2026-01-17,50.0,city,RK
e19b655,2026-01-22,250.0,city,DN
e19b655,2026-01-24,50.0,city,VC
e19b655,2026-01-27,50.0,city,MN
e19b655,2026-02-05,50.0,city,FB
e19b655,2026-02-07,50.0,city,WB
e19b655,2026-02-17,50.0,city,RK
e19b655,2026-02-24,50.0,city,VC
e19b655,2026-02-27,50.0,city,MN
e19b655,2026-03-07,50.0,city,WB
e19b655,2026-03-17,50.0,city,RK
e19b655,2026-03-24,250.0,city,DN
e19b655,2026-03-24,50.0,city,VC
e19b655,2026-03-27,50.0,city,MN
e19b655,2026-04-07,50.0,city,WB
e19b655,2026-04-17,50.0,city,RK
e19b655,2026-04-24,50.0,city,VC
e19b655,2026-04-27,50.0,city,MN
e19b655,2026-04-29,200.0,city,DM
e19b655,2026-04-29,250.0,city,DN
e19b655,2026-05-07,200.0,city,KH
e19b655,2026-05-07,50.0,city,WB
e19b655,2026-05-08,200.0,city,AV
e19b655,2026-05-08,250.0,city,MF
e19b655,2026-05-08,1000.0,city,MN
e19b655,2026-05-17,50.0,city,RK
e19b655,2026-05-24,50.0,city,VC
e19b655,2026-05-26,250.0,city,DN
e19b655,2026-05-27,50.0,city,MN
e19b655,2026-06-03,250.0,city,LB
e53577c,2025-08-10,250.0,city,LZ
e53577c,2025-09-10,250.0,city,LZ
e601184,2025-08-11,15.0,city,HC
e601184,2025-08-11,25.0,city,KC
e601184,2025-08-11,25.0,city,LC
e601184,2025-08-11,12.0,city,LS
e601184,2025-08-11,10.0,city,LW
e601184,2025-08-11,5.0,city,MB
e601184,2025-08-11,3.0,city,MB
e601184,2025-08-11,10.0,city,TW
e601184,2025-08-12,10.0,city,BF
e601184,2025-08-12,5.0,city,MB
e601184,2025-08-13,5.0,city,GL
e601184,2025-08-13,10.0,city,LW
e601184,2025-08-14,50.0,city,JA
e601184,2025-08-14,10.0,city,MW
e601184,2025-08-15,100.0,city,PH
e601184,2025-08-15,27.0,city,SA
e601184,2025-08-15,20.0,ucb,BG
e601184,2025-08-16,250.0,city,AF
e601184,2025-08-16,50.0,city,DB
e601184,2025-08-16,5.0,city,TK
e601184,2025-08-16,25.0,ucb,MB
e601184,2025-08-17,25.0,city,AR
e601184,2025-08-19,35.0,city,NR
e601184,2025-08-19,5.0,city,TK
e601184,2025-08-20,50.0,city,WS
e601184,2025-08-22,150.0,city,AO
e601184,2025-08-22,100.0,city,MA
e601184,2025-08-24,25.0,city,FA
e601184,2025-08-24,50.0,city,RU
e601184,2025-08-24,25.0,city,RU
e601184,2025-08-25,50.0,city,LP
e601184,2025-08-26,100.0,city,KP
e601184,2025-08-26,10.0,city,LW
e601184,2025-08-27,4.0,city,MB
e601184,2025-08-28,10.0,city,LW
e601184,2025-08-28,4.0,city,MB
e601184,2025-08-28,10.0,city,MN
e601184,2025-08-28,100.0,city,SU
e601184,2025-08-29,20.0,city,KP
e601184,2025-08-29,3.0,city,SF
e601184,2025-08-30,50.0,city,DB
e601184,2025-08-30,10.0,city,LW
e601184,2025-08-30,50.0,city,PH
e601184,2025-08-31,15.0,city,AD
e601184,2025-08-31,15.0,city,AD
e601184,2025-08-31,100.0,city,AP
e601184,2025-08-31,6.0,ucb,TT
e601184,2025-09-01,10.0,city,JC
e601184,2025-09-03,3.0,city,LS
e601184,2025-09-06,100.0,city,JM
e601184,2025-09-06,25.0,city,KP
e601184,2025-09-06,25.0,city,KP
e601184,2025-09-06,5.0,city,TK
e601184,2025-09-08,40.0,city,KP
e601184,2025-09-09,100.0,city,NS
e601184,2025-09-11,25.0,city,KC
e601184,2025-09-11,25.0,city,LC
e601184,2025-09-11,5.0,city,MB
e601184,2025-09-11,10.0,city,TW
e601184,2025-09-12,10.0,city,BF
e601184,2025-09-12,15.0,city,HC
e601184,2025-09-12,25.0,city,RJ
e601184,2025-09-12,20.0,city,SF
e601184,2025-09-13,5.0,city,GL
e601184,2025-09-13,20.0,city,KP
e601184,2025-09-13,10.0,city,LW
e601184,2025-09-14,61.0,city,CW
e601184,2025-09-14,25.0,city,DK
e601184,2025-09-14,10.0,city,MW
e601184,2025-09-15,15.0,city,HC
e601184,2025-09-15,20.0,city,KP
e601184,2025-09-15,50.0,city,KS
e601184,2025-09-15,20.0,ucb,BG
e601184,2025-09-16,50.0,city,DB
e601184,2025-09-16,100.0,city,LV
e601184,2025-09-17,25.0,city,AR
e601184,2025-09-18,250.0,city,RR
e601184,2025-09-20,20.0,city,RJ
e601184,2025-09-20,50.0,city,WS
e601184,2025-09-22,1000.0,city,AD
e601184,2025-09-22,25.0,city,SH
e601184,2025-09-23,25.0,city,GL
e601184,2025-09-23,250.0,city,KG
e601184,2025-09-24,25.0,city,FA
e601184,2025-09-24,259.0,city,HF
e601184,2025-09-24,1000.0,city,SB
e601184,2025-09-25,50.0,city,LP
e601184,2025-09-26,50.0,city,JC
e601184,2025-09-26,50.0,city,JC
e601184,2025-09-27,100.0,city,KS
e601184,2025-09-27,100.0,city,KS
e601184,2025-09-27,5.0,city,TK
e601184,2025-09-28,10.0,city,MN
e601184,2025-09-29,30.0,city,DK
e601184,2025-09-29,10.0,city,KP
e601184,2025-09-29,15.0,city,RJ
e601184,2025-09-29,3.0,city,SF
e601184,2025-09-29,50.0,city,SU
e601184,2025-09-30,15.0,city,AD
e601184,2025-09-30,15.0,city,AD
e601184,2025-09-30,50.0,city,DB
e601184,2025-09-30,25.0,city,DK
e601184,2025-09-30,50.0,city,PH
e601184,2025-09-30,180.0,city,RE
e601184,2025-09-30,50.0,city,RU
e601184,2025-09-30,15.0,city,SF
e601184,2025-09-30,10.0,city,SF
e601184,2025-09-30,6.0,ucb,TT
e601184,2025-10-01,10.0,city,JC
e601184,2025-10-01,50.0,city,SL
e601184,2025-10-01,50.0,city,SL
e601184,2025-10-06,10.0,city,KP
e601184,2025-10-11,25.0,city,KC
e601184,2025-10-11,25.0,city,LC
e601184,2025-10-11,10.0,city,TW
e601184,2025-10-12,10.0,city,BF
e601184,2025-10-12,15.0,city,HC
e601184,2025-10-13,5.0,city,GL
e601184,2025-10-13,10.0,city,LW
e601184,2025-10-14,10.0,city,MW
e601184,2025-10-15,20.0,ucb,BG
e601184,2025-10-16,50.0,city,DB
e601184,2025-10-17,25.0,city,AR
e601184,2025-10-20,100.0,city,AC
e601184,2025-10-20,100.0,city,LV
e601184,2025-10-22,25.0,city,SH
e601184,2025-10-23,30.0,city,AE
e601184,2025-10-23,5.0,city,SF
e601184,2025-10-24,25.0,city,FA
e601184,2025-10-25,50.0,city,LP
e601184,2025-10-26,100.0,city,AE
e601184,2025-10-27,15.0,city,LS
e601184,2025-10-27,100.0,city,LV
e601184,2025-10-28,10.0,city,MN
e601184,2025-10-29,3.0,city,SF
e601184,2025-10-30,50.0,city,DB
e601184,2025-10-30,50.0,city,PH
e601184,2025-10-30,50.0,city,SU
e601184,2025-10-31,15.0,city,AD
e601184,2025-10-31,15.0,city,AD
e601184,2025-10-31,6.0,ucb,TT
e601184,2025-11-01,10.0,city,JC
e601184,2025-11-05,50.0,city,MA
e601184,2025-11-08,15.0,city,HC
e601184,2025-11-10,15.0,city,HC
e601184,2025-11-11,25.0,city,KC
e601184,2025-11-11,25.0,city,LC
e601184,2025-11-11,10.0,city,TW
e601184,2025-11-12,10.0,city,BF
e601184,2025-11-12,15.0,city,HC
e601184,2025-11-12,30.0,city,SA
e601184,2025-11-13,5.0,city,GL
e601184,2025-11-13,10.0,city,LW
e601184,2025-11-14,10.0,city,MW
e601184,2025-11-15,20.0,ucb,BG
e601184,2025-11-16,50.0,city,DB
e601184,2025-11-16,25.0,city,PB
e601184,2025-11-16,25.0,city,PB
e601184,2025-11-17,25.0,city,AR
e601184,2025-11-17,100.0,city,RK
e601184,2025-11-19,20.0,city,LV
e601184,2025-11-20,50.0,city,RK
e601184,2025-11-22,25.0,city,SH
e601184,2025-11-24,25.0,city,FA
e601184,2025-11-29,3.0,city,SF
e601184,2025-11-29,5.0,city,TK
e601184,2025-11-30,15.0,city,AD
e601184,2025-11-30,15.0,city,AD
e601184,2025-11-30,50.0,city,DB
e601184,2025-11-30,25.0,city,DS
e601184,2025-11-30,50.0,city,MA
e601184,2025-11-30,100.0,city,PC
e601184,2025-11-30,50.0,city,PH
e601184,2025-11-30,6.0,ucb,TT
e601184,2025-12-01,10.0,city,JC
e601184,2025-12-01,50.0,city,RU
e601184,2025-12-05,10.0,city,MA
e601184,2025-12-05,50.0,city,SU
e601184,2025-12-06,-3.0,city,SF
e601184,2025-12-08,20.0,city,KP
e601184,2025-12-11,25.0,city,KC
e601184,2025-12-11,25.0,city,LC
e601184,2025-12-11,10.0,city,TW
e601184,2025-12-12,10.0,city,BF
e601184,2025-12-12,15.0,city,HC
e601184,2025-12-12,100.0,city,LS
e601184,2025-12-13,5.0,city,GL
e601184,2025-12-13,10.0,city,LW
e601184,2025-12-14,10.0,city,MW
e601184,2025-12-15,20.0,ucb,BG
e601184,2025-12-16,50.0,city,DB
e601184,2025-12-16,50.0,city,DS
e601184,2025-12-16,25.0,city,PB
e601184,2025-12-16,25.0,city,PB
e601184,2025-12-17,25.0,city,AR
e601184,2025-12-17,25.0,city,RK
e601184,2025-12-22,25.0,city,CD
e601184,2025-12-22,100.0,city,NS
e601184,2025-12-22,25.0,city,SH
e601184,2025-12-24,20.0,city,DS
e601184,2025-12-29,100.0,city,LS
e601184,2025-12-30,250.0,city,AP
e601184,2025-12-30,50.0,city,DB
e601184,2025-12-30,25.0,city,DS
e601184,2025-12-30,50.0,city,PH
e601184,2025-12-30,75.0,city,RF
e601184,2025-12-31,15.0,city,AD
e601184,2025-12-31,15.0,city,AD
e601184,2025-12-31,50.0,city,HT
e601184,2025-12-31,50.0,city,SL
e601184,2025-12-31,6.0,ucb,TT
e601184,2026-01-04,5.0,city,SR
e601184,2026-01-05,10.0,city,MA
e601184,2026-01-07,3.0,city,SR
e601184,2026-01-11,25.0,city,KC
e601184,2026-01-11,25.0,city,LC
e601184,2026-01-12,3.0,city,SR
e601184,2026-01-13,10.0,both,BL
e601184,2026-01-14,100.0,city,DS
e601184,2026-01-16,50.0,city,DB
e601184,2026-01-16,25.0,city,PB
e601184,2026-01-16,25.0,city,PB
e601184,2026-01-17,25.0,city,AR
e601184,2026-01-17,25.0,city,RK
e601184,2026-01-17,3.0,city,SR
e601184,2026-01-20,50.0,city,MA
e601184,2026-01-23,5.0,both,BL
e601184,2026-01-23,500.0,city,PC
e601184,2026-01-23,5.0,city,SR
e601184,2026-01-24,20.0,city,DS
e601184,2026-01-26,5.0,city,SR
e601184,2026-01-27,100.0,city,AF
e601184,2026-01-28,5.0,both,BL
e601184,2026-01-28,100.0,city,JS
e601184,2026-01-28,100.0,city,MR
e601184,2026-01-29,50.0,city,CD
e601184,2026-01-29,50.0,city,CW
e601184,2026-01-29,50.0,city,CW
e601184,2026-01-30,100.0,city,CS
e601184,2026-01-30,100.0,city,CV
e601184,2026-01-30,50.0,city,DB
e601184,2026-01-30,25.0,city,DS
e601184,2026-01-30,50.0,city,ME
e601184,2026-01-30,3.0,city,SR
e601184,2026-01-30,75.0,city,SU
e601184,2026-01-31,15.0,city,AD
e601184,2026-01-31,15.0,city,AD
e601184,2026-02-03,3.0,city,SR
e601184,2026-02-05,10.0,city,MA
e601184,2026-02-06,5.0,city,JM
e601184,2026-02-07,50.0,both,RP
e601184,2026-02-07,25.0,city,SR
e601184,2026-02-10,40.0,city,DS
e601184,2026-02-11,25.0,city,KC
e601184,2026-02-11,25.0,city,LC
e601184,2026-02-13,10.0,both,BL
e601184,2026-02-14,5.0,city,SR
e601184,2026-02-16,50.0,city,DB
e601184,2026-02-16,25.0,city,LW
e601184,2026-02-16,20.0,city,NS
e601184,2026-02-16,25.0,city,PB
e601184,2026-02-16,25.0,city,PB
e601184,2026-02-17,25.0,city,RK
e601184,2026-02-17,10.0,city,SR
e601184,2026-02-19,50.0,city,CD
e601184,2026-02-19,100.0,city,JS
e601184,2026-02-21,50.0,both,RP
e601184,2026-02-22,300.0,city,AK
e601184,2026-02-23,5.0,both,BL
e601184,2026-02-24,20.0,city,DS
e601184,2026-02-24,3.0,city,SR
e601184,2026-02-27,180.0,city,RE
e601184,2026-02-27,3.0,city,SR
e601184,2026-02-28,5.0,both,BL
e601184,2026-02-28,15.0,city,AD
e601184,2026-02-28,15.0,city,AD
e601184,2026-02-28,50.0,city,DB
e601184,2026-02-28,25.0,city,DS
e601184,2026-02-28,50.0,city,PH
e601184,2026-02-28,100.0,city,PM
e601184,2026-03-02,5.0,city,SR
e601184,2026-03-03,100.0,city,JS
e601184,2026-03-03,25.0,city,SA
e601184,2026-03-05,10.0,city,MA
e601184,2026-03-06,5.0,city,JM
e601184,2026-03-10,100.0,city,PV
e601184,2026-03-11,40.0,city,DS
e601184,2026-03-11,100.0,city,JS
e601184,2026-03-11,25.0,city,KC
e601184,2026-03-11,25.0,city,LC
e601184,2026-03-11,5.0,city,SR
e601184,2026-03-11,60.0,city,SU
e601184,2026-03-13,10.0,both,BL
e601184,2026-03-15,100.0,city,JS
e601184,2026-03-15,100.0,city,LS
e601184,2026-03-15,3.0,city,SR
e601184,2026-03-16,50.0,city,DB
e601184,2026-03-16,25.0,city,LW
e601184,2026-03-16,25.0,city,PB
e601184,2026-03-16,25.0,city,PB
e601184,2026-03-17,25.0,city,RK
e601184,2026-03-18,50.0,city,JA
e601184,2026-03-19,3.0,city,SR
e601184,2026-03-20,500.0,city,JN
e601184,2026-03-21,10.0,both,RP
e601184,2026-03-21,5000.0,city,SH
e601184,2026-03-21,500.0,city,WB
e601184,2026-03-22,100.0,city,JS
e601184,2026-03-23,5.0,both,BL
e601184,2026-03-23,3.0,city,SR
e601184,2026-03-23,250.0,ucb,NO
e601184,2026-03-24,20.0,city,DS
e601184,2026-03-25,50.0,city,CD
e601184,2026-03-26,25.0,city,RR
e601184,2026-03-26,25.0,city,SA
e601184,2026-03-28,5.0,both,BL
e601184,2026-03-28,25.0,city,SK
e601184,2026-03-29,100.0,city,MP
e601184,2026-03-30,50.0,city,DB
e601184,2026-03-30,25.0,city,DS
e601184,2026-03-30,50.0,city,PH
e601184,2026-03-30,10.0,city,SK
e601184,2026-03-30,12.0,ucb,EY
e601184,2026-03-31,15.0,city,AD
e601184,2026-03-31,15.0,city,AD
e601184,2026-03-31,100.0,city,PF
e601184,2026-03-31,50.0,city,SL
e601184,2026-03-31,100.0,city,SL
e601184,2026-03-31,3.0,city,SR
e601184,2026-03-31,100.0,city,SU
e601184,2026-04-01,100.0,city,LP
e601184,2026-04-03,5.0,city,SR
e601184,2026-04-04,25.0,city,JT
e601184,2026-04-05,100.0,city,CW
e601184,2026-04-05,10.0,city,MA
e601184,2026-04-05,100.0,city,NS
e601184,2026-04-06,5.0,city,JM
e601184,2026-04-06,50.0,city,JM
e601184,2026-04-06,10.0,city,SK
e601184,2026-04-07,5.0,city,SR
e601184,2026-04-07,12.0,ucb,EY
e601184,2026-04-08,50.0,both,RP
e601184,2026-04-08,100.0,city,NS
e601184,2026-04-10,100.0,city,AE
e601184,2026-04-10,5.0,city,SR
e601184,2026-04-10,150.0,ucb,DL
e601184,2026-04-11,100.0,city,AR
e601184,2026-04-11,25.0,city,CD
e601184,2026-04-11,40.0,city,DS
e601184,2026-04-11,100.0,city,JB
e601184,2026-04-11,25.0,city,JT
e601184,2026-04-11,25.0,city,KC
e601184,2026-04-11,25.0,city,LC
e601184,2026-04-11,25.0,city,SA
e601184,2026-04-12,250.0,city,CB
e601184,2026-04-12,100.0,city,MW
e601184,2026-04-12,100.0,city,MW
e601184,2026-04-12,180.0,city,RE
e601184,2026-04-13,10.0,both,BL
e601184,2026-04-13,250.0,city,CB
e601184,2026-04-13,100.0,city,EW
e601184,2026-04-13,150.0,city,HB
e601184,2026-04-13,50.0,city,JM
e601184,2026-04-13,50.0,city,ME
e601184,2026-04-13,100.0,city,MW
e601184,2026-04-13,500.0,city,PC
e601184,2026-04-13,10.0,city,SK
e601184,2026-04-13,5.0,city,SR
e601184,2026-04-13,100.0,city,SU
e601184,2026-04-14,50.0,city,AD
e601184,2026-04-14,25.0,city,CK
e601184,2026-04-14,1000.0,city,SH
e601184,2026-04-14,12.0,ucb,EY
e601184,2026-04-15,50.0,city,NS
e601184,2026-04-16,50.0,city,DB
e601184,2026-04-16,500.0,city,DO
e601184,2026-04-16,25.0,city,LW
e601184,2026-04-16,25.0,city,PB
e601184,2026-04-16,25.0,city,PB
e601184,2026-04-16,100.0,city,TV
e601184,2026-04-17,25.0,city,JP
e601184,2026-04-17,100.0,city,JS
e601184,2026-04-17,76.16,city,LS
e601184,2026-04-17,100.0,city,RG
e601184,2026-04-17,25.0,city,RK
e601184,2026-04-17,100.0,city,SF
e601184,2026-04-17,100.0,ucb,KH
e601184,2026-04-18,50.0,city,AL
e601184,2026-04-18,25.0,city,JT
e601184,2026-04-18,50.0,city,NS
e601184,2026-04-18,100.0,city,SH
e601184,2026-04-18,5.0,city,SR
e601184,2026-04-20,100.0,city,DB
e601184,2026-04-20,100.0,city,NS
e601184,2026-04-20,10.0,city,SK
e601184,2026-04-20,100.0,city,SR
e601184,2026-04-21,10.0,both,RP
e601184,2026-04-21,250.0,city,MG
e601184,2026-04-21,100.0,city,RR
e601184,2026-04-22,100.0,city,AL
e601184,2026-04-22,250.0,city,AP
e601184,2026-04-22,50.0,city,DC
e601184,2026-04-22,50.0,city,DC
e601184,2026-04-22,1000.0,city,SH
e601184,2026-04-23,100.0,city,CB
e601184,2026-04-23,50.0,city,CL
e601184,2026-04-23,75.0,city,JA
e601184,2026-04-23,100.0,city,JL
e601184,2026-04-24,20.0,city,DS
e601184,2026-04-24,25.0,city,JP
e601184,2026-04-25,110.0,city,CH
e601184,2026-04-25,25.0,city,CK
e601184,2026-04-25,25.0,city,JT
e601184,2026-04-25,200.0,city,RL
e601184,2026-04-26,100.0,city,CR
e601184,2026-04-26,100.0,city,KC
e601184,2026-04-26,1000.0,city,SH
e601184,2026-04-27,10.0,city,SK
e601184,2026-04-27,100.0,city,SW
e601184,2026-04-28,100.0,city,JA
e601184,2026-04-28,100.0,city,KH
e601184,2026-04-28,25.0,city,SK
e601184,2026-04-28,100.0,city,TM
e601184,2026-04-29,50.0,city,CK
e601184,2026-04-29,100.0,city,RB
e601184,2026-04-30,15.0,city,AD
e601184,2026-04-30,15.0,city,AD
e601184,2026-04-30,450.0,city,CB
e601184,2026-04-30,50.0,city,DB
e601184,2026-04-30,25.0,city,DS
e601184,2026-04-30,75.0,city,JA
e601184,2026-04-30,50.0,city,PH
e601184,2026-05-01,25.0,city,JP
e601184,2026-05-01,3.0,city,SR
e601184,2026-05-02,25.0,city,JT
e601184,2026-05-02,100.0,city,MG
e601184,2026-05-02,150.0,city,SR
e601184,2026-05-03,50.0,city,CK
e601184,2026-05-03,50.0,city,LS
e601184,2026-05-04,100.0,city,ID
e601184,2026-05-04,10.0,city,SK
e601184,2026-05-04,50.0,city,SL
e601184,2026-05-05,50.0,city,CK
e601184,2026-05-05,500.0,city,DO
e601184,2026-05-05,100.0,city,KS
e601184,2026-05-05,10.0,city,LW
e601184,2026-05-05,10.0,city,MA
e601184,2026-05-05,500.0,city,NO
e601184,2026-05-06,5.0,city,JM
e601184,2026-05-06,40.03,city,OI
e601184,2026-05-07,1000.0,city,TL
e601184,2026-05-08,25.0,city,JP
e601184,2026-05-08,3.0,city,SR
e601184,2026-05-09,25.0,city,JT
e601184,2026-05-10,100.0,city,CC
e601184,2026-05-10,250.0,city,CD
e601184,2026-05-11,100.0,city,DC
e601184,2026-05-11,100.0,city,DC
e601184,2026-05-11,40.0,city,DS
e601184,2026-05-11,25.0,city,KC
e601184,2026-05-11,75.0,city,OI
e601184,2026-05-11,10.0,city,SK
e601184,2026-05-12,19700.0,city,JK
e601184,2026-05-12,12500.0,city,JK
e601184,2026-05-12,7000.0,city,JK
e601184,2026-05-12,10.0,city,LW
e601184,2026-05-12,25.0,city,RG
e601184,2026-05-13,25.0,city,CK
e601184,2026-05-13,500.0,city,NO
e601184,2026-05-14,100.0,city,JK
e601184,2026-05-15,50.0,city,CK
e601184,2026-05-15,5000.0,city,GS
e601184,2026-05-15,25.0,city,JP
e601184,2026-05-15,15.0,city,LW
e601184,2026-05-15,100.0,city,SA
e601184,2026-05-16,50.0,city,CL
e601184,2026-05-16,50.0,city,DB
e601184,2026-05-16,100.0,city,DS
e601184,2026-05-16,25.0,city,JT
e601184,2026-05-16,50.0,city,KH
e601184,2026-05-16,25.0,city,LW
e601184,2026-05-16,25.0,city,PB
e601184,2026-05-16,25.0,city,PB
e601184,2026-05-16,3.0,city,SR
e601184,2026-05-17,20.26,city,AC
e601184,2026-05-17,100.0,city,AH
e601184,2026-05-17,5200.0,city,BW
e601184,2026-05-17,34000.0,city,BW
e601184,2026-05-17,100.0,city,JM
e601184,2026-05-17,100.0,city,LW
e601184,2026-05-17,25.0,city,RK
e601184,2026-05-17,100.0,ucb,JC
e601184,2026-05-18,100.0,city,LH
e601184,2026-05-18,10.0,city,SK
e601184,2026-05-19,50.0,city,DC
e601184,2026-05-19,100.0,city,JA
e601184,2026-05-19,200.0,city,LK
e601184,2026-05-19,10.0,city,LW
e601184,2026-05-19,3.0,city,SR
e601184,2026-05-19,12.0,ucb,EY
e601184,2026-05-20,19800.0,city,CZ
e601184,2026-05-20,50.0,city,DC
e601184,2026-05-21,10.0,both,RP
e601184,2026-05-21,19400.0,city,CZ
e601184,2026-05-21,50.0,city,DS
e601184,2026-05-21,100.0,city,ES
e601184,2026-05-21,3.0,city,SR
e601184,2026-05-22,25.0,city,DS
e601184,2026-05-22,25.0,city,JP
e601184,2026-05-22,15.0,city,LW
e601184,2026-05-23,5.0,both,BL
e601184,2026-05-23,25.0,city,JT
e601184,2026-05-24,20.26,city,AC
e601184,2026-05-24,20.0,city,DS
e601184,2026-05-24,10.0,city,LW
e601184,2026-05-24,15000.0,city,MN
e601184,2026-05-25,10.0,city,SK
e601184,2026-05-26,30.0,city,CK
e601184,2026-05-26,10.0,city,LW
e601184,2026-05-26,12.0,ucb,EY
e601184,2026-05-27,100.0,city,VW
e601184,2026-05-28,5.0,both,BL
e601184,2026-05-28,100.0,city,SH
e601184,2026-05-28,25.0,city,SK
e601184,2026-05-29,25.0,city,JP
e601184,2026-05-29,15.0,city,LW
e601184,2026-05-29,100.0,city,SS
e601184,2026-05-30,20.26,city,AC
e601184,2026-05-30,100.0,city,CW
e601184,2026-05-30,50.0,city,DB
e601184,2026-05-30,25.0,city,DS
e601184,2026-05-30,25.0,city,JT
e601184,2026-05-30,50.0,city,PH
e601184,2026-05-31,15.0,city,AD
e601184,2026-05-31,15.0,city,AD
e601184,2026-05-31,10.0,city,LW
e601184,2026-06-01,10.0,city,SK
e601184,2026-06-02,10.0,city,LW
e601184,2026-06-02,12.0,ucb,EY
ef1d6ac,2025-12-19,250.0,city,LZ
ef1d6ac,2025-12-31,250.0,city,JH
ef1d6ac,2026-01-09,250.0,city,RR
ef1d6ac,2026-01-09,250.0,city,RR
ef1d6ac,2026-01-13,250.0,city,IP
ef1d6ac,2026-02-25,500.0,city,HC
ef1d6ac,2026-03-27,500.0,city,LZ
ef1d6ac,2026-05-06,100.0,city,SR
f26ca2f,2025-09-15,100.0,city,HA
f26ca2f,2025-10-08,500.0,city,JG
f26ca2f,2025-10-17,504.0,city,LR
f26ca2f,2026-02-11,150.0,city,FP
f26ca2f,2026-03-01,564.0,city,NW
f26ca2f,2026-03-19,250.0,city,MB
f26ca2f,2026-03-24,150.0,city,FP
f26ca2f,2026-03-30,100.0,city,SE
f26ca2f,2026-04-27,140.0,city,SE
f26ca2f,2026-05-30,250.0,city,MB
f5ae024,2025-08-22,50.0,city,MS
f5ae024,2025-09-23,200.0,city,JM
f5ae024,2025-10-08,100.0,city,MS
f5ae024,2025-11-02,32.0,city,AK
f5ae024,2025-11-06,25.0,city,BM
f5ae024,2025-11-15,200.0,city,JM
f5ae024,2025-12-02,90.0,city,AK
f5ae024,2025-12-08,200.0,city,JM
f5ae024,2025-12-15,200.0,city,JM
f5ae024,2026-01-31,124.52,city,PT
f5ae024,2026-02-02,200.0,both,JM
f5ae024,2026-02-02,113.0,city,AJ
f5ae024,2026-02-02,90.0,city,AK
f5ae024,2026-02-02,124.52,city,LP
f5ae024,2026-02-05,226.0,both,JM
f5ae024,2026-02-05,113.0,city,HF
f5ae024,2026-02-07,111.0,city,JB
f5ae024,2026-02-08,100.0,city,JV
f5ae024,2026-03-02,90.0,city,AK
f5ae024,2026-03-20,111.0,city,MS
f5ae024,2026-04-01,111.0,city,LR
f5ae024,2026-04-02,90.0,city,AK
f5ae024,2026-04-25,111.0,city,LL
f5ae024,2026-05-05,111.0,city,RB
f71791f,2025-08-19,5.0,city,PD
f71791f,2025-09-19,5.0,city,PD
f71791f,2025-09-26,5553.0,city,MT
f71791f,2025-11-13,-5553.0,city,MT
f796894,2026-05-11,100.0,city,HF
fd9adda,2025-10-20,1500.0,city,SH
fd9adda,2025-11-26,100.0,city,AJ
fd9adda,2025-11-26,250.0,city,KB
fd9adda,2025-12-01,100.0,city,EB
fd9adda,2025-12-03,100.0,city,JW
fd9adda,2025-12-04,100.0,city,PJ
fd9adda,2025-12-13,100.0,city,IT
fd9adda,2025-12-15,250.0,city,NB
fd9adda,2025-12-15,150.0,city,WB
fd9adda,2025-12-22,3000.0,city,SH
fd9adda,2026-02-10,250.0,city,HL
